band,wavelength_nm,importance,importance_pct,communality,sd_pct
1,384,0.004467611601233976,0.7027044092912869,0.13321654864463336,0.04804536463637012
2,389,0.0044676116012337674,0.7027044092912541,0.13321654864463187,0.048045364636365925
3,394,0.004467611601233862,0.7027044092912689,0.13321654864462884,0.04804536463636915
4,399,0.004467611601233958,0.7027044092912841,0.1332165486446332,0.04804536463636975
5,404,0.003030286596653941,0.4766295602547147,0.0969256555334628,0.01532847757072613
6,409,0.002527675000301767,0.3975744819618628,0.07868917525250141,0.011407559509843497
7,414,0.0023200457026647733,0.36491675878215096,0.0716830055033893,0.00948192207267229
8,419,0.002103267791376976,0.33082006289730365,0.06519919762552687,0.008931634542083412
9,424,0.0019662272977253466,0.3092651544281215,0.06157075982190161,0.008154841825276683
10,429,0.0018348026338400319,0.28859355200495485,0.05660883847202668,0.007524278186754592
11,434,0.0017508806156027801,0.2753935745862257,0.0521014718096813,0.007090725428163567
12,439,0.0016619033137748882,0.2613984586491036,0.048880107054570646,0.007045981731983855
13,444,0.0015956856122525856,0.2509831685598747,0.046407253100163914,0.006952036107527586
14,449,0.001621569041097087,0.2550543370498984,0.047226230320181084,0.006510037348871261
15,454,0.001531562337714906,0.24089730797535622,0.04389102512056455,0.006387733572436176
16,459,0.0014480666710263393,0.2277643907981858,0.04049014193007489,0.006154422304818135
17,464,0.0014445375760300126,0.2272093043591494,0.040883699960323594,0.005693441473772869
18,469,0.0014418828357013272,0.22679174394857674,0.04138469403624221,0.005329274441523173
19,474,0.0013612911083844366,0.2141155833525352,0.03808241206070815,0.00547501392191892
20,479,0.001309913086638255,0.20603440583662638,0.036591096910169006,0.005309872561054638
21,484,0.0012231954585873966,0.19239471084214904,0.033465739669866414,0.005245998660462515
22,489,0.0011353702896749124,0.17858081228738015,0.030832764556062518,0.005205200624595435
23,494,0.0010701387876910203,0.16832064015063633,0.028785309970048124,0.005185337137126654
24,499,0.001036675006679354,0.1630571686210251,0.027949216568944203,0.0051072038026014396
25,504,0.0010528861009366775,0.16560698906891527,0.028277144034701735,0.0050882078095451245
26,509,0.0010043566466278377,0.1579738587596685,0.027395554784496335,0.004947573660713447
27,514,9.920597267696967e-4,0.1560396933540118,0.026900862169003247,0.005081421975783333
28,519,0.0010764248751255956,0.16930937009221106,0.03121661170525523,0.005051674332809424
29,524,0.0011724473089694835,0.18441260503643583,0.035681102327365044,0.005723248131171038
30,529,0.001344407377679913,0.2114599648542579,0.042832609744084774,0.006731725487913419
31,534,0.0015572713432703146,0.2449410416690573,0.05240292218650932,0.008078808377639659
32,539,0.0016303530888754352,0.2564359676964761,0.0576975259399811,0.009404272930648244
33,544,0.0017797794805499184,0.279939036822974,0.06443852163104691,0.0107230866879372
34,549,0.001998318122320174,0.314312675554253,0.0750927961334065,0.011996765622394441
35,554,0.002112095931354734,0.33220862874454465,0.0789717105817032,0.013203148043270052
36,559,0.002003747707154305,0.31516668739416115,0.077341968298927,0.01355254563333002
37,564,0.0018501252443344199,0.29100362407865193,0.07145938849434862,0.012572352143667654
38,569,0.001655084851861096,0.26032599226682385,0.06446385300597991,0.010234412688414378
39,574,0.0014646311210526038,0.2303697900830579,0.05746134471479539,0.009575012353581042
40,579,0.0013333963084197816,0.20972804909909937,0.05219138830037846,0.008565294182776698
41,584,0.0011874818689583647,0.18677737004712364,0.046192827143678096,0.0077118833000213854
42,589,0.0010855230447943051,0.17074040853362718,0.04250928897917643,0.00712217215273489
43,594,0.0010267739610751337,0.16149984694141487,0.03991431245218707,0.006782763683126733
44,599,9.760357090880635e-4,0.1535192979202782,0.037694010132486196,0.0066263108291490245
45,604,9.614789767419203e-4,0.15122968975432158,0.037556635678130966,0.0066415947275653975
46,609,9.360081184338537e-4,0.1472234139096245,0.03528720594706312,0.0065908059891559645
47,614,9.124680988764813e-4,0.1435208370040583,0.033933774339479944,0.006533398119374953
48,619,9.229695418492875e-4,0.14517259434994612,0.03205460339998612,0.0066162831835112745
49,624,9.970611204121959e-4,0.15682635559748317,0.03416650698991835,0.006841623747155888
50,629,0.0010057712887368534,0.1581963658476391,0.033781972591078485,0.0070566083475681884
51,634,0.001082166010297286,0.17021238525099744,0.03604098954494557,0.007154577675998989
52,639,0.001193320757685929,0.18769576072662844,0.03940674674861257,0.007498577887222899
53,644,0.001343507314625933,0.21131839518949622,0.04393340268253151,0.007481117623994374
54,649,0.0014465908068586675,0.22753225417783782,0.04672100922934077,0.007544472471081579
55,654,0.0016106508496660978,0.25333702991918833,0.051783723010435906,0.007884948563738736
56,659,0.0018829172293370463,0.2961614297492243,0.06227518604336219,0.008450368126915853
57,664,0.002129764211876639,0.3349876479914078,0.0730968724277151,0.01025108329547325
58,669,0.00246035066195162,0.3869851305065573,0.08771569127907974,0.013201985749684172
59,674,0.0029572728059492678,0.4651453227589857,0.10816541807083528,0.016622375552893465
60,679,0.002895035094669607,0.45535603979438416,0.10721341518825171,0.017997248807107274
61,684,0.0028281037834200357,0.444828507024586,0.1008626432777674,0.01584539267968656
62,689,0.002360565356865365,0.3712900387830019,0.07747018939472562,0.012487214598895308
63,694,0.0020624188083095095,0.3243949832174485,0.06488479470645012,0.01329051965820521
64,699,0.0022837172060877118,0.3592027001292964,0.07900288838841493,0.01292514311933685
65,704,0.0029017407256635747,0.4564107591583593,0.1095039461723901,0.011188576505729736
66,709,0.0036699348928780225,0.5772389502984175,0.1429583148475999,0.012818994126340189
67,714,0.004367998474031016,0.6870363991873021,0.1686400259604711,0.01894683314708798
68,719,0.004779616958728908,0.751779297621695,0.17670998680038227,0.02588529161179515
69,724,0.005111877093218962,0.804040031628516,0.18429521101279064,0.031089680439486077
70,729,0.004942965472554301,0.7774721579599969,0.1722826358180396,0.027763686593878286
71,734,0.004311755998048507,0.678190098436482,0.1505473361645166,0.022999398040556545
72,739,0.0038350472985583537,0.6032092507310277,0.1355739287646364,0.01913282100329081
73,744,0.0029986898332424895,0.47165974932432225,0.1048414338759157,0.0137153034618215
74,749,0.0025540353884833675,0.4017206707220327,0.08611516645520224,0.010094097095501867
75,754,0.00236077089419677,0.3713223674637252,0.07726030810815707,0.008537026082631167
76,759,0.0024302977797764943,0.38225815450655337,0.07941480950361603,0.008211193231396668
77,764,0.0022149849678512303,0.34839190206083975,0.0711471404570653,0.00792725083676379
78,769,0.0019786819667243537,0.3112241319765388,0.06420721479392126,0.007935047613062012
79,774,0.0018413418957858693,0.2896221034129558,0.059684458580628645,0.007856100979917534
80,779,0.001722155900734524,0.2708755041729464,0.05562636378294866,0.007697930250104832
81,785,0.0016163375936185413,0.2542314899588186,0.050992748748281073,0.007500598344943463
82,790,0.001523060421575471,0.2395600534215012,0.046928415497609906,0.007273964366129622
83,795,0.0014428285289500406,0.22694049072314512,0.04383559191338338,0.007022302029231907
84,800,0.0013662433862360107,0.21489452024162725,0.04084556047806803,0.006770949166146017
85,805,0.0012992083837279008,0.20435067801812457,0.03844492778850442,0.006486385238395815
86,810,0.0012427171125350158,0.19546524461501813,0.03644829584345517,0.006211861212892003
87,815,0.001190697902364956,0.18728321546453094,0.034648958427067084,0.005902183132105949
88,820,0.001133010840829562,0.17820969786313903,0.0331216840650989,0.005615179058932439
89,825,0.0010921418326119885,0.17178146845530096,0.03224706798004476,0.005393978527960372
90,830,0.0010615800880712793,0.16697445420221357,0.03183618287606697,0.0052071904909737595
91,835,0.001045151451781121,0.16439041687082415,0.03168079984883826,0.005019617906778793
92,840,0.0010512808595969792,0.16535450289328824,0.0322224784586296,0.00484192370790476
93,845,0.0010667554434081181,0.1677884786384115,0.03292391022148911,0.004659213532280157
94,850,0.0010780212732758696,0.16956046533488436,0.03338202922512878,0.004469901011989489
95,855,0.0011019457452923636,0.17332351223254058,0.0340932564062304,0.004253355089690343
96,860,0.0011382244281986787,0.17902973576247025,0.03515646176098548,0.004063865735644088
97,865,0.0011796940580536064,0.1855524361115083,0.03638567895283234,0.0039113386046662636
98,870,0.0012113387612844944,0.19052978742936172,0.03716321257347179,0.0037272598678859945
99,875,0.0012336169697537527,0.19403389582547526,0.037724324768478895,0.0036398384390692613
100,880,0.0012454191530364728,0.1958902448039184,0.03785530833200349,0.0035433627246970775
101,885,0.0012491862675860375,0.196482769007131,0.03780065311225627,0.00354169963288858
102,890,0.001219035152731909,0.19174034212579869,0.03672005081504389,0.003561472055848794
103,895,0.0011432315413413146,0.1798172976181559,0.03502840328305001,0.0038038918815759483
104,900,0.0010920615301803314,0.1717688377976165,0.03392124044936752,0.004083638726417522
105,905,0.0010926667641382945,0.17186403420430416,0.03337590193595185,0.004126794810522225
106,910,0.001072565922440284,0.16870240079647686,0.03299007696618781,0.004194778309324683
107,915,0.0010685660037908725,0.16807325916049143,0.032940854382757075,0.004306585047881645
108,920,0.0010545987012348602,0.16587636158566543,0.03234485003271755,0.004336464943575535
109,925,0.0010201132871747779,0.16045219881610814,0.031192434379461953,0.004272927739868152
110,930,0.0010836066621391382,0.1704389833736372,0.035527991933106406,0.00440180489857119
111,935,0.001508142452117649,0.23721362677313523,0.053543579587401316,0.005663646774028201
112,940,0.001476907671276047,0.23230075157723004,0.05462244509575105,0.005981190086984132
113,945,0.0014135859832945293,0.22234097142622286,0.054305900768833064,0.006033631410017608
114,950,0.001449784267595892,0.2280345491715043,0.059821013991714536,0.007129331848617356
115,955,0.0014439225437089167,0.22711256678156516,0.061970844548119484,0.008248564109359756
116,960,0.0015000373170427587,0.23593878136055418,0.06646731452455172,0.0098210703358027791
117,965,0.0014873591158896915,0.2339446447508092,0.0655698500721109,0.011024080261556834
118,970,0.0014999879900289505,0.2359310227832216,0.06255101988160487,0.01079386036787064
119,975,0.0015780853390168512,0.24821484608437883,0.061804682259161796,0.010613740005729176
120,980,0.00160016102296422,0.2516870996803835,0.06157944045377671,0.010740069127198269
121,985,0.0018075122015270945,0.2843010778981032,0.06499563761802267,0.010735501981940418
122,990,0.0018744825904020513,0.29483475713319746,0.06352085970802854,0.009634017037965792
123,995,0.0019274787710654698,0.3031704526125215,0.06296908298782146,0.008799094351485298
124,1000,0.0018859142450007847,0.2966328261707579,0.06054140184141931,0.007813111787859412
125,1000,0.0017117338445145568,0.2692362334588965,0.053532886396572665,0.0063908499693019335
126,1010,0.0015575821131222694,0.2449899222264413,0.04737999579892718,0.0053708671490021506
127,1010,0.0014066267256667897,0.2212463594821013,0.04170118143946036,0.004566637568705335
128,1020,0.001330683907660568,0.20930141935967933,0.03867603123900452,0.004080228856994245
129,1020,0.0013246147951921682,0.2083468171084784,0.03840197976947305,0.003928856782292613
130,1030,0.0013420004071707083,0.21108137581366512,0.03925471763355233,0.003999006393233612
131,1030,0.0013340563682785272,0.20983186899539666,0.03937256357969947,0.004044336769711536
132,1040,0.0013786722401769574,0.21684943737549994,0.04155302539680795,0.004219057425011336
133,1040,0.001444335333765898,0.22717749395497308,0.04419563844204419,0.004410971522157127
134,1050,0.0014838042923349536,0.23338551150263767,0.04625766523263644,0.0045391558425877075
135,1050,0.0015536833748078982,0.24437669510449883,0.049201510617882895,0.004816562800676021
136,1060,0.0016144471650202125,0.2539341470762974,0.05166136555350153,0.005094474300394747
137,1060,0.0016659058756933786,0.26202801604120274,0.05371270370733599,0.005368945781451883
138,1070,0.0017120395067910404,0.26928431065284497,0.05559264020904219,0.005718897746648634
139,1070,0.0017431983435608094,0.2741852407114151,0.05683872987847852,0.005923865254801475
140,1080,0.0017708397065551757,0.27853291221660975,0.05784240638169832,0.006155381150670232
141,1080,0.0017513804654559766,0.2754721952737823,0.056765738256654985,0.006327785324193542
142,1090,0.0017229948555674889,0.2710074622106948,0.054604638045944266,0.006558102148703095
143,1090,0.0017299715151417264,0.2721048112827553,0.053583212173343234,0.006722716184246814
144,1100,0.0017849572822773996,0.2807534460485504,0.05396254499733659,0.006739026066382168
145,1110,0.0019402236124058674,0.30517507096456037,0.05765935566108516,0.00678532073869693
146,1110,0.002412209193320155,0.3794130259243808,0.07180745757984869,0.007932724354041349
147,1120,0.003624793550560652,0.5701387314076389,0.10712574106938505,0.012764488055672318
148,1120,0.005242133660296999,0.824527905731001,0.14346280963214383,0.02014270342303602
149,1130,0.005662884864260044,0.8907072768647373,0.1407242536292925,0.022140531685243357
150,1130,0.004290326169484597,0.6748194305346312,0.10422414859177867,0.01612494276053023
151,1140,0.002884601724959683,0.4537149895972488,0.06980491064318084,0.010046800625996768
152,1140,0.0022531356571259794,0.3543925708663965,0.05505821925655491,0.007501989365308191
153,1150,0.0023104351470025074,0.36340512786111295,0.05863838415382978,0.008153624741263951
154,1150,0.0021477533372342415,0.33781713247582207,0.05913456691097625,0.007936593385028784
155,1160,0.0017286807890724966,0.2719017947761762,0.05177347539688686,0.00727212353703125
156,1160,0.0014331029722339753,0.22541077144645064,0.04398591039102671,0.007079608750282571
157,1170,0.0012595081894923434,0.1981062897343845,0.03736437261519511,0.0068835825287861495
158,1170,0.0011855826646003115,0.18647864683757237,0.03394174562647169,0.006772239330806172
159,1180,0.0011523272213131246,0.18124794445861264,0.03207147163958655,0.006705722956803023
160,1180,0.001140376083600343,0.17936816664522812,0.031335981544559174,0.006698865432429182
161,1190,0.001142244086070311,0.17966198215323934,0.03154162325102528,0.006769322287199121
162,1190,0.0011469140779634237,0.1803965186769019,0.031885845717627245,0.006850693360953723
163,1200,0.001131915997401316,0.17803749146446743,0.030955560888507466,0.006859733183285308
164,1200,0.0011121962919477706,0.1749358064459433,0.030282473346510592,0.00690385335640803
165,1210,0.0011015958076813512,0.17326847103286078,0.030110456246646676,0.006996759461321484
166,1210,0.0010726060052187272,0.16870870536089802,0.029140443815153516,0.007079167136331023
167,1220,0.0010461279309348839,0.16454400591754,0.0282568159522756,0.007199327965432102
168,1220,0.0010300524015329838,0.1620155082770363,0.02761139093921194,0.007345653251563564
169,1230,0.0010379793592322723,0.16326232841825383,0.02789212495582722,0.007550312965595021
170,1230,0.0010693248339966022,0.16819261450716533,0.029221419447604258,0.007813586781386453
171,1240,0.0011008893036329609,0.1731573459946303,0.030308555021675142,0.008044093913650503
172,1240,0.0011342660234927911,0.17840712379686915,0.0313944549651644,0.008295785569800611
173,1250,0.0011625510158566035,0.18285603086957247,0.032308298759708774,0.008556492629424763
174,1250,0.0011990434251002244,0.1885958711175635,0.03361033209447509,0.008841911979907559
175,1260,0.0012297020925845514,0.19341813024552384,0.034548726290212564,0.00914737499289354
176,1260,0.0012560968887333096,0.19756973098694777,0.03522041335279244,0.009416865461603417
177,1270,0.0012972777600562596,0.20404701290847857,0.036623729805792066,0.009689158945921242
178,1270,0.0013672745051630912,0.2150567035022229,0.03933740715465887,0.009992425886772878
179,1280,0.001437364591127493,0.22608107554951254,0.041469168120834614,0.010344719371159697
180,1280,0.0015000237445127469,0.23593664655620328,0.04322385260271986,0.010710740527450996
181,1290,0.001551807423797307,0.2440816293815983,0.044502460023857916,0.010996736622203759
182,1290,0.0015985296290692715,0.25143050000574874,0.045589161954142844,0.011259774967366002
183,1300,0.0016457292245358225,0.25885445866901957,0.046753916083564474,0.01143739381371837
184,1300,0.0017105500808358579,0.2690500409178191,0.048688139980703316,0.011565151155903586
185,1310,0.0017922707040830307,0.28190376398317224,0.051434082107975426,0.011649607454333242
186,1310,0.0019006852928792656,0.2989561437284423,0.055277868087840354,0.011704142435873578
187,1320,0.0020248610340681786,0.3184875731920872,0.06004069787778868,0.01183577108808053
188,1320,0.002186249506596833,0.34387214136344457,0.06675762921431345,0.012141687036306647
189,1330,0.0026715695136879216,0.4202074496534469,0.09285269844828299,0.015133611600388366
190,1330,0.0030799593341585617,0.48444251598623456,0.11131174292920218,0.018910774169272667
191,1460,0.0032690548285754222,0.5141850830587934,0.096222206452621,0.017834355710705994
192,1460,0.002713096150454289,0.42673911654022467,0.07141263137452827,0.013387634450002133
193,1470,0.002761583758071167,0.43436566484154854,0.07611258160291151,0.014232793646488984
194,1470,0.0043211306538398055,0.6796646249952173,0.1353407226739336,0.0227905959181144
195,1480,0.002870303577591538,0.45146605390249916,0.0789306274078841,0.014777352074546377
196,1480,0.0027762083980814867,0.4366659541094677,0.07605330677221256,0.015003134776676065
197,1490,0.0025779066645505977,0.40547535050288447,0.07255592332419844,0.014171616082163132
198,1490,0.002121777771452975,0.33373147189528046,0.056537137452287056,0.014235668419183679
199,1500,0.001832011813069378,0.28815458769110563,0.04961895607813086,0.013259350562414111
200,1500,0.0015353570543896495,0.24149417367841258,0.0400740847646575,0.012549040333754678
201,1510,0.0016619893530882889,0.26141199165293105,0.044287994319114767,0.01241728093499648
202,1510,0.0015096552903269664,0.23745157898902122,0.04092337683508693,0.011717869698355282
203,1520,0.0015132087328425295,0.23801049501546356,0.04077447642385436,0.010727875312545522
204,1520,0.0015203270027792234,0.23913011778429577,0.041140869921640136,0.010426160717244481
205,1530,0.001432955929501691,0.22538764329979127,0.03987057932967478,0.009665296305803822
206,1530,0.0014961236920662693,0.23532321273625123,0.0415845337613462,0.00916797724337773
207,1540,0.0014047569203153153,0.22095226040136776,0.03982878958114352,0.008180744328302698
208,1540,0.0013892822505148755,0.21851827113110703,0.03977136386659035,0.007545598287220356
209,1550,0.00136142418206623,0.21413651432668948,0.039070863510747074,0.00706178312696501
210,1550,0.0013539862688972566,0.21296661531883487,0.03900324846319373,0.006504468323807236
211,1560,0.001472840550488844,0.231661039810545,0.04470533053292033,0.006429499212456785
212,1560,0.0013637878818239862,0.21450829737102517,0.04041325619183816,0.005715649534585162
213,1570,0.0012068854521362896,0.18982933263299662,0.03370503207453887,0.004649548400111361
214,1570,0.0012743484976864702,0.20044050115069786,0.03664123203546193,0.0046963410368818
215,1580,0.0013322897607197586,0.20955400175181374,0.036248582321265474,0.004436923262986205
216,1580,0.0012658507925588447,0.19910390894102808,0.03594676004345042,0.0044848658087242935
217,1590,0.001258842036329472,0.19800151143076383,0.036435164000969765,0.004433776544763444
218,1590,0.0012243957832119411,0.19258350823134363,0.03651473947626332,0.004710808785344936
219,1600,0.0011572100243239921,0.18201595374672752,0.034082102676655956,0.004530019410626827
220,1600,0.0011403644938261547,0.17936634370578042,0.03432741137624248,0.004750799865769118
221,1610,0.0010681193571016525,0.1680030067245313,0.03271532980929581,0.005423178109470353
222,1610,0.0011295441078793345,0.17766442026351792,0.03290497204380285,0.005278972795946702
223,1620,0.0011032078956244005,0.1735220341011976,0.032720242815603325,0.005767284001090321
224,1620,0.0010436002117184436,0.16414642448088326,0.03006666999135445,0.005882561001988454
225,1630,0.0010666672226024546,0.16777460251070295,0.030962449375074044,0.006229516126662782
226,1630,0.001123814250424743,0.17676317896115407,0.0327204856668121,0.006747937507681657
227,1640,0.0010751476379359708,0.1691084752327268,0.029973922177585616,0.006625229780794125
228,1640,0.0011349799518114358,0.1785194165882324,0.033381097526434964,0.00702805994368354
229,1650,0.001117472318893389,0.17576566537933888,0.03277023601279338,0.006853806466621522
230,1650,0.0012336808093443676,0.1940439370658105,0.03612966996263104,0.007074378761550033
231,1660,0.0012077316700472307,0.18996243307016875,0.033479387096059944,0.006521730534816556
232,1660,0.0012896501817459553,0.20284728173458133,0.034779664952443036,0.006621444678090485
233,1670,0.001295956260044074,0.203839156011253,0.03408323666935494,0.0062147505674464264
234,1670,0.0012702330590877978,0.1997931895427112,0.033221421252366747,0.006150668830651954
235,1680,0.0012110309579660577,0.19048137347390504,0.03173779292672945,0.006068930390708173
236,1680,0.001111181258321462,0.17477615321991335,0.029720142710230428,0.006104984450048999
237,1690,0.0010881884146812756,0.17115964085262486,0.02957529973567453,0.00597114978733006
238,1690,0.0010938902171769814,0.17205646942956157,0.030527446014602538,0.005721625757498101
239,1700,0.0011003434542523373,0.17307149010544173,0.03125587438746297,0.005425550012523903
240,1700,0.0011529977191629998,0.18135340613200374,0.035309820673464075,0.004956489699214678
241,1710,0.0012877484609699673,0.20254816272115625,0.04196191441487832,0.004709560328294693
242,1710,0.0013141275571062654,0.20669729402947665,0.04715427898629254,0.004831915080727079
243,1720,0.0013151735191082924,0.20686181193666728,0.04753662012705187,0.004559723483029735
244,1720,0.0013190418432555524,0.20747025525660506,0.04812842617596723,0.004726302700426364
245,1730,0.0013132622792929411,0.20656119568679238,0.04932756834927531,0.004412847850146124
246,1730,0.0012821073692094204,0.20166088325123582,0.04502875924566779,0.004087988224394587
247,1740,0.001159912961072025,0.18244109490500401,0.041001227112995094,0.004446002327814754
248,1740,0.001067553236182825,0.16791396235331912,0.03397975517667236,0.004714776683254422
249,1750,0.0011229729387201553,0.1766308502143492,0.036857025370551445,0.004666513752531007
250,1750,0.0010630379818862509,0.16720376429080233,0.03554217056131059,0.005068243029028816
251,1760,9.751285362731403e-4,0.1533766099711155,0.033082286889313486,0.0048971620426517355
252,1760,0.0010285293918560567,0.16177595620516994,0.03376563384665144,0.005384729494151034
253,1770,0.0011872162886306936,0.18673559728710487,0.041018722983731416,0.005940665115230769
254,1770,0.0011927813476445164,0.18761091767214,0.04102228734103258,0.0057418890479613224
255,1780,0.0019049963825198521,0.29963422901644127,0.06873359018678875,0.008926911930558327
256,1780,0.002210226131157471,0.3476433912621664,0.08687199975493409,0.014510150496173402
257,1790,0.002614408622379165,0.41121669263450894,0.10626737412406527,0.01566115047866669
258,1790,0.003921547615648487,0.6168147651870162,0.1519609924495134,0.030989437019451636
259,1960,0.004467611601233966,0.7027044092912853,0.13321654864463323,0.04804536463636991
260,1960,0.004467611601233966,0.7027044092912853,0.13321654864463323,0.04804536463636991
261,1970,0.004467611601233966,0.7027044092912853,0.13321654864463323,0.04804536463636991
262,1970,0.004179777779007747,0.6574314280935324,0.1079111521770149,0.01654513793289193
263,1980,0.004073527541716131,0.6407194761833793,0.11690790310495146,0.014646109283865665
264,1980,0.0036209874851034895,0.5695400806703947,0.09198459266994433,0.014870557334286421
265,1990,0.004398395597808477,0.6918175204697105,0.14050557552925644,0.01765380021982969
266,1990,0.0036700799313077953,0.5772617631911252,0.09401605590786867,0.014308007985545082
267,2000,0.00377279566154607,0.5934177774073283,0.09021725701681478,0.01366253499209388
268,2000,0.004550939281391733,0.7158109041008842,0.11177810901829062,0.014052838544360853
269,2009.9999999999998,0.007745836607177585,1.2183318567823036,0.25255142974276934,0.04268594698483822
270,2009.9999999999998,0.005221220854156694,0.8212385595663999,0.1408769622155805,0.014680758650331416
271,2020,0.00442338084609489,0.6957474153901307,0.13652689791806097,0.016028258450060152
272,2020,0.0025370188266447603,0.3990441593995926,0.06710266680814851,0.006827026449379366
273,2029.9999999999998,0.0019620137517734047,0.3086024116511166,0.04871025282559064,0.00699703982736981
274,2029.9999999999998,0.0015914954864335988,0.25032410950297856,0.04363700067723163,0.006083420726663235
275,2040,0.0014742708595929853,0.2318860111383686,0.04344794298944255,0.006579216164155538
276,2040,0.0013091878182445549,0.20592032938064442,0.0392973755547279,0.00766192651081409
277,2050,0.0011423181294434213,0.17967362833231837,0.03289296386072201,0.007949512991484371
278,2050,0.0011562766334701317,0.1818691419987191,0.03516636503344675,0.007372535250950765
279,2060,0.0014707984570625052,0.2313398417783623,0.04978099835922579,0.0079271012881121
280,2060,0.0013224204535983964,0.20800167217398838,0.041341110818271284,0.007872249503497521
281,2070,0.001522836926829248,0.23952490024400003,0.04767474668819549,0.00883874581925406
282,2070,0.0016476626650137266,0.25915856683020133,0.049022484484113435,0.009192461904989119
283,2080,0.0016936758284471828,0.2663959132506466,0.04888006417245398,0.010313999894554178
284,2080,0.0018268915176564626,0.2873492235536914,0.05016621295820393,0.010729564266932872
285,2090,0.001874072644546919,0.2947702773203389,0.050319719995595924,0.009764094980788295
286,2090,0.001865452437563044,0.29341441696423737,0.05118263734828027,0.009565952396639937
287,2100,0.001998224447996196,0.3142979416502407,0.05304358609364538,0.009382210558779813
288,2100,0.0019628591098949494,0.30873537685321156,0.05285403723404564,0.00766565768192171
289,2110,0.0018679588237469676,0.2938086429579078,0.049720320417706326,0.007737166882134413
290,2110,0.0018454033582005107,0.29026092518209773,0.04701641811677117,0.007270942331619699
291,2120,0.001776697615216402,0.27945429451500214,0.04824392430478255,0.006395971760213552
292,2120,0.0018294121616163803,0.28774569213309936,0.04871694734549079,0.006253670743515216
293,2130,0.0017141687889602895,0.26961922248102255,0.04662600944132189,0.005837343807116939
294,2130,0.001562869330086751,0.245821541222326,0.042519277534519694,0.005397421306396385
295,2140,0.0014529380579913521,0.22853060447234072,0.038495734843061596,0.005141021468669565
296,2140,0.001348458888605717,0.21209722136757425,0.0384576579821699,0.0037886026893316892
297,2150,0.0012253344394031716,0.19273114815693698,0.03471869562333894,0.0036458848424227707
298,2150,0.0011878527880621501,0.1868357113965929,0.03574363782851418,0.0034342005782863677
299,2160,0.001202698177432968,0.1891707220241144,0.04150367084470713,0.0048166525897114214
300,2160,0.0011783322263231705,0.18533823549446587,0.0414935377815992,0.005198608432228123
301,2170,0.0012958732264586386,0.2038260957741929,0.03998196187076933,0.00491605638058434
302,2170,0.0014664654790686133,0.23065831370174325,0.045105765460217155,0.005208271777237433
303,2180,0.0017991304129409498,0.28298271803987285,0.057817613643896,0.006343143849089912
304,2180,0.0020590500731046185,0.3238651195467664,0.07068502090187927,0.00728157799612005
305,2190,0.003031332040377101,0.4767939966425438,0.10058099893216305,0.010228423286362193
306,2190,0.0033672614543761898,0.529631866515251,0.11406799551413235,0.011237320907550405
307,2200,0.0038015590375732843,0.597941928780479,0.11525051200420146,0.014495600297298296
308,2200,0.0035946879104155924,0.5654034571799895,0.10644164980829351,0.01553479724578529
309,2210,0.003432065890808074,0.5398248661058475,0.09341275290050785,0.01676704561833176
310,2210,0.0030908288249684047,0.48615216306404185,0.07786102736110495,0.01606546667036305
311,2220,0.0029361211325835807,0.4618184055010369,0.08783779488692611,0.013965147198649545
312,2220,0.0027811089215339117,0.4374367506211661,0.11174404228699161,0.01604793761279608
313,2230,0.0027160123345319415,0.42719779907411043,0.11998441730640486,0.018494683962496324
314,2230,0.0022310882378823826,0.3509247629863001,0.10139525434741938,0.016174735684819964
315,2240,0.00184396098082605,0.29003405565283613,0.09120739195095345,0.01598968382239861
316,2240,0.0016669908461924288,0.26219866954058546,0.08147484285078024,0.013918016890859206
317,2250,0.001468687705387107,0.2310078445857658,0.07738828126946848,0.014126807874147657
318,2250,0.0014029286842231613,0.22066469969156316,0.06971309765553987,0.012584537672306398
319,2260,0.0012062480045541965,0.18972906939021492,0.051493824930991666,0.008665826092380547
320,2260,0.0011279752655542583,0.17741765923822886,0.042530236444965445,0.0063555100680401325
321,2270,0.0011496378819863774,0.1808249420198009,0.03417836541170565,0.005041242780593168
322,2270,0.001312960774785707,0.206513772462581,0.037446469260445904,0.004924992221594857
323,2280,0.0013359214157940569,0.21012521972273795,0.03672169447215997,0.004690213552672715
324,2280,0.001362965299383923,0.2143789145241639,0.04149442402639594,0.004401823279582662
325,2290,0.0013159809426789852,0.20698881046606826,0.04068843985934038,0.003983277590380952
326,2290,0.001439048139378437,0.22634587851019652,0.04979912622010259,0.004671148586631016
327,2300,0.0015293210835777677,0.24054478423222814,0.05982954256367329,0.005818234060100218
328,2300,0.0016401994821103067,0.25798469318099426,0.06281056402559604,0.006094926789966619
329,2310,0.001669126925920462,0.2625346505473211,0.05949267728367945,0.005653648695213797
330,2310,0.0015009519271207354,0.236082639106469,0.05256006598065973,0.004764352945456531
331,2320,0.0014992082489678395,0.23580837839721527,0.0541698016246719,0.004887210105042766
332,2320,0.0014455361760258147,0.2273663727623147,0.05045435598859282,0.005018900909089862
333,2330,0.0015839266463774622,0.2491336171873085,0.054746151839939146,0.005372045935016295
334,2330,0.0018802007986935265,0.2957341661549118,0.061663064282713814,0.006210633562766389
335,2340,0.001662534442110542,0.26149772794641,0.05749795070821699,0.005469007471878469
336,2340,0.0015543161275490423,0.24447621990228344,0.053263605762492054,0.005633257109560389
337,2350,0.0014687544184625212,0.23101833779252484,0.05272657573950713,0.005292611026464854
338,2350,0.0011600797397199086,0.18246732728635318,0.039473571388231155,0.006186903576571984
339,2360,0.001070002219480082,0.16829915952685764,0.032502648785904066,0.006264263726200153
340,2360,0.0010203241290107714,0.16048536183497372,0.03401004529535668,0.0060654832552603085
341,2370,0.001229563805355794,0.19339637923982547,0.03933865820575907,0.007374851517294038
342,2370,9.459396156468213e-4,0.1487855252803822,0.02906850293256462,0.006531728598131585
343,2380,0.0012282411032528444,0.19318833326741713,0.040597074381478616,0.007041325168856088
344,2380,0.001869882201797422,0.29411116841388407,0.06317586008969164,0.015408822662209637
345,2390,0.0014626306536541284,0.23005513935084923,0.0464194717041273,0.009179438731128725
346,2390,0.0015907038942678425,0.25019960107322076,0.05270379653653333,0.010548452972929275
347,2400,0.0014818602222496419,0.2330797314253045,0.04907634238283212,0.008933209467556649
348,2400,0.0015990312615500346,0.2515094010803136,0.05279583620639089,0.007954839404970462
