band,wavelength_nm,importance_pct_2018,importance_pct_2025,importance_pct_Both years,sd_pct_2018,sd_pct_2025,sd_pct_Both years
1,384,0.6296673345482304,0.7892974268431306,0.6967856164246,0.056645935554825506,0.06091589824666731,0.049089418197433295
2,389,0.6296673345482231,0.7892974268430959,0.696785616424577,0.056645935554819914,0.06091589824666267,0.04908941819742908
3,394,0.6296673345482097,0.789297426843109,0.6967856164245807,0.056645935554824084,0.06091589824666582,0.04908941819743226
4,399,0.6296673345482278,0.7892974268431295,0.6967856164245976,0.05664593555482537,0.0609158982466669,0.0490894181974329
5,404,0.5140666970370451,0.5315302331137264,0.5170938478534441,0.03298594007993604,0.031003537516521684,0.01922333459585601
6,409,0.414282335107779,0.4312392095372518,0.4185869973504273,0.02053861629407008,0.020575609892218568,0.013938969252592146
7,414,0.38270733311284316,0.3905429696466765,0.3813358756436816,0.01796778607292323,0.018163815203661608,0.011628888853074521
8,419,0.3411553111382754,0.35228394446319056,0.3433728284660099,0.016965445125468773,0.016479710761821493,0.011157692448667766
9,424,0.3222410945676524,0.3281687990956063,0.32233056210113376,0.014902126980139882,0.014485708244963367,0.01006457354719994
10,429,0.29593241471748677,0.2998931727075777,0.29562373730661584,0.013900188766103385,0.013685968035639507,0.009587051637761307
11,434,0.27974085952542677,0.27975930148350037,0.2779596141336299,0.012169514557952626,0.011773490262405687,0.008337384770317358
12,439,0.26552455500320715,0.2641786711435102,0.2647097854717696,0.011486309600847485,0.011040741129462293,0.008035337874954874
13,444,0.2538896468439892,0.25068661372942685,0.2533829093151795,0.010860081446243893,0.01030855184999634,0.007730252350027844
14,449,0.2610618247960851,0.2530124930668175,0.2571142671692688,0.009720022786486232,0.01017286680573086,0.007214148043628928
15,454,0.24380793787082822,0.23541401689484576,0.2410528797909725,0.009147405545485321,0.009341726070927453,0.006811510177149209
16,459,0.2280369381529174,0.21795845956717708,0.2255584828923006,0.00883110204132849,0.00854595647575573,0.006215901605363462
17,464,0.233398264998466,0.21786891785893156,0.22745162785873313,0.007786374156466216,0.008501149025482076,0.0055566276250200355
18,469,0.23990736946868824,0.21429245628586244,0.22705863636259047,0.007361260476391397,0.00850359979755312,0.005256612486785416
19,474,0.22072321328625727,0.201440201604344,0.21379270773316197,0.00803073654023363,0.008231068931304843,0.004991678119421967
20,479,0.21508462842890858,0.19425723467515296,0.20707757401500068,0.007847489551684803,0.00819453105727424,0.004807630614047825
21,484,0.19865494980320889,0.1772586777373582,0.19079061426892957,0.008299799692736426,0.0077695305210121425,0.004492001070566144
22,489,0.18262128992642862,0.16373776167689674,0.17652784374411729,0.008531257138659137,0.007497992430400629,0.004452605060009112
23,494,0.17163971317147927,0.15234514073240218,0.16572946811845587,0.008524959027651829,0.007412967255489133,0.004304475672237511
24,499,0.16639051491846035,0.14746535893509882,0.16044156717417013,0.00833401869074428,0.007136130388823273,0.004198296059160401
25,504,0.169455029327592,0.15055843588374118,0.16337140086891105,0.008026930260362195,0.006927042128641485,0.004113927504586737
26,509,0.16222411239664594,0.14201531869480838,0.1549385877819571,0.007478842061747984,0.006578259765951497,0.004002497856463268
27,514,0.15839744122849136,0.1407820967164851,0.15278693714092995,0.007180164436962196,0.006350380525992011,0.004282224940259137
28,519,0.1776955902327246,0.15918652117141524,0.17022304969223517,0.006956785555204301,0.006578000752606187,0.004728823663408922
29,524,0.1971503039020755,0.18143157845074556,0.1909344322703648,0.0084942729926883,0.007493621919898427,0.0058607359129064715
30,529,0.236065397393449,0.21706333214316142,0.22632682766030437,0.01138537435823248,0.009631142931834683,0.0071986953036008395
31,534,0.28632928514726724,0.26337753587762097,0.27128150624414726,0.016404626067469834,0.013512063010946502,0.008989564374662976
32,539,0.3111325514394854,0.28428463288080963,0.2912641818417662,0.02046798255483471,0.016016883951190913,0.010336600726013435
33,544,0.3481352524833312,0.317572293227528,0.3237504365439968,0.024467017298065323,0.018912257570553176,0.011802909396785011
34,549,0.4028260663034585,0.3678252723985337,0.3716211771691649,0.028621963909149353,0.02212512317293131,0.013281048746009359
35,554,0.4329943641904442,0.3900028590875627,0.39451099887547525,0.032593957617084536,0.025117544966252354,0.014775424830646533
36,559,0.41744207312998,0.3785695355955882,0.37972285096998404,0.0331819510680392,0.025536977969519474,0.015159688967464018
37,564,0.3864965933115916,0.350694489313074,0.3502943473474106,0.03083542457768147,0.023371592346290306,0.014209820154470226
38,569,0.34359901811256544,0.3091674573516765,0.3082474020784626,0.02419283694132605,0.018618522769135223,0.011855072699218221
39,574,0.3054235379935172,0.27600535102515733,0.27312850848607423,0.02179553474384854,0.016657062103839243,0.011208754784135933
40,579,0.2736017263815795,0.24501205335039145,0.24287891389820518,0.018736610707775107,0.01415785206330449,0.010052999113389124
41,584,0.23893875310100757,0.21392277440810475,0.21155041641262634,0.015484802164236236,0.01153146744301423,0.009012505375885944
42,589,0.2148073488646678,0.19195714877130782,0.18907953865311328,0.012624506608287074,0.009418953490112953,0.008297810535219382
43,594,0.19913687118531379,0.17618102257120008,0.17370938027951005,0.010801664261503665,0.008493689210654704,0.007844805817314506
44,599,0.1849076233635456,0.1638259059893873,0.16115161450203533,0.009820663164453734,0.007954840199184342,0.007554258860156687
45,604,0.1800835329148341,0.16137129085590649,0.1581647039051924,0.009366586357962257,0.007770430404721318,0.007421695479977859
46,609,0.16800761278359053,0.15113106248253116,0.1481204241793876,0.008612512074212758,0.007692049893993784,0.007333074735039746
47,614,0.15707826892157623,0.1432860521502529,0.1400859961583404,0.007967687211513873,0.007770204870841856,0.007197746017933148
48,619,0.14752471987401672,0.14008949128027876,0.135692106031565,0.007669040722264916,0.008323029232432196,0.007259662990343214
49,624,0.155804624754876,0.152676123834576,0.1466446084703326,0.007661577624754672,0.009169235413173263,0.0074269341560245245
50,629,0.1526869637530713,0.15268756989151122,0.14547060445180754,0.0076200047809411664,0.009649726576805743,0.00760191352309986
51,634,0.16270478622153076,0.16638574919332216,0.1578640383991557,0.007646861132296714,0.010184525562929559,0.007720725837388612
52,639,0.1789641055915962,0.1844258665039818,0.17430270763158034,0.007685253745949303,0.010847668547698577,0.00799668545351062
53,644,0.200937660919401,0.2122007707716979,0.19985105307289167,0.007895588504790248,0.011311499939944505,0.007987263785138182
54,649,0.2130743001711461,0.23268189303127818,0.2163523356036615,0.008320946722532885,0.011989983744688083,0.00825430736553122
55,654,0.23863992375742588,0.26484506838095273,0.2456749229006978,0.008749983219118069,0.01294840579514074,0.008236723974934633
56,659,0.28881409310625417,0.3212910928072295,0.29705775298801956,0.010498927253105153,0.014713584189825237,0.008676186264238396
57,664,0.34076503749303505,0.3821764653075445,0.3509735605045553,0.014188902659570048,0.01876089265861088,0.010107281285365395
58,669,0.4071403269332586,0.4591281042337595,0.4193961715227351,0.01894417087686025,0.024278587473711588,0.01276930321171026
59,674,0.5006071665507505,0.560531228435633,0.5124104966875642,0.02427824201976378,0.030028805361468958,0.015925036106825906
60,679,0.4989331928854244,0.5624551615568139,0.5109152940189743,0.02637767521991995,0.03317967177377517,0.01754661664832216
61,684,0.46731823429929814,0.5378540213156333,0.48716476062732017,0.022077263118374785,0.02931192197791364,0.014927917517887258
62,689,0.36078955165171667,0.42206055471289894,0.38110372364824296,0.013732130534341294,0.021351282108105985,0.010676988705669492
63,694,0.30202286168807285,0.34682955890225925,0.3156966663221493,0.012114577832510617,0.019450455911148832,0.010862422031077078
64,699,0.36536414333370865,0.3875748410135902,0.36194334427907005,0.014258853471024248,0.020520092503717537,0.010321211973058292
65,704,0.5119612756197988,0.5058022684478273,0.4855947758412628,0.02231526891639043,0.023248780798494267,0.012125739474314633
66,709,0.6739425192760704,0.6290907796002563,0.6226969890289434,0.03248263328699461,0.027650307830512318,0.019185779539994983
67,714,0.7977616366490791,0.7034693081836898,0.7294495137209075,0.04157614026264949,0.0334947546150673,0.027973119742138394
68,719,0.824904842014815,0.7172249361822821,0.7719459039724709,0.044713255826390824,0.04281577128184942,0.035227761773874905
69,724,0.8467895564604155,0.7346964244699458,0.814815348486292,0.04525563581939742,0.05131359112679062,0.040354640829445794
70,729,0.7884240512100613,0.7249093605891106,0.7959215364752052,0.04113104780732794,0.04515313729815638,0.034740109009724324
71,734,0.6882813195455684,0.6611213802887859,0.7153935428891561,0.04120406496676769,0.03754834259187527,0.029313387134005626
72,739,0.6261689927327365,0.6270662717023361,0.6573704023584142,0.03954054759642396,0.032112279629615756,0.02547690658659207
73,744,0.4897632011253221,0.5053434075726088,0.511880526376118,0.03046561201968173,0.024284306956268587,0.019979995546157824
74,749,0.4017928878889288,0.41844932837887744,0.41852187743159436,0.022916296814998,0.017511088266095272,0.015271388242055926
75,754,0.3596380447807416,0.37749863816714424,0.37318753780534,0.018264911221624783,0.013767889588079441,0.01226745344364695
76,759,0.37733005623617083,0.3897832838777636,0.3832271604407672,0.015087295359972571,0.012670883266183925,0.011016767133698799
77,764,0.33390262521026354,0.34530099858193875,0.3380420192434114,0.012996792665924697,0.012111302760450604,0.010220919771548563
78,769,0.2869673213929137,0.3049262043871659,0.2955284612311368,0.013096862393196242,0.011319098310393448,0.009454224920405025
79,774,0.26154890595201347,0.2799009952659902,0.2702867593229932,0.01261160784838209,0.010948058078881134,0.009057181021917039
80,779,0.24062434950217235,0.2588639713187819,0.2492257454203411,0.012242836374153845,0.010551199249712673,0.008701375067953892
81,785,0.22079297949774945,0.23899761527260996,0.22962158023383358,0.01195838542489111,0.01014858838721094,0.008414175727174664
82,790,0.20433965741475596,0.22229568890788012,0.21324477975331324,0.011714172142251353,0.00971346682960446,0.008141040023904216
83,795,0.19107257134757188,0.20851483719514263,0.1998087732141795,0.011456390775261878,0.009279512841205614,0.007844455055194063
84,800,0.1785570804969197,0.19547233070977635,0.1870995791987786,0.011215480740540686,0.008913935759635293,0.007593853011418396
85,805,0.16851430802661535,0.1844218049737101,0.17656083399469696,0.010842064512462257,0.008553285263813734,0.007351492064817583
86,810,0.16043968007895518,0.17568744458064722,0.1681528577004841,0.010531755825653993,0.008184326307935629,0.007092656368777903
87,815,0.1538703122294296,0.1679165281348805,0.16103221449097746,0.010051094178954134,0.007877995473430835,0.0068711147696360105
88,820,0.14704952263334298,0.15901506011164956,0.15298182940969005,0.009468022245327144,0.007617169137539635,0.006648315700930274
89,825,0.1427983813402194,0.1531044425711104,0.1475055169981721,0.009026516610545267,0.007355953967157219,0.006458475318504022
90,830,0.14041480546002078,0.1496201563057325,0.14414343974020793,0.00864080188627016,0.007160987262910045,0.006301416585261402
91,835,0.14007045967425916,0.14781904845531427,0.14264772117472124,0.008224907302898135,0.006915514576033105,0.006102481177106308
92,840,0.14416591096154163,0.15041930230515052,0.1455536151080023,0.007765221870570585,0.006753714236577389,0.005978603055480247
93,845,0.14959023042229605,0.1543227862733004,0.14985013804519212,0.007313848759829997,0.006566088531838889,0.005816023108205778
94,850,0.15386013218995528,0.15771853849561357,0.15366256504671244,0.0069642319611334545,0.006410629603409075,0.0056565139714759936
95,855,0.1597297702557706,0.1627123788432709,0.15921551532836503,0.006600240438341445,0.006140797609760301,0.005421478952906995
96,860,0.1676955721456303,0.16965774078981227,0.16664580278072735,0.0062910712476040576,0.005886447630624445,0.0052087851608377984
97,865,0.17679154089787313,0.17799655404572204,0.17542385079692158,0.0061167913937842785,0.005782743207911275,0.005107274967360128
98,870,0.18320650209352088,0.18389023279640132,0.18206020175927046,0.005952378305988281,0.005519164839157619,0.004865142894451326
99,875,0.18807199009426995,0.18842132910702528,0.1871272031245282,0.005932654154185553,0.005420435106714253,0.0047882369467466684
100,880,0.19052499022958722,0.19064323736028926,0.19003554781386656,0.005848622441418334,0.005300268307734672,0.004649479903268236
101,885,0.19167551126663335,0.191867715580244,0.19174466697459858,0.005981789455319659,0.0052503030945366454,0.004600431068722562
102,890,0.18661924426453746,0.18581760292066735,0.1868657031287757,0.005822407211596378,0.005208318783306087,0.004578052986605336
103,895,0.17559032121868182,0.17424112117115392,0.1764060195462589,0.00614625085859058,0.0055245385774188,0.004904562037826487
104,900,0.16819959283895924,0.1656566617520952,0.16928831501301186,0.006377985669834806,0.005716049610285199,0.005096261117615425
105,905,0.16706862014219837,0.16361511512476853,0.168432773890621,0.006208187888974701,0.005657986606398021,0.0050142014259251175
106,910,0.16501394207670095,0.1598402730777114,0.16575259991794616,0.006128556638246497,0.005714718373063612,0.005039415857139416
107,915,0.16553542608653227,0.15773794118597867,0.16508304322088027,0.005946245057895657,0.005686043940706219,0.004951296093392942
108,920,0.1630890880784722,0.1550083906373098,0.162596459778727,0.0058106115695559365,0.005565484446862711,0.004807240691871087
109,925,0.15811203802139667,0.14881374628960745,0.1568896843562982,0.0054411295496648755,0.005429407333438083,0.0046292406407959725
110,930,0.17977473798192767,0.16319242253585667,0.17280369508678511,0.005826851749653942,0.005456336333687037,0.0046755312734471505
111,935,0.2721772310672064,0.24681740056027626,0.25667246209286015,0.011342767875128442,0.006744671710641859,0.00573187307167918
112,940,0.27008559964623446,0.2466271990166337,0.25419356781076463,0.01302274111731113,0.008786345815392784,0.006278973514436517
113,945,0.2616601969331297,0.24182831499158217,0.2468219805654679,0.01342278567762691,0.009902643505221066,0.00663626038741645
114,950,0.27434246689281605,0.26044998586059914,0.2607398175135851,0.01632803422567132,0.013914552554335463,0.008790299526708081
115,955,0.27779900901078536,0.2653992543849012,0.2632667957973082,0.01931421785808512,0.018201541939713503,0.011225945646437197
116,960,0.28985394143997656,0.2833339115550181,0.2782095631872069,0.02276960497457826,0.023101129407893287,0.014288685140020414
117,965,0.28083678433733195,0.28345004999513007,0.2766501442436021,0.024964065579737883,0.02636077851201209,0.016693235552866083
118,970,0.2767387999895472,0.28160688493299635,0.27556180321799056,0.023209499538967886,0.025323821499524665,0.016325998674550184
119,975,0.28465286072592877,0.2897727170317758,0.2850770406874927,0.022011736838157082,0.02443078553246915,0.01599561580971076
120,980,0.28449095167431554,0.29192525049270523,0.2871372214741751,0.022022481382370625,0.02456765377830235,0.01614013735801773
121,985,0.31869836650485434,0.32192663120409215,0.3197496410396714,0.02115276633828644,0.02405165326425915,0.016073401145570106
122,990,0.3281295746716369,0.3257073943778009,0.32605515278730746,0.01870378920747261,0.02089684022167955,0.01409321080363732
123,995,0.33848095518979116,0.32962336501908884,0.33220021724901394,0.017116738352461268,0.018264289043426977,0.012428866886474812
124,1000,0.33280899381041656,0.31804964246012846,0.32231665862094727,0.015513050914734896,0.015382609489650796,0.010552490909777095
125,1000,0.29957541511527797,0.28249566106347496,0.2875006168162804,0.012942879688006401,0.011617411939382956,0.008069158438171176
126,1010,0.269943452214896,0.25182468818084786,0.25729551859200595,0.010813490517032528,0.008984916264946163,0.0064833492022976676
127,1010,0.23982514600518495,0.22289452186141706,0.22825682121661267,0.008821030981184466,0.0071744387325981636,0.005416508839830679
128,1020,0.2240587736793848,0.2070219502973912,0.21251655159773725,0.0075381474211955015,0.005984625118368239,0.004903009328295841
129,1020,0.2225025945330005,0.20395999040527565,0.20984728917274267,0.0072704024745883595,0.005395784984172161,0.004842391381274404
130,1030,0.22635812253008475,0.20438837130267654,0.21145997930002486,0.00759459614102309,0.005239742684192321,0.005042035200758888
131,1030,0.2249372076663474,0.20033847249334916,0.20875737079391085,0.007799692935369778,0.005202545202158542,0.00521858657973038
132,1040,0.2337355979787085,0.20624569316162647,0.21581767036844876,0.00853489929223655,0.005436620878622026,0.005554993890080672
133,1040,0.24542096686002943,0.21518180463214426,0.22608196504501105,0.009575549894979867,0.005778739680624101,0.005898971700900936
134,1050,0.25137714583873993,0.22075237624085992,0.23239633705153687,0.010562317488795622,0.006083222925265652,0.0061333662356111915
135,1050,0.2634535653537456,0.23160361699541315,0.24421939890854164,0.01197591719041338,0.006675224536689366,0.006532915834812456
136,1060,0.2730457256447789,0.2411589755123668,0.2544979245955331,0.013377989301455406,0.0072953568125366346,0.006899248275320022
137,1060,0.28098132017914096,0.2494181830338594,0.26324363457290884,0.01459434488371275,0.007899776137484433,0.007229060912020059
138,1070,0.28876045910689424,0.2570570119870176,0.2713273543678474,0.01584792657570823,0.008640741535005832,0.007683462220018752
139,1070,0.29271135737251003,0.2622770032437053,0.276690917931394,0.016630762836984857,0.009154623150968867,0.007902076876875556
140,1080,0.2965250809751444,0.26700898179047117,0.2814974707433514,0.017445823832587037,0.00975765151704855,0.008160658312377863
141,1080,0.2898228254731018,0.263086147304727,0.2774426684691129,0.017851281738604452,0.010147593279201363,0.008297623863787329
142,1090,0.2794943745736205,0.2557831211256539,0.2706643383664205,0.01820149732686909,0.010635513867467363,0.008348307357381601
143,1090,0.27680330468723274,0.2553374901163801,0.27060993551160795,0.01828533073274275,0.01105167032676256,0.008315322386035138
144,1100,0.28329084270099336,0.2640664307518602,0.27935254158429595,0.017758388973057787,0.011187192329526523,0.008053618528303002
145,1110,0.30774134201652475,0.291613886416645,0.30676753624145536,0.01675504584928901,0.01146951283370435,0.007668262422841107
146,1110,0.38956544929470915,0.37777974785474944,0.3925303212278234,0.015886991330374918,0.013550183493546631,0.008423598311700416
147,1120,0.6056028200057231,0.596117560703096,0.6114574504545456,0.01786964720392625,0.020867643290493686,0.01420344102443513
148,1120,0.8941366763515027,0.8702910557824334,0.8916222600109138,0.02946312634572193,0.031769614413573226,0.024957133447611163
149,1130,0.9736844979888775,0.9188518263424605,0.9487455589830892,0.03908786451544876,0.03613050763026659,0.03019967846339217
150,1130,0.7376842306679554,0.6793359043104557,0.7046446661061807,0.03303581860531249,0.026983378319295544,0.02304907740727129
151,1140,0.4804240449873761,0.4517498634046322,0.46464055616904465,0.020808149282285856,0.01670580172266795,0.01427051312871483
152,1140,0.362064909324111,0.3544198184830168,0.3595125560860929,0.013977581524190158,0.013193043778786696,0.010570462309908364
153,1150,0.37248377481742295,0.3706852106462957,0.3731521430101001,0.013305938140376464,0.014369896834959463,0.011157084589168429
154,1150,0.3452830940787653,0.3440964385308277,0.3463855145688008,0.011286664350591908,0.013106687266927429,0.0097563579098058
155,1160,0.26726552709160023,0.27056275721050393,0.27264009438644893,0.009076441440195603,0.011238142610809057,0.007702505894424872
156,1160,0.20954160965603413,0.21612311241690713,0.21868725757676338,0.008566356275847817,0.010570712149241662,0.007313163732961024
157,1170,0.17545179503753955,0.18205556273078322,0.18583604496148226,0.008554595238217149,0.010071434577524685,0.007381156667968045
158,1170,0.16120047381466798,0.16653689436732863,0.17146290526969976,0.008541668626937157,0.009891552919499193,0.007475958299286928
159,1180,0.15471807905218132,0.15918452591214666,0.16483278211396177,0.008454749526667409,0.00983205233266777,0.007527426906685505
160,1180,0.15280001534325124,0.15693706494471915,0.1628649899058442,0.00841123544499191,0.00986558678390257,0.007568550317574523
161,1190,0.15328969199161696,0.15804074957821926,0.16383584828207137,0.008434620685889082,0.010115018594766179,0.007644934442756569
162,1190,0.154819957642318,0.1595509242538083,0.16527981558158222,0.008491270379286726,0.01039935491586025,0.007769755872150665
163,1200,0.1529835365097063,0.15689536276598137,0.16298486950338648,0.008548554206514715,0.010468953318306882,0.007864015826805303
164,1200,0.14998198567648793,0.15397887432818239,0.16002158792996485,0.008626673505088675,0.010618285190856844,0.007950566773209586
165,1210,0.14857751548853765,0.1531794358795922,0.158899702542751,0.008670689000423604,0.010945981009158378,0.008109922803657013
166,1210,0.14328094486182125,0.1487425380030535,0.15418925941041814,0.008664776383389458,0.011250705785831162,0.008288991868772749
167,1220,0.13736864327447176,0.14399429295640045,0.14921201942790568,0.008734803083690184,0.011557823896277679,0.00846555540830396
168,1220,0.13295635579457393,0.14071868239867547,0.14575122920217573,0.008894724567801084,0.011845412324406264,0.008644677671811705
169,1230,0.132706383405163,0.14159746551789196,0.14633044078428542,0.00916957852058323,0.012157345181398743,0.008824784768024542
170,1230,0.13694105860667408,0.14705151328830418,0.15130740888588637,0.009535364948671144,0.012489164159893613,0.008979387802786981
171,1240,0.14103274192469123,0.15226250639615302,0.1560307263888545,0.009951371215141867,0.012753080209273349,0.009120267192626031
172,1240,0.14525291421262557,0.15801229501957864,0.1611843149084346,0.010432383543757529,0.01306540303397458,0.009279542438011126
173,1250,0.14841180839873902,0.16293031029706645,0.16544296685656784,0.010913147166306151,0.0133995762975019,0.009444761748605736
174,1250,0.1530335511731051,0.1693815308472157,0.17122879537878927,0.011442486924061501,0.013791273123665015,0.009637097985911816
175,1260,0.15569160784477348,0.17449803776665612,0.1755095202319486,0.012069040750983836,0.014260306680292904,0.009869385989429508
176,1260,0.15760938781233164,0.17835460598814587,0.17885146828730794,0.012690058270211548,0.014709681527071642,0.010111595285906673
177,1270,0.1628717049232106,0.1853445319388426,0.18552710954500665,0.013181059577501444,0.015135830531641137,0.010345204235729707
178,1270,0.17403240904207035,0.19787643148596298,0.19790006328793652,0.013595648772923812,0.015530364956428233,0.010534596731711561
179,1280,0.183737536678073,0.20876054087632395,0.20834977691955614,0.014288912917116904,0.015966630180588436,0.010753795733845689
180,1280,0.19204337766596338,0.21786402574217534,0.21725064929051557,0.01501156411714987,0.01650236771697291,0.011049518651245233
181,1290,0.19830424867753,0.2245443545825973,0.2239628039517938,0.01565302245185529,0.016989006275989323,0.011346900410756122
182,1290,0.20389085577506658,0.23039056175911576,0.2298583020071218,0.016209351218969707,0.017499095399769467,0.011657554864677427
183,1300,0.2097933073496713,0.23641481000861903,0.2359894377277189,0.01656788062989181,0.01796310395894883,0.011969304678422565
184,1300,0.2197423067093632,0.24617974145482377,0.2458698694622466,0.01671893942668116,0.018363782240379007,0.012251513966557458
185,1310,0.2340522203993109,0.25980656694896104,0.2596139643466584,0.01658721620995316,0.018701074135333475,0.012510897640577162
186,1310,0.25432250187183536,0.2788584459726866,0.2787484607175669,0.016204053536103092,0.01898038590536446,0.012751701328674305
187,1320,0.27896195467237306,0.3013059073950491,0.30159523459718435,0.015702306292431956,0.019289077445344735,0.013019624426002388
188,1320,0.31122676310422037,0.33170625622905336,0.33198602073461597,0.01524465927290756,0.019761430976658053,0.013329014505661804
189,1330,0.4349019478717304,0.4459678196309576,0.43713458055680243,0.017284754883147693,0.02447918448127449,0.01612755305082223
190,1330,0.5219987003867776,0.5400751109544233,0.5260541300073404,0.021104535476084603,0.030230015255777957,0.018750246694496653
191,1460,0.50804571698372325,0.514447119475256,0.5119292944525623,0.026283820666940825,0.019064985337163765,0.018419404072576046
192,1460,0.4274339146270954,0.40053498946568344,0.40919188761090874,0.023587041130220275,0.012104127020210026,0.014952050411068929
193,1470,0.47120619095854027,0.40396236636102356,0.4239430533700892,0.029050621976431514,0.016253126023772997,0.018378902046056703
194,1470,0.732236111713968,0.6924057646027946,0.7016243177735982,0.04298024530293566,0.024466111065366305,0.0241761421430347
195,1480,0.4755625203073194,0.4205661293821664,0.4363925644896741,0.02895522090871686,0.015213559737964899,0.01767928504557727
196,1480,0.4292371369489819,0.41356556858273474,0.4189136112285857,0.025131166216958628,0.01391545685220442,0.016055619866335264
197,1490,0.3961495828364995,0.3791334381937811,0.38333577109141226,0.02430205543134801,0.01377362620501222,0.015357279180345573
198,1490,0.3035108999629257,0.2998715882020575,0.2999987661900658,0.022240748849801227,0.01410970413563013,0.014865712771333715
199,1500,0.25854169832607543,0.25194324536981033,0.25177390093406127,0.020568350604597437,0.013934108826979404,0.013538444803179782
200,1500,0.21096852469263241,0.20241850550841703,0.2039529504684209,0.019194864239504335,0.013643850712065914,0.012926001433656137
201,1510,0.23113548717238105,0.2228878892541144,0.22299587864724515,0.019541502069762066,0.013693476296866167,0.012925302653455113
202,1510,0.20764086602622447,0.2016368037503123,0.20006529143776172,0.018153731240853475,0.013232761644784674,0.012188308444553285
203,1520,0.21085413266423317,0.20261729502951709,0.2021031377993439,0.01703983688581715,0.012205417229227971,0.011323547381547797
204,1520,0.20814694803338313,0.207472810450406,0.20349636009545985,0.016538745564849827,0.011892439006363331,0.01101630852538359
205,1530,0.19963932312645807,0.19565698989243238,0.19309539307464324,0.01508228439007359,0.011094971925583187,0.010122012672681879
206,1530,0.20951108458514303,0.2081478220768051,0.2040394329824887,0.01455767971682872,0.010745361576659554,0.009935077153593553
207,1540,0.1951600700061682,0.1979654165023269,0.19287415779647316,0.01286229256812248,0.009553085516806246,0.008725682157554806
208,1540,0.19528490953392116,0.1975665613154015,0.1929007952545258,0.011858794872120874,0.008796208425395457,0.008054608790374663
209,1550,0.1871387001699996,0.19649020443430415,0.18927433587474823,0.011103588845430811,0.008368301146940949,0.0074991615253417535
210,1550,0.18531990280230579,0.2004677801570956,0.1919985887667749,0.010161402797048009,0.007730828404157054,0.0067994838281054465
211,1560,0.21038831945324446,0.22422205458141814,0.2152335172863266,0.009875091098750694,0.008002548543825606,0.007063691186885939
212,1560,0.1884800370118736,0.2088437553501182,0.19875864527219517,0.008884816345224587,0.007229221655404959,0.0061179161903734056
213,1570,0.1599417914165056,0.18125352934263703,0.17224176040798134,0.007530183038731116,0.005566949083633479,0.004807336728828662
214,1570,0.1747957854253407,0.19544476828475654,0.1859669966221121,0.00728201417050321,0.006057991234123246,0.004481446473038719
215,1580,0.17973377487680184,0.204017575322014,0.1944211984342477,0.007117867851223542,0.00526572089082184,0.004548909829743998
216,1580,0.17204506430448124,0.1988947211701277,0.18731712846216714,0.007462527834026087,0.00604059162134479,0.004136949814701859
217,1590,0.16903597314415375,0.20153144657446642,0.18866215062639752,0.007293103735489538,0.0065411801593802,0.004314624259642163
218,1590,0.1640609507666766,0.19813435822600123,0.18479536909373723,0.007086004395803245,0.0071590591336669444,0.0045790758461157445
219,1600,0.15030661336166182,0.18673210318470712,0.17307828967484665,0.0061991441054974564,0.006758523881436923,0.004306184889949538
220,1600,0.14838041799244542,0.18382369954684935,0.1703107098435222,0.005740931023275432,0.007194086072677138,0.004402173889590077
221,1610,0.1338601273633026,0.17155112960170077,0.15730481106988697,0.006247665730925342,0.008360281482358673,0.005105472144491445
222,1610,0.1457858722817727,0.18115307710946577,0.16806438935546666,0.0058206035522369364,0.007917263976697375,0.00493237188599115
223,1620,0.1411850018923674,0.17765061382301328,0.1641254237528505,0.005988352730611787,0.008662182096418423,0.005663176395173216
224,1620,0.12737521419267306,0.16530373686256902,0.15170475619655233,0.005844366597295254,0.008823932650350337,0.006011233349803754
225,1630,0.12981766561153504,0.16999227008467366,0.15552476453574182,0.00614361490679244,0.009428033185281064,0.00651289597982938
226,1630,0.13648708550190863,0.18037268911170953,0.16486284382372984,0.006600849000075482,0.01028683703883668,0.0070281462251307325
227,1640,0.12536890826056585,0.16813609301809246,0.15308315414352922,0.006307401250461459,0.009999817606945804,0.0073068520705860205
228,1640,0.1344931664808638,0.18141869673041716,0.16451959109320596,0.00656105285733344,0.01088673148897823,0.007880574145866891
229,1650,0.13153305052402817,0.17597768867807612,0.16027190937104746,0.0062498656850972865,0.010552408827060135,0.00767231781364573
230,1650,0.14923482752767697,0.19706134574746093,0.18015271550648407,0.006383364706692365,0.010866206730436145,0.007522175768477496
231,1660,0.14101838225487337,0.18773776621346774,0.17222842144600908,0.005742573801910542,0.009858789806638308,0.007377289402595921
232,1660,0.15365023789662793,0.1981258067567666,0.1829281193113869,0.005508885626228703,0.009852156871294012,0.007537035760835179
233,1670,0.15782521318240222,0.19785349594270535,0.1841282497514038,0.005119529514536407,0.009155612334400926,0.007027659528344925
234,1670,0.15391355264911052,0.19235940739739715,0.1796177672085844,0.004957453275806248,0.009246612884872217,0.007006486675162032
235,1680,0.14642716540472187,0.1816199253123266,0.16955922225076925,0.00493607536211932,0.009119260629362774,0.0070914208513681905
236,1680,0.1316241990047366,0.16611085141461235,0.15392836899921053,0.0048952598162610664,0.009195636357992745,0.007110464929815424
237,1690,0.12897415804206788,0.16219546548701907,0.15108036488503612,0.004832509393712064,0.009182578456665588,0.006874151264007888
238,1690,0.1348714005273583,0.16348624869662515,0.1537604448753042,0.0048636333183157444,0.00880046438769353,0.006558595777233342
239,1700,0.1379538787979327,0.1655581539177326,0.15676245904368855,0.00481592222980217,0.008399080578078021,0.006143783223029511
240,1700,0.15627468454788232,0.17662957003717122,0.1707281353465666,0.005596446801448025,0.008034557972421384,0.006028445127193189
241,1710,0.18609556230485674,0.2032438577623506,0.19776918829651086,0.00610768810779152,0.007854621183444734,0.0054810096786101145
242,1710,0.2023163453881618,0.21383068261896301,0.21006260414863856,0.008168319319972417,0.00813851315570627,0.005782464486016515
243,1720,0.20102564102001677,0.21408943891443113,0.21157266536669805,0.00779188974812556,0.007788754230503621,0.005325636295205845
244,1720,0.20152923219105595,0.21610373872636698,0.21161936323490665,0.007417796835705782,0.008642944676694984,0.0051242813015512315
245,1730,0.20118657700448334,0.214851183276252,0.21320807137116704,0.00789807431107527,0.0080410260948544,0.00488964706873783
246,1730,0.1902015864025805,0.20531210046507523,0.20254986651568277,0.006779552307528604,0.00773667142330348,0.004555845235549016
247,1740,0.16664857563811647,0.1870358454878439,0.18022387720065608,0.00530941908185765,0.006897871443844282,0.00420857929450059
248,1740,0.13727594705331836,0.1642266681572307,0.15734742153548822,0.004777263185209379,0.007142396137257473,0.004708741502077398
249,1750,0.1514429806305084,0.1792643446211067,0.1713430515472994,0.005018825306577557,0.0065973159519829225,0.004345477263166935
250,1750,0.1404709642532592,0.16737242028151336,0.1597056276235501,0.005339771595572279,0.00721183667547825,0.004757136002184808
251,1760,0.12716963587998636,0.15670580131730982,0.14705622872377982,0.00496515982623283,0.0067523682902678695,0.004328048032733277
252,1760,0.14066002229610136,0.15820649642779253,0.15100133200910046,0.005839144731011151,0.00708032641828222,0.0050934864443074514
253,1770,0.17698181927885512,0.19289396705399836,0.18455445040562385,0.007258805537154883,0.00713292881981756,0.005170373284685033
254,1770,0.176795765224836,0.19543169653037723,0.18507874078774045,0.0059901083318314756,0.007631607237757602,0.004907131358327849
255,1780,0.33501856108050154,0.3249225932178858,0.31738859253488677,0.013802272352136505,0.011532583667726004,0.008950361826806646
256,1780,0.415011017298785,0.37559132256636624,0.37522003739923526,0.02499287582294921,0.015990219310724377,0.014727112645970361
257,1790,0.49326573341512275,0.4739068501823575,0.46680100772147987,0.02590132908538446,0.018604885390682384,0.013680548876504089
258,1790,0.7872570623603042,0.6664744327129637,0.6710909575876309,0.05323848092560584,0.039082710951126566,0.03593130192600018
259,1960,0.6296673345482294,0.7892974268431295,0.6967856164245985,0.056645935554825395,0.0609158982466671,0.049089418197433086
260,1960,0.6296673345482294,0.7892974268431295,0.6967856164245985,0.056645935554825395,0.0609158982466671,0.049089418197433086
261,1970,0.6296673345482294,0.7892974268431295,0.6967856164245985,0.056645935554825395,0.0609158982466671,0.049089418197433086
262,1970,0.581282706941809,0.6080030278667082,0.6375747958899793,0.02275648710956582,0.024236259260459164,0.01488825661245155
263,1980,0.5805214557362889,0.6167988713299836,0.6386129956097419,0.02050090574276889,0.023992872953885244,0.015427888521659123
264,1980,0.4948937124883422,0.5165108366865566,0.5504874677802154,0.026195711112389317,0.026254728494402108,0.01443030777259056
265,1990,0.6330731964239815,0.7077310899656202,0.7142084691492961,0.023520715849929572,0.0313458481887838,0.021766147246957086
266,1990,0.4903375391305446,0.5325665269021973,0.5587682265164473,0.027620372813017758,0.0254950923452537,0.014738895295102514
267,2000,0.5170334068497888,0.53660703956251,0.5708672395459808,0.025971593315477055,0.024868680622787416,0.012696954485016882
268,2000,0.6795773665877698,0.6940118294122664,0.7243630855411511,0.022608858366562266,0.023031445724041116,0.012601455832369985
269,2009.9999999999998,1.4276685252380914,1.219491525341137,1.2965682926906807,0.08282731750604463,0.05345354465883153,0.04823119929550169
270,2009.9999999999998,0.8430897632515875,0.8161739355518198,0.8513871746741838,0.023453819697080734,0.02336157241342214,0.01374438943002308
271,2020,0.7382906098209054,0.6979333970153937,0.7234462824501396,0.02709560048936087,0.024601145610500953,0.018027983820381024
272,2020,0.37065058697520065,0.36792854844859846,0.38063322870885175,0.010933527060787221,0.010188219322028335,0.006783131885913186
273,2029.9999999999998,0.26236530287490323,0.2767471579067869,0.27832497372622694,0.01115586650641276,0.008985571664344785,0.005871098916333666
274,2029.9999999999998,0.21738424205927873,0.23134571730408865,0.22699159944509897,0.008614335872354353,0.00778966093542315,0.004917402607369845
275,2040,0.198109497803709,0.22378740030756203,0.21092246607246445,0.009155887894592183,0.009910175556754377,0.005499411008183017
276,2040,0.17241523036099762,0.19695634632118922,0.1817245544049641,0.009158978613760362,0.011604342580685253,0.005841734846309953
277,2050,0.14605425885015141,0.16488533871196534,0.15154703897992067,0.00872505071702168,0.011254524891261882,0.00562146155072893
278,2050,0.1572016520011734,0.1736050923647775,0.1614190871279543,0.008722782224280455,0.010020108921484751,0.005015843019108851
279,2060,0.22356361286505103,0.22891347382356395,0.2189737942123838,0.008739404650956656,0.009898639905287958,0.005842949664660555
280,2060,0.18179265581519743,0.19933243811784598,0.1879814511167545,0.008137013634977553,0.010308650522649225,0.005292758087573063
281,2070,0.21304333264585956,0.2286701111247557,0.21916202621079406,0.008022517921872108,0.010545120798719557,0.006025933868299233
282,2070,0.22337128035246492,0.24838794043692314,0.23852783143892964,0.009239837536421325,0.010779337439105365,0.00606075427445099
283,2080,0.22347373730791564,0.2531030994290782,0.24211415682418883,0.010777327413362335,0.012663837006469458,0.0068882395957692135
284,2080,0.2391457535429103,0.2709537953177942,0.26197514998441107,0.011549508000518554,0.013304744084885155,0.007062883852546828
285,2090,0.2461249256751478,0.27633506983061074,0.2709112934234304,0.011367709310650065,0.011923061779572511,0.0064885704702443954
286,2090,0.24670003249540756,0.2743429174108399,0.2707449112895334,0.011643454803903549,0.011814419924213077,0.0065871416678475745
287,2100,0.26379709465089013,0.2943715965723748,0.29205278497584053,0.012245828566465318,0.011847384881194833,0.006541644092237252
288,2100,0.266748031927364,0.2893439340238427,0.2927124353612457,0.011137204034575677,0.010449816939483748,0.00603409223396609
289,2110,0.24836414847002408,0.27239249061594595,0.2749029406634675,0.011318846105670128,0.010091728089897556,0.005873817942744107
290,2110,0.2410814991564978,0.26209714272779217,0.26842887340845867,0.01129604472691984,0.00961372815457817,0.005695547423384976
291,2120,0.24102989414807752,0.25531997106279236,0.2619754613891686,0.009440206642101791,0.008405103719880118,0.005231734513839222
292,2120,0.24705059908424465,0.26583310684084743,0.27202868526363966,0.010473731612674985,0.008649991892223903,0.005561277596051223
293,2130,0.23246596646560186,0.24665637115480826,0.2547679226563396,0.009843339304534713,0.008431875033880645,0.005499908591492901
294,2130,0.20990110539803197,0.22194367221904637,0.2296855094621873,0.009313453404030843,0.007916647485593738,0.005110153752944601
295,2140,0.19125870477797502,0.20123151795316513,0.20993900905354312,0.00849584112648704,0.007536173418714894,0.00491448605271739
296,2140,0.18878539415494783,0.1939098465440818,0.20119873656158824,0.006364353964354099,0.005837237632995395,0.004119395505674452
297,2150,0.1722430789598571,0.17140916436122153,0.17879297021842033,0.0052435095494473265,0.0055699269203420216,0.003432188106276358
298,2150,0.1818369872150592,0.17237163868443744,0.18211652349007174,0.004497907766097363,0.005813463486659677,0.0036533025166908093
299,2160,0.21018915777373434,0.18434270786223433,0.19567658232888255,0.006089095413373754,0.007117385991162686,0.004683156628008392
300,2160,0.20988341294111118,0.18640906728045964,0.19567259347955543,0.0067528557218288696,0.008696547127093964,0.006446675710154335
301,2170,0.22265800609259317,0.20400329464526745,0.21097428660002188,0.005816529058881746,0.008614935109612438,0.007339641166881863
302,2170,0.2541583399101946,0.2336659339513442,0.23858094862692458,0.007930871235347796,0.007512644470578176,0.007195002734416095
303,2180,0.3110672324152466,0.29470304538820385,0.296462657879362,0.009836964385635787,0.009943337249494259,0.010098669891122488
304,2180,0.35621498997763673,0.34598296958531977,0.34333784531970724,0.012064948228017531,0.011182813398193651,0.011587162245288855
305,2190,0.5222341342755606,0.5136897509823252,0.5079378519277846,0.01521753052539336,0.01796928318181097,0.017891244713414238
306,2190,0.5743772444147914,0.5707287320767934,0.5634873564072136,0.01723425118035436,0.017235090242879277,0.017171075420103328
307,2200,0.6110088039326081,0.6199654951443403,0.6139052322264298,0.017634764088967136,0.020348086956991907,0.01932482570109614
308,2200,0.5458252502638541,0.5705608476842925,0.5612309434041601,0.019683813322563033,0.020049103806810506,0.016706298140302923
309,2210,0.4856291361796038,0.5271152742066331,0.5174645365480374,0.022160211568874717,0.02016176924503796,0.0155262198987649
310,2210,0.41942283996601404,0.4510269517953861,0.4506820773874437,0.021344565419053142,0.018273413107446616,0.013523822520474264
311,2220,0.4468364924033158,0.43967909469656064,0.4451378420752114,0.01692591353172807,0.016651123227666043,0.014157816165304449
312,2220,0.5263324811129925,0.4453644064643001,0.4702974687928928,0.032536907343872046,0.0266670370845847,0.02200783332218076
313,2230,0.5603750446834435,0.45286073859955456,0.48142554883214517,0.04042076192932019,0.03115646693726776,0.024976912782776493
314,2230,0.46852673114727555,0.3686400896011677,0.3940501359006463,0.0330707561392488,0.02615828057286058,0.02048578135689362
315,2240,0.41320790319000356,0.31486197432820934,0.3379081180233902,0.033746474038180194,0.026342577406280765,0.02061055656208412
316,2240,0.3760761651974051,0.28626081178272555,0.3059450345524105,0.027922695555935,0.02185725876602088,0.016638279527841218
317,2250,0.34494737731221414,0.254060826279253,0.274203521843824,0.02775421750674509,0.02308676323591021,0.01682346671893448
318,2250,0.317953887863741,0.23493463819261867,0.2553381516591114,0.023160755999928933,0.020241246572349537,0.014462841146959664
319,2260,0.24330925992801816,0.1870066122134823,0.2036321953874936,0.013828394868609284,0.01404249190113197,0.009219495133342425
320,2260,0.20119304288749995,0.1694086317431415,0.18206520884804128,0.00880147185613423,0.011112840672612973,0.006689705107088431
321,2270,0.1783328840709652,0.1607668215318134,0.17376201025265184,0.007673302036408476,0.009081369081409631,0.004726200833799231
322,2270,0.19514220484607253,0.18599688532185918,0.19843732369329828,0.008975801527393374,0.00957301115088663,0.004901331303154833
323,2280,0.1950482824265663,0.18745347618324112,0.20045154242818874,0.008462277504932395,0.00887522007587575,0.004329735610881555
324,2280,0.21083328104312188,0.20115731617271107,0.21257532344307634,0.007397980023699682,0.008902938289383775,0.004812732107422871
325,2290,0.21037954181781654,0.194460600114361,0.20585317455978513,0.005746993588356934,0.007858365806022383,0.004510986772724484
326,2290,0.24684143800719816,0.22893817264626531,0.2381701602992939,0.005913614009850357,0.010003091026599503,0.00661976431279089
327,2300,0.28067440225402485,0.2558797279692397,0.2645536044467299,0.007972742401707195,0.013153295776240555,0.008833776246573303
328,2300,0.3050693089978832,0.2729715980100207,0.2834236251608072,0.008672763223139961,0.013773844889519323,0.00945171231180046
329,2310,0.303114498152733,0.27092080700611026,0.2818554873719229,0.007675931232776749,0.012410488236353838,0.00845323431978317
330,2310,0.2638387712963267,0.24150827781079287,0.2478864311476845,0.007179065695705952,0.010346437875399845,0.007294984361161644
331,2320,0.2706795795690794,0.2475160974622957,0.25131266975210254,0.009482006554761158,0.011718840753800787,0.00908591852771793
332,2320,0.25942577624992424,0.23668801550259216,0.23976822379682927,0.009306099501224569,0.011393456846508637,0.008932531777225212
333,2330,0.28476109660111415,0.26235004401877504,0.2635193618234784,0.009902452491740087,0.01218215930697726,0.009724771999779286
334,2330,0.337305393409548,0.3131947088259278,0.3156806669226303,0.01120342062454217,0.01321100128171188,0.010852608504554918
335,2340,0.299052068975323,0.275150244878182,0.27688751686924257,0.010844594582522684,0.01231603680330594,0.01013260089369421
336,2340,0.28023393393552376,0.2477377146197909,0.25238903750772945,0.01038461734379457,0.01077494812300034,0.008252498387121495
337,2350,0.26541209042738345,0.2352829015673746,0.23952895568157223,0.010719474659594865,0.01048953477888315,0.008354024852001662
338,2350,0.19787144281859276,0.16908555165658185,0.1742464461315937,0.009145891410172557,0.0077520763577411,0.005212263718084058
339,2360,0.17323082943832518,0.14748882720868006,0.15371482858965063,0.009451468136051086,0.007544470382181561,0.0047755919422235145
340,2360,0.16744755899634087,0.13953572561477257,0.14740054211779524,0.009988788795139656,0.006707887154660498,0.004604227830886275
341,2370,0.21209701479157764,0.16592420160020807,0.17882188811251293,0.01210002689765951,0.006747353819406344,0.005517874123288905
342,2370,0.15141716302604744,0.12120373725211075,0.1304865547929706,0.009732491945086325,0.006878673527483698,0.004785841366976922
343,2380,0.21580734549284258,0.16761812983392518,0.18352484777283576,0.012269035844946184,0.0068404814059289205,0.005388298723804445
344,2380,0.36400126835680163,0.25755463970831227,0.28894005170785286,0.028868867116626905,0.017810177484869495,0.016551532548599382
345,2390,0.26489357793975493,0.1999811291877504,0.22038971327274748,0.015825546030468547,0.009361722796299146,0.007934778387520018
346,2390,0.2933482285707182,0.21953984843973712,0.24303912525167032,0.017422336251024267,0.010734615245351244,0.00911231504356677
347,2400,0.26542213672127196,0.20672179995410794,0.22541828626799693,0.014354644216575103,0.008668085386795693,0.007150860902393946
348,2400,0.2758057339732277,0.22522159263832697,0.24580783276612767,0.012126730695442544,0.007429961871931786,0.006256003451435321
