final_label,internal_label,rank,taxon,mean_cover_pct,freq_pct,mean_cover_when_present_pct,n_plots
AW43,S14,1,Calamagrostis stricta,6.67,6.67,100,1
AW43,S14,2,Deschampsia cespitosa,6.33,26.67,23.75,4
AW43,S14,3,Bistorta bistortoides,6,33.33,18,5
AW43,S14,4,Juncus arcticus,5.33,13.33,40,2
AW43,S14,5,Juncus parryi,4,13.33,30,2
AW43,S14,6,Juncus spp,4,6.67,60,1
AW43,S14,7,Festuca thurberi,3.67,6.67,55,1
AW43,S14,8,Caltha leptosepala,3.33,20,16.67,3
AW43,S14,9,Aconitum columbianum,1.67,6.67,25,1
AW43,S14,10,Anemone multifida,1.67,6.67,25,1
AW43,S14,11,Carex aquatilis,1.33,6.67,20,1
AW43,S14,12,Juncus cf. drummondii,1.33,6.67,20,1
AW43,S14,13,Erigeron glacialis,1.33,13.33,10,2
AW43,S14,14,Salix spp,1.33,13.33,10,2
AW43,S14,15,Carex spp,1.33,6.67,20,1
AW43,S14,16,Erigeron,1.33,6.67,20,1
AW43,S14,17,Acomastylis rossii,1,6.67,15,1
AW43,S14,18,Sibbaldia procumbens,1,6.67,15,1
AW43,S14,19,Lewisia pygmaea,0.67,6.67,10,1
AW43,S14,20,Arnica mollis,0.67,6.67,10,1
AW43,S14,21,Erythronium grandiflorum,0.67,6.67,10,1
AW44,S07,1,Caltha leptosepala,14.04,38.46,36.5,10
AW44,S07,2,Tolmachevia integrifolia,12.31,23.08,53.33,6
AW44,S07,3,Senecio triangularis,8.85,19.23,46,5
AW44,S07,4,Veratrum tenuipetalum,8.08,15.38,52.5,4
AW44,S07,5,Acomastylis rossii,7.12,15.38,46.25,4
AW44,S07,6,Mertensia ciliata,6.54,26.92,24.29,7
AW44,S07,7,Ligusticum porteri,4.81,26.92,17.86,7
AW44,S07,8,Mertensia lanceolata,3.46,7.69,45,2
AW44,S07,9,Thalictrum fendleri,1.92,3.85,50,1
AW44,S07,10,Clementsia rhodantha,1.92,7.69,25,2
AW44,S07,11,Deschampsia cespitosa,1.73,11.54,15,3
AW44,S07,12,Sibbaldia procumbens,1.73,3.85,45,1
AW44,S07,13,Arnica parryi,1.54,11.54,13.33,3
AW44,S07,14,Valeriana edulis,1.35,7.69,17.5,2
AW44,S07,15,Dugaldia hoopesii,1.15,7.69,15,2
AW44,S07,16,Anemonastrum narcissiflorum ssp. Zephyrum,0.96,3.85,25,1
AW44,S07,17,Heracleum maximum,0.77,3.85,20,1
AW44,S07,18,Aconitum columbianum,0.77,7.69,10,2
AW44,S07,19,Frasera speciosa,0.58,3.85,15,1
AW44,S07,20,Lupinus argenteus,0.58,3.85,15,1
AW44,S07,21,Solidago spp,0.58,3.85,15,1
AW44,S07,22,Senecio crassulus,0.38,3.85,10,1
AW44,S07,23,Arnica mollis,0.38,3.85,10,1
AW44,S07,24,Rumex densiflorus,0.38,3.85,10,1
AW44,S07,25,Rhodiola integrifolia,0.38,3.85,10,1
MD01,S24.b,1,Artemisia tridentata,33.89,100,33.89,9
MD01,S24.b,2,Populus tremuloides,5.56,22.22,25,2
MD01,S24.b,3,Poa secunda,2.22,22.22,10,2
MD01,S24.b,4,Carex,1.67,11.11,15,1
MD01,S24.b,5,Chrysothamnus depressus,1.67,11.11,15,1
MD01,S24.b,6,Purshia tridentata,1.11,11.11,10,1
MD02,S24.a,1,Purshia tridentata,9.44,22.22,42.5,4
MD02,S24.a,2,Chrysothamnus viscidiflorus,4.17,16.67,25,3
MD02,S24.a,3,Symphoricarpos rotundifolius,3.89,5.56,70,1
MD02,S24.a,4,Phlox multiflora,3.89,27.78,14,5
MD02,S24.a,5,Chrysothamnus depressus,3.89,22.22,17.5,4
MD02,S24.a,6,Opuntia polyacantha,3.06,11.11,27.5,2
MD02,S24.a,7,Yucca glauca,1.94,5.56,35,1
MD02,S24.a,8,Poa secunda,1.94,16.67,11.67,3
MD02,S24.a,9,Achnatherium hymenoides,0.56,5.56,10,1
MD02,S24.a,10,Artemisia frigida,0.56,5.56,10,1
MD02,S24.a,11,Heterotheca villosa,0.56,5.56,10,1
MD03,S25,1,Artemisia tridentata,10.24,28.57,35.83,6
MD03,S25,2,Purshia tridentata,6.43,19.05,33.75,4
MD03,S25,3,Phlox multiflora,3.33,19.05,17.5,4
MD03,S25,4,Ribes cereum,3.33,4.76,70,1
MD03,S25,5,Tetradymia canescens,2.62,9.52,27.5,2
MD03,S25,6,Arctostaphylos uva-ursi,2.38,4.76,50,1
MD03,S25,7,Balsamorhiza sagittata,2.14,9.52,22.5,2
MD03,S25,8,Chrysothamnus depressus,2.14,9.52,22.5,2
MD03,S25,9,Wyethia amplexicaulis,0.95,4.76,20,1
MD03,S25,10,Lomatium dissectum,0.48,4.76,10,1
MD03,S25,11,Poa secunda,0.48,4.76,10,1
MD03,S25,12,Symphoricarpos rotundifolius,0.48,4.76,10,1
MD03,S25,13,Artemisia frigida,0.48,4.76,10,1
MD03,S25,14,Eriogonum umbellatum,0.48,4.76,10,1
MD04,S04.b.e,1,Arctostaphylos uva-ursi,10,22.73,44,5
MD04,S04.b.e,2,Purshia tridentata,9.32,22.73,41,5
MD04,S04.b.e,3,Balsamorhiza sagittata,5.68,13.64,41.67,3
MD04,S04.b.e,4,Mahonia repens,3.41,13.64,25,3
MD04,S04.b.e,5,Wyethia amplexicaulis,2.95,13.64,21.67,3
MD04,S04.b.e,6,Chrysothamnus depressus,2.05,9.09,22.5,2
MD04,S04.b.e,7,Erigeron speciosus,1.59,9.09,17.5,2
MD04,S04.b.e,8,Artemisia frigida,1.36,9.09,15,2
MD04,S04.b.e,9,Geum aleppicum,1.36,4.55,30,1
MD04,S04.b.e,10,Ericameria nauseosa,1.14,4.55,25,1
MD04,S04.b.e,11,Eriogonum umbellatum,1.14,4.55,25,1
MD04,S04.b.e,12,Rosa woodsii,0.91,9.09,10,2
MD04,S04.b.e,13,Chrysothamnus viscidiflorus,0.68,4.55,15,1
MD04,S04.b.e,14,Phlox multiflora,0.68,4.55,15,1
MD04,S04.b.e,15,Achnatherium hymenoides,0.45,4.55,10,1
MD04,S04.b.e,16,Symphoricarpos rotundifolius,0.45,4.55,10,1
MD04,S04.b.e,17,Solidago velutina,0.45,4.55,10,1
MD04,S04.b.e,18,Tetradymia canescens,0.45,4.55,10,1
MD04,S04.b.e,19,Unknown sp.,0.45,4.55,10,1
MD05,S18,1,Artemisia tridentata,7.83,23.33,33.57,7
MD05,S18,2,Chrysothamnus viscidiflorus,5.17,30,17.22,9
MD05,S18,3,Purshia tridentata,4.5,20,22.5,6
MD05,S18,4,Ericameria nauseosa,4.33,13.33,32.5,4
MD05,S18,5,Phlox multiflora,2.67,13.33,20,4
MD05,S18,6,Agoseris spp,2.17,3.33,65,1
MD05,S18,7,Symphoricarpos rotundifolius,1.67,13.33,12.5,4
MD05,S18,8,Achnatherium hymenoides,1.5,13.33,11.25,4
MD05,S18,9,Mahonia repens,1,10,10,3
MD05,S18,10,Eriogonum umbellatum,1,6.67,15,2
MD05,S18,11,Artemisia frigida,0.83,6.67,12.5,2
MD05,S18,12,Artemisia cana,0.83,3.33,25,1
MD05,S18,13,Erigeron speciosus,0.67,6.67,10,2
MD05,S18,14,Festuca thurberi,0.5,3.33,15,1
MD05,S18,15,Lathyrus lanszwertii,0.5,3.33,15,1
MD05,S18,16,Thlaspi arvense,0.5,3.33,15,1
MD05,S18,17,Cirsium spp,0.33,3.33,10,1
MD05,S18,18,Poa pratensis,0.33,3.33,10,1
MD05,S18,19,Tetradymia canescens,0.33,3.33,10,1
MD06,S17,1,Chrysothamnus depressus,9.29,71.43,13,5
MD06,S17,2,Balsamorhiza sagittata,7.86,42.86,18.33,3
MD06,S17,3,Wyethia amplexicaulis,5.57,14.29,39,1
MD06,S17,4,Phlox multiflora,4.29,42.86,10,3
MD06,S17,5,Tetradymia canescens,2.86,14.29,20,1
MD06,S17,6,Amelanchier alnifolia,1.43,14.29,10,1
MD08,S01.a.e,1,Symphoricarpos rotundifolius,12.11,31.58,38.33,6
MD08,S01.a.e,2,Amelanchier alnifolia,6.84,10.53,65,2
MD08,S01.a.e,3,Chrysothamnus viscidiflorus,5,31.58,15.83,6
MD08,S01.a.e,4,Artemisia tridentata,4.74,15.79,30,3
MD08,S01.a.e,5,Erigeron speciosus,4.74,15.79,30,3
MD08,S01.a.e,6,Wyethia amplexicaulis,4.21,15.79,26.67,3
MD08,S01.a.e,7,Valeriana occidentalis,3.42,10.53,32.5,2
MD08,S01.a.e,8,Dasiphora fruticosa,3.16,5.26,60,1
MD08,S01.a.e,9,Lathyrus lanszwertii,3.16,10.53,30,2
MD08,S01.a.e,10,Mahonia repens,2.89,5.26,55,1
MD08,S01.a.e,11,Festuca thurberi,2.89,10.53,27.5,2
MD08,S01.a.e,12,Lomatium dissectum,2.63,21.05,12.5,4
MD08,S01.a.e,13,Prunus virginiana,2.11,5.26,40,1
MD08,S01.a.e,14,Artemisia dracunculus,1.84,10.53,17.5,2
MD08,S01.a.e,15,Helianthella quinquenervis,1.05,10.53,10,2
MD08,S01.a.e,16,Delphinium barbeyi,1.05,5.26,20,1
MD08,S01.a.e,17,Rosa woodsii,1.05,5.26,20,1
MD08,S01.a.e,18,Geranium richardsonii,0.79,5.26,15,1
MD08,S01.a.e,19,Lupinus bakeri,0.79,5.26,15,1
MD08,S01.a.e,20,Cirsium spp,0.53,5.26,10,1
MD08,S01.a.e,21,Agastache urticifolia,0.53,5.26,10,1
MD08,S01.a.e,22,Castilleja linariifolia,0.53,5.26,10,1
MD09,S19.e,1,Symphoricarpos rotundifolius,10,18.18,55,2
MD09,S19.e,2,Artemisia tridentata,6.82,27.27,25,3
MD09,S19.e,3,Dasiphora fruticosa,5.45,9.09,60,1
MD09,S19.e,4,Erigeron speciosus,5,27.27,18.33,3
MD09,S19.e,5,Phlox multiflora,4.09,27.27,15,3
MD09,S19.e,6,Chrysothamnus viscidiflorus,4.09,18.18,22.5,2
MD09,S19.e,7,Festuca thurberi,3.18,18.18,17.5,2
MD09,S19.e,8,Arctostaphylos uva-ursi,2.27,9.09,25,1
MD09,S19.e,9,Bromopsis inermis,1.82,9.09,20,1
MD09,S19.e,10,Lathyrus lanszwertii,1.82,18.18,10,2
MD09,S19.e,11,Achnatherium hymenoides,0.91,9.09,10,1
MD09,S19.e,12,Galium boreale,0.91,9.09,10,1
MD11,M04,1,Lupinus argenteus,32.5,100,32.5,16
MD11,M04,2,Symphoricarpos rotundifolius,6.25,12.5,50,2
MD11,M04,3,Erigeron speciosus,5.94,31.25,19,5
MD11,M04,4,Chrysothamnus viscidiflorus,5.62,12.5,45,2
MD11,M04,5,Wyethia amplexicaulis,3.75,6.25,60,1
MD11,M04,6,Festuca thurberi,3.12,12.5,25,2
MD11,M04,7,Artemisia tridentata,2.81,12.5,22.5,2
MD11,M04,8,Galium boreale,2.5,6.25,40,1
MD11,M04,9,Lathyrus lanszwertii,1.56,6.25,25,1
MD11,M04,10,Linum lewisii,1.25,6.25,20,1
MD11,M04,11,Taraxacum officinale,0.94,6.25,15,1
MD11,M04,12,Agastache urticifolia,0.62,6.25,10,1
MD11,M04,13,Bromopsis inermis,0.62,6.25,10,1
MD11,M04,14,Eriogonum umbellatum,0.62,6.25,10,1
MD11,M04,15,Hymenoxys hoopesii,0.62,6.25,10,1
MD11,M04,16,Potentilla pulcherrima,0.62,6.25,10,1
MD13,M03,1,Artemisia tridentata,30.88,82.35,37.5,28
MD13,M03,2,Festuca thurberi,11.91,58.82,20.25,20
MD13,M03,3,Chrysothamnus viscidiflorus,3.24,17.65,18.33,6
MD13,M03,4,Erigeron speciosus,2.65,20.59,12.86,7
MD13,M03,5,Arctostaphylos uva-ursi,1.91,2.94,65,1
MD13,M03,6,Aquilegia coerulea,1.62,11.76,13.75,4
MD13,M03,7,Lupinus argenteus,1.62,11.76,13.75,4
MD13,M03,8,Eriogonum umbellatum,1.03,5.88,17.5,2
MD13,M03,9,Linum lewisii,0.74,2.94,25,1
MD13,M03,10,Lathyrus lanszwertii,0.59,2.94,20,1
MD13,M03,11,Frasera speciosa,0.44,2.94,15,1
MD13,M03,12,Helianthella quinquenervis,0.44,2.94,15,1
MD13,M03,13,Symphoricarpos rotundifolius,0.44,2.94,15,1
MD13,M03,14,Antennaria anaphaloides,0.29,2.94,10,1
MD13,M03,15,Clematis hirsutissima,0.29,2.94,10,1
MD13,M03,16,Ericameria nauseosa,0.29,2.94,10,1
MD13,M03,17,Geranium richardsonii,0.29,2.94,10,1
MD13,M03,18,Valeriana occidentalis,0.29,2.94,10,1
MD13,M03,19,Balsamorhiza sagittata,0.29,2.94,10,1
MD14,S01.b,1,Eriogonum umbellatum,28.33,100,28.33,12
MD14,S01.b,2,Wyethia amplexicaulis,4.17,8.33,50,1
MD14,S01.b,3,Amelanchier alnifolia,4.17,25,16.67,3
MD14,S01.b,4,Artemisia tridentata,4.17,25,16.67,3
MD14,S01.b,5,Lathyrus lanszwertii,2.92,25,11.67,3
MD14,S01.b,6,Chrysothamnus viscidiflorus,2.92,16.67,17.5,2
MD14,S01.b,7,Pulsatilla nuttalliana,2.08,8.33,25,1
MD14,S01.b,8,Valeriana occidentalis,1.67,8.33,20,1
MD14,S01.b,9,Achillea millefolium,1.25,8.33,15,1
MD14,S01.b,10,Bromopsis inermis,1.25,8.33,15,1
MD14,S01.b,11,Geranium richardsonii,1.25,8.33,15,1
MD14,S01.b,12,Arctostaphylos uva-ursi,0.83,8.33,10,1
MD14,S01.b,13,Erigeron flagellaris,0.83,8.33,10,1
MD14,S01.b,14,Helianthella quinquenervis,0.83,8.33,10,1
MD14,S01.b,15,Senecio integerrimus,0.83,8.33,10,1
MD14,S01.b,16,Artemisia dracunculus,0.83,8.33,10,1
MD14,S01.b,17,Lupinus argenteus,0.83,8.33,10,1
MD14,S01.b,18,Vicia americana,0.83,8.33,10,1
MD15,S04.a,1,Festuca thurberi,30.77,100,30.77,13
MD15,S04.a,2,Dasiphora fruticosa,6.15,7.69,80,1
MD15,S04.a,3,Erigeron speciosus,5.77,30.77,18.75,4
MD15,S04.a,4,Valeriana occidentalis,3.85,23.08,16.67,3
MD15,S04.a,5,Wyethia amplexicaulis,3.85,15.38,25,2
MD15,S04.a,6,Potentilla pulcherrima,1.15,15.38,7.5,2
MD15,S04.a,7,Achillea millefolium,1.15,7.69,15,1
MD15,S04.a,8,Lupinus bakeri,0.77,7.69,10,1
MD17,S05.a,1,Eriogonum umbellatum,9.17,25,36.67,6
MD17,S05.a,2,Carex sp.,9.17,20.83,44,5
MD17,S05.a,3,Artemisia cana,6.25,16.67,37.5,4
MD17,S05.a,4,Valeriana occidentalis,3.75,4.17,90,1
MD17,S05.a,5,Erigeron speciosus,3.33,4.17,80,1
MD17,S05.a,6,Delphinium barbeyi,2.5,4.17,60,1
MD17,S05.a,7,Geum triflorum,2.5,4.17,60,1
MD17,S05.a,8,Potentilla pulcherrima,2.5,4.17,60,1
MD17,S05.a,9,Purshia tridentata,2.5,4.17,60,1
MD17,S05.a,10,Dasiphora fruticosa,2.08,8.33,25,2
MD17,S05.a,11,Caltha leptosepala,1.67,12.5,13.33,3
MD17,S05.a,12,Artemisia tridentata,1.25,4.17,30,1
MD17,S05.a,13,Potentilla hippiana,1.04,4.17,25,1
MD17,S05.a,14,Penstemon rydbergii,0.83,4.17,20,1
MD17,S05.a,15,Chrysothamnus viscidiflorus,0.62,4.17,15,1
MD17,S05.a,16,Lathyrus lanszwertii,0.62,4.17,15,1
MD17,S05.a,17,Poa pratensis,0.62,4.17,15,1
MD17,S05.a,18,Salix wolfii,0.62,4.17,15,1
MD17,S05.a,19,Solidago simplex,0.62,4.17,15,1
MD17,S05.a,20,Deschampsia cespitosa,0.42,4.17,10,1
MD17,S05.a,21,Juncus arcticus,0.42,4.17,10,1
MD17,S05.a,22,Taraxacum officinale,0.42,4.17,10,1
MD17,S05.a,23,Vaccinium cespitosum,0.42,4.17,10,1
MD17,S05.a,24,Artemisia dracunculus,0.42,4.17,10,1
MD18,S22,1,Artemisia tridentata,16.18,58.82,27.5,10
MD18,S22,2,Antennaria rosea,2.65,5.88,45,1
MD18,S22,3,Potentilla hippiana,2.35,11.76,20,2
MD18,S22,4,Eriogonum umbellatum,1.76,17.65,10,3
MD18,S22,5,Lathyrus lanszwertii,1.76,5.88,30,1
MD18,S22,6,Oxytropis deflexa,1.76,5.88,30,1
MD18,S22,7,Festuca thurberi,0.88,5.88,15,1
MD18,S22,8,Vaccinium cespitosum,0.88,5.88,15,1
MD18,S22,9,Carex,0.59,5.88,10,1
MD18,S22,10,Cerastium,0.59,5.88,10,1
MD18,S22,11,Potentilla,0.59,5.88,10,1
MD21,S04.b.l,1,Lathyrus lanszwertii,10.71,33.33,32.14,7
MD21,S04.b.l,2,Eriogonum umbellatum,9.05,23.81,38,5
MD21,S04.b.l,3,Helianthella quinquenervis,6.43,23.81,27,5
MD21,S04.b.l,4,Erigeron speciosus,5.24,28.57,18.33,6
MD21,S04.b.l,5,Bromopsis inermis,4.76,9.52,50,2
MD21,S04.b.l,6,Geranium richardsonii,4.76,9.52,50,2
MD21,S04.b.l,7,Frasera speciosa,3.1,4.76,65,1
MD21,S04.b.l,8,Osmorhiza occidentalis,2.86,4.76,60,1
MD21,S04.b.l,9,Lupinus bakeri,2.86,19.05,15,4
MD21,S04.b.l,10,Artemisia dracunculus,2.86,9.52,30,2
MD21,S04.b.l,11,Valeriana occidentalis,2.62,4.76,55,1
MD21,S04.b.l,12,Ligusticum porteri,2.38,4.76,50,1
MD21,S04.b.l,13,Geum triflorum,1.9,4.76,40,1
MD21,S04.b.l,14,Potentilla pulcherrima,1.67,14.29,11.67,3
MD21,S04.b.l,15,Iris missouriensis,1.19,4.76,25,1
MD21,S04.b.l,16,Juncus arcticus,1.19,4.76,25,1
MD21,S04.b.l,17,Festuca thurberi,1.19,9.52,12.5,2
MD21,S04.b.l,18,Erigeron formosissimus,0.95,4.76,20,1
MD21,S04.b.l,19,Heterotheca villosa,0.95,4.76,20,1
MD21,S04.b.l,20,Agoseris glauca,0.71,4.76,15,1
MD21,S04.b.l,21,Achillea millefolium,0.48,4.76,10,1
MD21,S04.b.l,22,Dugaldia hoopesii,0.48,4.76,10,1
MD21,S04.b.l,23,Elymus glaucus,0.48,4.76,10,1
MD21,S04.b.l,24,Eremogone congesta,0.48,4.76,10,1
MD21,S04.b.l,25,Fragaria virgiana,0.48,4.76,10,1
MD22,S19.l,1,Oxytropis deflexa,9.64,28.57,33.75,4
MD22,S19.l,2,Potentilla pulcherrima,7.5,35.71,21,5
MD22,S19.l,3,Geum triflorum,7.5,28.57,26.25,4
MD22,S19.l,4,Deschampsia cespitosa,5.36,21.43,25,3
MD22,S19.l,5,Achillea millefolium,3.21,21.43,15,3
MD22,S19.l,6,Antennaria parvifolia,3.21,7.14,45,1
MD22,S19.l,7,Artemisia tridentata,2.5,14.29,17.5,2
MD22,S19.l,8,Elymus glaucus,2.5,14.29,17.5,2
MD22,S19.l,9,Poa pratensis,2.14,7.14,30,1
MD22,S19.l,10,Artemisia cana,1.79,7.14,25,1
MD22,S19.l,11,Potentilla hippiana,1.79,14.29,12.5,2
MD22,S19.l,12,Artemisia campestris,1.07,7.14,15,1
MD22,S19.l,13,Carex macloviana,1.07,7.14,15,1
MD22,S19.l,14,Cymopterus lemmonii,1.07,7.14,15,1
MD22,S19.l,15,Fragaria virginiana,1.07,7.14,15,1
MD22,S19.l,16,Potentilla gracilis,1.07,7.14,15,1
MD22,S19.l,17,Vaccinium cespitosum,0.71,7.14,10,1
MD22,S19.l,18,Castilleja septentrionalis,0.71,7.14,10,1
MD22,S19.l,19,Juncus arcticus,0.71,7.14,10,1
MD22,S19.l,20,Linum lewisii,0.71,7.14,10,1
MD22,S19.l,21,Solidago simplex,0.71,7.14,10,1
MD23,S01.a.l,1,Wyethia amplexicaulis,8.39,12.9,65,4
MD23,S01.a.l,2,Artemisia tridentata,7.42,22.58,32.86,7
MD23,S01.a.l,3,Potentilla pulcherrima,4.68,16.13,29,5
MD23,S01.a.l,4,Dasiphora fruticosa,4.35,6.45,67.5,2
MD23,S01.a.l,5,Juncus spp,3.55,6.45,55,2
MD23,S01.a.l,6,Heterotheca villosa,3.39,9.68,35,3
MD23,S01.a.l,7,Festuca thurberi,2.9,12.9,22.5,4
MD23,S01.a.l,8,Amelanchier alnifolia,2.58,9.68,26.67,3
MD23,S01.a.l,9,Juniperus communis,2.58,3.23,80,1
MD23,S01.a.l,10,Lathyrus lanszwertii,2.58,9.68,26.67,3
MD23,S01.a.l,11,Potentilla hippiana,2.1,6.45,32.5,2
MD23,S01.a.l,12,Linaria vulgaris,1.45,3.23,45,1
MD23,S01.a.l,13,Salix spp,1.45,3.23,45,1
MD23,S01.a.l,14,Erigeron speciosus,1.13,9.68,11.67,3
MD23,S01.a.l,15,Artemisia dracunculus,1.13,6.45,17.5,2
MD23,S01.a.l,16,Chrysothamnus viscidiflorus,0.97,3.23,30,1
MD23,S01.a.l,17,Osmorhiza occidentalis,0.97,3.23,30,1
MD23,S01.a.l,18,Symphoricarpos rotundifolius,0.97,3.23,30,1
MD23,S01.a.l,19,Arctostaphylos uva-ursi,0.97,6.45,15,2
MD23,S01.a.l,20,Lupinus bakeri,0.97,3.23,30,1
MD23,S01.a.l,21,Galium boreale,0.81,6.45,12.5,2
MD23,S01.a.l,22,Carex spp,0.81,3.23,25,1
MD23,S01.a.l,23,Ericameria nauseosa,0.81,3.23,25,1
MD23,S01.a.l,24,Mahonia repens,0.65,3.23,20,1
MD23,S01.a.l,25,Carex praticola,0.65,3.23,20,1
MD23,S01.a.l,26,Eremogone congesta,0.65,3.23,20,1
MD23,S01.a.l,27,Hymenoxys hoopesii,0.65,3.23,20,1
MD23,S01.a.l,28,Taraxacum officinale,0.65,3.23,20,1
MD23,S01.a.l,29,Astragalus alpinus,0.48,3.23,15,1
MD23,S01.a.l,30,Erigeron flagellaris,0.48,3.23,15,1
MD23,S01.a.l,31,Valeriana occidentalis,0.32,3.23,10,1
MD23,S01.a.l,32,Helianthella quinquenervis,0.32,3.23,10,1
MD23,S01.a.l,33,Bromopsis inermis,0.32,3.23,10,1
MD24,S20,1,Eriogonum umbellatum,7.19,37.5,19.17,6
MD24,S20,2,Heterotheca villosa,6.88,37.5,18.33,6
MD24,S20,3,Artemisia tridentata,3.75,18.75,20,3
MD24,S20,4,Festuca thurberi,2.19,18.75,11.67,3
MD24,S20,5,Heliomeris multiflora,2.19,12.5,17.5,2
MD24,S20,6,Amelanchier alnifolia,1.88,12.5,15,2
MD24,S20,7,Artemisia dracunculus,1.25,6.25,20,1
MD24,S20,8,Achnatherum lettermanii,0.62,6.25,10,1
MD24,S20,9,Carex praticola,0.62,6.25,10,1
MD24,S20,10,Eremogone congesta,0.62,6.25,10,1
MD24,S20,11,Helianthella quinquenervis,0.62,6.25,10,1
MD24,S20,12,Thalictrum fendleri,0.62,6.25,10,1
MM07,S26,1,Prunus virginiana,34.29,71.43,48,5
MM07,S26,2,Symphoricarpos rotundifolius,24.29,57.14,42.5,4
MM07,S26,3,Dasiphora fruticosa,11.43,14.29,80,1
MM07,S26,4,Amelanchier alnifolia,5,28.57,17.5,2
MM10,S02.a.e,1,Wyethia amplexicaulis,13.68,36.84,37.14,7
MM10,S02.a.e,2,Eriogonum umbellatum,4.21,26.32,16,5
MM10,S02.a.e,3,Festuca saximontana,3.95,21.05,18.75,4
MM10,S02.a.e,4,Artemisia tridentata,3.68,31.58,11.67,6
MM10,S02.a.e,5,Geranium richardsonii,2.11,5.26,40,1
MM10,S02.a.e,6,Erigeron speciosus,1.84,15.79,11.67,3
MM10,S02.a.e,7,Lupinus bakeri,1.84,10.53,17.5,2
MM10,S02.a.e,8,Poa pratensis,1.32,10.53,12.5,2
MM10,S02.a.e,9,Chrysothamnus viscidiflorus,1.05,10.53,10,2
MM10,S02.a.e,10,Agoseris glauca,1.05,5.26,20,1
MM10,S02.a.e,11,Helianthella quinquenervis,0.79,5.26,15,1
MM10,S02.a.e,12,Potentilla pulcherrima,0.79,5.26,15,1
MM10,S02.a.e,13,Lathyrus lanszwertii,0.53,5.26,10,1
MM10,S02.a.e,14,Lupinus argenteus,0.53,5.26,10,1
MM10,S02.a.e,15,Symphoricarpos rotundifolius,0.53,5.26,10,1
MM12,S10.b,1,Erigeron speciosus,27.78,88.89,31.25,8
MM12,S10.b,2,Agastache urticifolia,12.22,44.44,27.5,4
MM12,S10.b,3,Lupinus argenteus,10.56,33.33,31.67,3
MM12,S10.b,4,Delphinium barbeyi,9.44,33.33,28.33,3
MM12,S10.b,5,Festuca thurberi,4.44,33.33,13.33,3
MM12,S10.b,6,Osmorhiza occidentalis,3.33,11.11,30,1
MM12,S10.b,7,Lathyrus lanszwertii,2.78,11.11,25,1
MM12,S10.b,8,Bromus carinatus,2.22,22.22,10,2
MM12,S10.b,9,Symphoricarpos rotundifolius,1.67,11.11,15,1
MM16,S02.b,1,Lathyrus lanszwertii,29.44,100,29.44,9
MM16,S02.b,2,Frasera speciosa,5.56,11.11,50,1
MM16,S02.b,3,Artemisia tridentata,4.44,22.22,20,2
MM16,S02.b,4,Symphoricarpos rotundifolius,4.44,11.11,40,1
MM16,S02.b,5,Lupinus argenteus,3.89,22.22,17.5,2
MM16,S02.b,6,Festuca thurberi,3.33,22.22,15,2
MM16,S02.b,7,Poa pratensis,3.33,22.22,15,2
MM16,S02.b,8,Potentilla pulcherrima,2.22,22.22,10,2
MM16,S02.b,9,Agastache urticifolia,2.22,11.11,20,1
MM16,S02.b,10,Helianthella quinquenervis,1.67,11.11,15,1
MM16,S02.b,11,Erigeron speciosus,1.67,11.11,15,1
MM16,S02.b,12,Agoseris glauca,1.11,11.11,10,1
MM16,S02.b,13,Festuca saximontana,1.11,11.11,10,1
MM16,S02.b,14,Taraxacum officinale,1.11,11.11,10,1
MM16,S02.b,15,Wyethia spp,0.56,11.11,5,1
MM19,S11,1,Wyethia amplexicaulis,21.67,36.67,59.09,11
MM19,S11,2,Pyrrocoma crocea,6.67,13.33,50,4
MM19,S11,3,Delphinium barbeyi,6.17,13.33,46.25,4
MM19,S11,4,Carex spp,6,6.67,90,2
MM19,S11,5,Caltha leptosepala,4.17,13.33,31.25,4
MM19,S11,6,Lupinus argenteus,3.83,13.33,28.75,4
MM19,S11,7,Carex aquatilis,3.5,6.67,52.5,2
MM19,S11,8,Phleum pratense,3,3.33,90,1
MM19,S11,9,Lomatium dissectum,2.33,13.33,17.5,4
MM19,S11,10,Potentilla pulcherrima,2.33,10,23.33,3
MM19,S11,11,Poa pratensis,2.33,3.33,70,1
MM19,S11,12,Carex utriculata,2,3.33,60,1
MM19,S11,13,Deschampsia cespitosa,2,3.33,60,1
MM19,S11,14,Erigeron speciosus,1.5,10,15,3
MM19,S11,15,Pedicularis groenlandica,1.5,6.67,22.5,2
MM19,S11,16,Ranunculus alismifolius,1.33,6.67,20,2
MM19,S11,17,Senecio integerrimus,1.17,3.33,35,1
MM19,S11,18,Agastache urticifolia,1,6.67,15,2
MM19,S11,19,Festuca thurberi,1,3.33,30,1
MM19,S11,20,Fragaria virginiana,1,3.33,30,1
MM19,S11,21,Pseudocymopterus montanus,1,3.33,30,1
MM19,S11,22,Taraxacum officinale,1,3.33,30,1
MM19,S11,23,Helianthella quinquenervis,0.83,6.67,12.5,2
MM19,S11,24,Chrysothamnus viscidiflorus,0.83,6.67,12.5,2
MM19,S11,25,Artemisia dracunculus,0.5,3.33,15,1
MM19,S11,26,Rumex densiflorus,0.33,3.33,10,1
MM19,S11,27,Bromus carinatus,0.33,3.33,10,1
MM20,S10.a,1,Symphoricarpos rotundifolius,14.62,26.92,54.29,7
MM20,S10.a,2,Dasiphora fruticosa,7.31,15.38,47.5,4
MM20,S10.a,3,Lathyrus lanszwertii,5.77,15.38,37.5,4
MM20,S10.a,4,Taraxacum officinale,5.19,19.23,27,5
MM20,S10.a,5,Carex utriculata,3.85,3.85,100,1
MM20,S10.a,6,Artemisia dracunculus,2.88,7.69,37.5,2
MM20,S10.a,7,Poa pratensis,2.69,7.69,35,2
MM20,S10.a,8,Bromopsis inermis,2.69,3.85,70,1
MM20,S10.a,9,Artemisia tridentata,2.5,15.38,16.25,4
MM20,S10.a,10,Fragaria virginiana,2.5,7.69,32.5,2
MM20,S10.a,11,Geum triflorum,2.5,3.85,65,1
MM20,S10.a,12,Agastache urticifolia,2.31,7.69,30,2
MM20,S10.a,13,Lomatium dissectum,1.92,3.85,50,1
MM20,S10.a,14,Solidago multiradiata,1.54,7.69,20,2
MM20,S10.a,15,Phleum pratense,1.54,3.85,40,1
MM20,S10.a,16,Veratrum tenuipetalum,1.35,3.85,35,1
MM20,S10.a,17,Carex ebenea,1.15,3.85,30,1
MM20,S10.a,18,Frasera speciosa,1.15,3.85,30,1
MM20,S10.a,19,Ranunculus alismifolius,0.96,3.85,25,1
MM20,S10.a,20,Pyrrocoma crocea,0.96,7.69,12.5,2
MM20,S10.a,21,Trifolium pratense,0.77,3.85,20,1
MM20,S10.a,22,Valeriana occidentalis,0.77,3.85,20,1
MM20,S10.a,23,Anticlea elegans,0.77,3.85,20,1
MM20,S10.a,24,Caltha leptosepala,0.58,3.85,15,1
MM20,S10.a,25,Castilleja linariifolia,0.58,3.85,15,1
MM20,S10.a,26,Helianthella quinquenervis,0.58,3.85,15,1
MM20,S10.a,27,Linaria vulgaris,0.38,3.85,10,1
MM20,S10.a,28,Lupinus argenteus,0.38,3.85,10,1
MM20,S10.a,29,Achillea millefolium,0.38,3.85,10,1
MM20,S10.a,30,Galium boreale,0.38,3.85,10,1
MM20,S10.a,31,Iris missouriensis,0.38,3.85,10,1
MM20,S10.a,32,Thalictrum fendleri,0.38,3.85,10,1
MM25,S10.c,1,Potentilla pulcherrima,21,100,21,10
MM25,S10.c,2,Castilleja septentrionalis,8.5,20,42.5,2
MM25,S10.c,3,Taraxacum officinale,7.5,30,25,3
MM25,S10.c,4,Geum triflorum,5.5,10,55,1
MM25,S10.c,5,Galium boreale,5,10,50,1
MM25,S10.c,6,Valeriana occidentalis,2.5,20,12.5,2
MM25,S10.c,7,Festuca thurberi,2.5,10,25,1
MM25,S10.c,8,Valeriana edulis,2.5,10,25,1
MM25,S10.c,9,Ranunculus alismifolius,2,10,20,1
MM25,S10.c,10,Astragalus alpinus,1.5,10,15,1
MM25,S10.c,11,Potentilla hippiana,1.5,10,15,1
MM25,S10.c,12,Vicia americana,1.5,10,15,1
MM25,S10.c,13,Dasiphora fruticosa,1,10,10,1
MM25,S10.c,14,Hymenoxys hoopesii,1,10,10,1
MM26,S02.a.l,1,Festuca thurberi,6.96,35.71,19.5,10
MM26,S02.a.l,2,Delphinium barbeyi,6.61,14.29,46.25,4
MM26,S02.a.l,3,Ligusticum porteri,5.54,25,22.14,7
MM26,S02.a.l,4,Erigeron speciosus,3.57,21.43,16.67,6
MM26,S02.a.l,5,Artemisia tridentata,3.21,7.14,45,2
MM26,S02.a.l,6,Antennaria rosea,2.68,3.57,75,1
MM26,S02.a.l,7,Wyethia spp,2.68,3.57,75,1
MM26,S02.a.l,8,Dugaldia hoopesii,2.68,10.71,25,3
MM26,S02.a.l,9,Wyethia amplexicaulis,2.5,7.14,35,2
MM26,S02.a.l,10,Veratrum tenuipetalum,2.14,3.57,60,1
MM26,S02.a.l,11,Frasera speciosa,2.14,3.57,60,1
MM26,S02.a.l,12,Hymenoxys hoopesii,1.96,7.14,27.5,2
MM26,S02.a.l,13,Helianthella quinquenervis,1.79,7.14,25,2
MM26,S02.a.l,14,Poa pratensis,1.61,3.57,45,1
MM26,S02.a.l,15,Osmorhiza occidentalis,1.25,3.57,35,1
MM26,S02.a.l,16,Eremogone congesta,1.07,3.57,30,1
MM26,S02.a.l,17,Symphoricarpos rotundifolius,1.07,3.57,30,1
MM26,S02.a.l,18,Eriogonum umbellatum,0.71,7.14,10,2
MM26,S02.a.l,19,Potentilla pulcherrima,0.71,7.14,10,2
MM26,S02.a.l,20,Collomia linearis,0.36,3.57,10,1
MM26,S02.a.l,21,Vaccinium scoparium,0.36,3.57,10,1
MM26,S02.a.l,22,Linum lewisii,0.36,3.57,10,1
MM26,S02.a.l,23,Senecio crassulus,0.36,3.57,10,1
MM26,S02.a.l,24,Bromopsis inermis,0.36,3.57,10,1
SD42,S12,1,Heterotheca villosa,6.75,35,19.29,7
SD42,S12,2,Lupinus argenteus,6.25,15,41.67,3
SD42,S12,3,Mertensia ciliata,4.25,5,85,1
SD42,S12,4,Vaccinium cespitosum,3.75,15,25,3
SD42,S12,5,Senecio crassulus,3.5,25,14,5
SD42,S12,6,Arnica mollis,3.5,15,23.33,3
SD42,S12,7,Bromopsis ciliata,3,15,20,3
SD42,S12,8,Sibbaldia procumbens,2.25,10,22.5,2
SD42,S12,9,Hymenoxys hoopesii,2,10,20,2
SD42,S12,10,Ligusticum porteri,2,5,40,1
SD42,S12,11,Juncus parryi,1,5,20,1
SD42,S12,12,Thalictrum fendleri,1,5,20,1
SD42,S12,13,Acomastylis rossii,0.75,5,15,1
SD42,S12,14,Castilleja septentrionalis,0.75,5,15,1
SD42,S12,15,Deschampsia cespitosa,0.75,5,15,1
SD42,S12,16,Helianthella quinquenervis,0.75,5,15,1
SD42,S12,17,Erigeron speciosus,0.5,5,10,1
SD42,S12,18,Erythronium grandiflorum,0.5,5,10,1
SM27,Osmorhiza occidentalis,1,Osmorhiza occidentalis,85.62,100,85.62,8
SM27,Osmorhiza occidentalis,2,Helianthella quinquenervis,1.88,12.5,15,1
SM27,Osmorhiza occidentalis,3,Delphinium barbeyi,1.25,12.5,10,1
SM27,Osmorhiza occidentalis,4,Thalictrum fendleri,1.25,12.5,10,1
SM27,Osmorhiza occidentalis,5,Lathyrus lanszwertii,0.62,12.5,5,1
SM27,Osmorhiza occidentalis,6,Valeriana occidentalis,0.62,12.5,5,1
SM28,S06.b,1,Helianthella quinquenervis,4.34,18.07,24,15
SM28,S06.b,2,Lathyrus lanszwertii,4.22,19.28,21.88,16
SM28,S06.b,3,Heliomeris multiflora,3.61,22.89,15.79,19
SM28,S06.b,4,Delphinium barbeyi,3.37,4.82,70,4
SM28,S06.b,5,Erigeron speciosus,3.13,21.69,14.44,18
SM28,S06.b,6,Lupinus argenteus,3.13,6.02,52,5
SM28,S06.b,7,Agastache urticifolia,2.71,7.23,37.5,6
SM28,S06.b,8,Artemisia dracunculus,2.47,4.82,51.25,4
SM28,S06.b,9,Eriogonum umbellatum,2.05,6.02,34,5
SM28,S06.b,10,Potentilla pulcherrima,2.05,12.05,17,10
SM28,S06.b,11,Bromopsis sp.,1.99,2.41,82.5,2
SM28,S06.b,12,Dasiphora fruticosa,1.87,7.23,25.83,6
SM28,S06.b,13,Sambucus racemosa,1.2,2.41,50,2
SM28,S06.b,14,Heterotheca villosa,1.14,4.82,23.75,4
SM28,S06.b,15,Osmorhiza occidentalis,1.14,3.61,31.67,3
SM28,S06.b,16,Ribes montigenum,1.08,1.2,90,1
SM28,S06.b,17,Rumex densiflorus,1.08,1.2,90,1
SM28,S06.b,18,Carex praticola,0.96,4.82,20,4
SM28,S06.b,19,Mertensia ciliata,0.9,1.2,75,1
SM28,S06.b,20,Symphyotrichum spp,0.84,1.2,70,1
SM28,S06.b,21,Senecio serra,0.78,3.61,21.67,3
SM28,S06.b,22,Fragaria virgiana,0.78,1.2,65,1
SM28,S06.b,23,Potentilla hippiana,0.72,3.61,20,3
SM28,S06.b,24,Carex hoodii,0.72,1.2,60,1
SM28,S06.b,25,Caltha leptosepala,0.72,1.2,60,1
SM28,S06.b,26,Artemisia tridentata,0.66,3.61,18.33,3
SM28,S06.b,27,Wyethia spp,0.66,2.41,27.5,2
SM28,S06.b,28,Bromopsis inermis,0.54,4.82,11.25,4
SM28,S06.b,29,Aquilegia coerulea var. coerulea,0.48,1.2,40,1
SM28,S06.b,30,Thalictrum fendleri,0.48,3.61,13.33,3
SM28,S06.b,31,Achillea millefolium,0.48,2.41,20,2
SM28,S06.b,32,Fragaria virginiana,0.42,3.61,11.67,3
SM28,S06.b,33,Galium boreale,0.42,3.61,11.67,3
SM28,S06.b,34,Eucephalus engelmannii,0.42,1.2,35,1
SM28,S06.b,35,Frasera speciosa,0.42,1.2,35,1
SM28,S06.b,36,Juncus spp,0.42,1.2,35,1
SM28,S06.b,37,Symphoricarpos rotundifolius,0.36,1.2,30,1
SM28,S06.b,38,Senecio triangularis,0.36,1.2,30,1
SM28,S06.b,39,Rosa woodsii,0.3,1.2,25,1
SM28,S06.b,40,Poa compressa,0.3,2.41,12.5,2
SM28,S06.b,41,Carex geyeri,0.3,1.2,25,1
SM28,S06.b,42,Anticlea elegans,0.3,2.41,12.5,2
SM28,S06.b,43,Hymenoxys hoopesii,0.3,2.41,12.5,2
SM28,S06.b,44,Linum lewisii,0.24,2.41,10,2
SM28,S06.b,45,Amelanchier alnifolia,0.24,1.2,20,1
SM28,S06.b,46,Antennaria rosea,0.24,2.41,10,2
SM28,S06.b,47,Rubus idaeus,0.24,1.2,20,1
SM28,S06.b,48,Eremogone congesta,0.24,1.2,20,1
SM28,S06.b,49,Taraxacum officinale,0.18,1.2,15,1
SM28,S06.b,50,Hydrophyllum fendleri,0.18,1.2,15,1
SM28,S06.b,51,Ligusticum porteri,0.12,1.2,10,1
SM28,S06.b,52,Carex spp,0.12,1.2,10,1
SM28,S06.b,53,Agoseris glauca,0.12,1.2,10,1
SM28,S06.b,54,Festuca thurberi,0.12,1.2,10,1
SM28,S06.b,55,Cymopterus lemmonii,0.12,1.2,10,1
SM28,S06.b,56,Solidago multiradiata,0.12,1.2,10,1
SM28,S06.b,57,Elymus lanceolatus,0.12,1.2,10,1
SM28,S06.b,58,Geranium richardsonii,0.12,1.2,10,1
SM28,S06.b,59,Lupinus bakeri,0.12,1.2,10,1
SM28,S06.b,60,Achnatherum lettermanii,0.12,1.2,10,1
SM28,S06.b,61,Deschampsia cespitosa,0.12,1.2,10,1
SM28,S06.b,62,Castilleja septentrionalis,0.12,1.2,10,1
SM28,S06.b,63,Ipomopsis aggregata,0.12,1.2,10,1
SM28,S06.b,64,Dugaldia hoopesii,0.06,1.2,5,1
SM30,S23,1,Vaccinium cespitosum,5.28,27.78,19,5
SM30,S23,2,Achillea millefolium,5,11.11,45,2
SM30,S23,3,Deschampsia cespitosa,3.89,16.67,23.33,3
SM30,S23,4,Antennaria corymbosa,3.33,11.11,30,2
SM30,S23,5,Carex aquatilis,3.06,11.11,27.5,2
SM30,S23,6,Rumex densiflorus,2.78,5.56,50,1
SM30,S23,7,Agoseris glauca,2.5,22.22,11.25,4
SM30,S23,8,Festuca thurberi,2.22,5.56,40,1
SM30,S23,9,Fragaria virginiana,1.94,5.56,35,1
SM30,S23,10,Sibbaldia procumbens,1.94,5.56,35,1
SM30,S23,11,Dasiphora fruticosa,1.67,5.56,30,1
SM30,S23,12,Salix wolfii,1.39,5.56,25,1
SM30,S23,13,Oxytropis deflexa,1.11,5.56,20,1
SM30,S23,14,Cirsium scariosum,0.83,5.56,15,1
SM30,S23,15,Heterotheca villosa,0.83,5.56,15,1
SM30,S23,16,Caltha leptosepala,0.56,5.56,10,1
SM30,S23,17,Potentilla gracilis,0.56,5.56,10,1
SM33,S08.a.e,1,Helianthella quinquenervis,13.57,57.14,23.75,8
SM33,S08.a.e,2,Thalictrum fendleri,7.86,21.43,36.67,3
SM33,S08.a.e,3,Festuca thurberi,7.5,14.29,52.5,2
SM33,S08.a.e,4,Heliomeris multiflora,6.43,28.57,22.5,4
SM33,S08.a.e,5,Bromopsis inermis,4.29,35.71,12,5
SM33,S08.a.e,6,Lathyrus lanszwertii,3.57,14.29,25,2
SM33,S08.a.e,7,Lupinus bakeri,3.57,7.14,50,1
SM33,S08.a.e,8,Eucephalus engelmannii,2.5,7.14,35,1
SM33,S08.a.e,9,Erigeron speciosus,2.14,21.43,10,3
SM33,S08.a.e,10,Poa secunda,1.79,14.29,12.5,2
SM33,S08.a.e,11,Festuca idahoensis,1.79,21.43,8.33,3
SM33,S08.a.e,12,Dugaldia hoopesii,1.43,7.14,20,1
SM33,S08.a.e,13,Solidago spp,1.43,7.14,20,1
SM33,S08.a.e,14,Ligusticum porteri,1.43,14.29,10,2
SM33,S08.a.e,15,Senecio crassulus,0.71,7.14,10,1
SM33,S08.a.e,16,Agrostis spp,0.71,7.14,10,1
SM33,S08.a.e,17,Delphinium barbeyi,0.71,7.14,10,1
SM33,S08.a.e,18,Fragaria virgiana,0.71,7.14,10,1
SM33,S08.a.e,19,Potentilla pulcherrima,0.71,7.14,10,1
SM34,S09.a,1,Lathyrus lanszwertii,12.11,36.84,32.86,7
SM34,S09.a,2,Potentilla pulcherrima,9.21,36.84,25,7
SM34,S09.a,3,Erigeron speciosus,5.26,21.05,25,4
SM34,S09.a,4,Heliomeris multiflora,4.74,10.53,45,2
SM34,S09.a,5,Vaccinium cespitosum,4.74,10.53,45,2
SM34,S09.a,6,Helianthella quinquenervis,4.47,21.05,21.25,4
SM34,S09.a,7,Delphinium barbeyi,3.42,5.26,65,1
SM34,S09.a,8,Thalictrum fendleri,3.16,21.05,15,4
SM34,S09.a,9,Lupinus bakeri,2.89,10.53,27.5,2
SM34,S09.a,10,Aquilegia coerulea var. coerulea,2.37,5.26,45,1
SM34,S09.a,11,Osmorhiza occidentalis,2.11,5.26,40,1
SM34,S09.a,12,Castilleja sulphurea,1.84,15.79,11.67,3
SM34,S09.a,13,Carex spp,1.58,5.26,30,1
SM34,S09.a,14,Dugaldia hoopesii,1.05,10.53,10,2
SM34,S09.a,15,Geranium richardsonii,1.05,10.53,10,2
SM34,S09.a,16,Ligusticum porteri,1.05,10.53,10,2
SM34,S09.a,17,Aquilegia coerulea,0.79,5.26,15,1
SM34,S09.a,18,Carex microptera,0.79,5.26,15,1
SM34,S09.a,19,Carex hoodii,0.79,5.26,15,1
SM34,S09.a,20,Galium boreale,0.53,5.26,10,1
SM34,S09.a,21,Pseudocymopterus montanus,0.53,5.26,10,1
SM34,S09.a,22,Senecio crassulus,0.53,5.26,10,1
SM34,S09.a,23,Vicia americana,0.53,5.26,10,1
SM35,M02,1,Ligusticum porteri,27.04,93.88,28.8,46
SM35,M02,2,Delphinium barbeyi,6.73,20.41,33,10
SM35,M02,3,Veratrum tenuipetalum,3.47,14.29,24.29,7
SM35,M02,4,Helianthella quinquenervis,3.37,16.33,20.62,8
SM35,M02,5,Heracleum maximum,2.45,12.24,20,6
SM35,M02,6,Thalictrum fendleri,2.35,14.29,16.43,7
SM35,M02,7,Deschampsia cespitosa,2.14,6.12,35,3
SM35,M02,8,Festuca thurberi,1.94,12.24,15.83,6
SM35,M02,9,Eucephalus engelmannii,1.84,6.12,30,3
SM35,M02,10,Erigeron speciosus,1.84,8.16,22.5,4
SM35,M02,11,Heliomeris multiflora,1.73,12.24,14.17,6
SM35,M02,12,Frasera speciosa,1.43,6.12,23.33,3
SM35,M02,13,Osmorhiza occidentalis,1.43,8.16,17.5,4
SM35,M02,14,Senecio serra,1.33,8.16,16.25,4
SM35,M02,15,Geranium richardsonii,1.22,6.12,20,3
SM35,M02,16,Chamerion danielsii,0.92,4.08,22.5,2
SM35,M02,17,Senecio crassulus,0.92,6.12,15,3
SM35,M02,18,Bromopsis inermis,0.82,4.08,20,2
SM35,M02,19,Valeriana edulis,0.82,4.08,20,2
SM35,M02,20,Arnica mollis,0.71,4.08,17.5,2
SM35,M02,21,Aquilegia coerulea var. coerulea,0.71,2.04,35,1
SM35,M02,22,Rhodiola rhodantha,0.51,2.04,25,1
SM35,M02,23,Hymenoxys hoopesii,0.41,4.08,10,2
SM35,M02,24,Carex hoodii,0.41,4.08,10,2
SM35,M02,25,Galium boreale,0.41,4.08,10,2
SM35,M02,26,Linum lewisii,0.41,4.08,10,2
SM35,M02,27,Festuca idahoensis,0.41,2.04,20,1
SM35,M02,28,Mertensia ciliata,0.31,2.04,15,1
SM35,M02,29,Ribes montigenum,0.31,2.04,15,1
SM35,M02,30,Carex siccata,0.2,2.04,10,1
SM35,M02,31,Hydrophyllum fendleri,0.2,2.04,10,1
SM35,M02,32,Lupinus argenteus,0.2,2.04,10,1
SM35,M02,33,Carex spp,0.2,2.04,10,1
SM35,M02,34,Dugaldia hoopesii,0.2,2.04,10,1
SM35,M02,35,Elymus lanceolatus,0.2,2.04,10,1
SM35,M02,36,Fragaria virgiana,0.2,2.04,10,1
SM35,M02,37,Juncus arcticus,0.2,2.04,10,1
SM35,M02,38,Lathyrus lanszwertii,0.2,2.04,10,1
SM35,M02,39,Symphoricarpos rotundifolius,0.2,2.04,10,1
SM38,S13.b,1,Lupinus argenteus,20,37.5,53.33,3
SM38,S13.b,2,Vaccinium cespitosum,9.38,50,18.75,4
SM38,S13.b,3,Poa pratensis,7.5,12.5,60,1
SM38,S13.b,4,Heterotheca villosa,5,25,20,2
SM38,S13.b,5,Erigeron speciosus,5,12.5,40,1
SM38,S13.b,6,Deschampsia cespitosa,2.5,25,10,2
SM38,S13.b,7,Calamagrostis canadensis,2.5,12.5,20,1
SM38,S13.b,8,Erigeron glacialis,1.88,12.5,15,1
SM38,S13.b,9,Senecio crassulus,1.88,12.5,15,1
SM38,S13.b,10,Aquilegia coerulea,1.25,12.5,10,1
SM38,S13.b,11,Ligusticum porteri,1.25,12.5,10,1
SM38,S13.b,12,Senecio integerrimus,1.25,12.5,10,1
SM40,M01,1,Vaccinium cespitosum,40.57,100,40.57,35
SM40,M01,2,Heterotheca villosa,4.86,25.71,18.89,9
SM40,M01,3,Erigeron glacialis,3.29,11.43,28.75,4
SM40,M01,4,Arnica mollis,2,8.57,23.33,3
SM40,M01,5,Deschampsia cespitosa,1.43,11.43,12.5,4
SM40,M01,6,Lupinus argenteus,1.14,8.57,13.33,3
SM40,M01,7,Salix glauca,1.14,2.86,40,1
SM40,M01,8,Senecio crassulus,1,8.57,11.67,3
SM40,M01,9,Erigeron grandiflorus,0.29,2.86,10,1
SM40,M01,10,Arnica parryi,0.29,2.86,10,1
SM40,M01,11,Carex pachystachya,0.29,2.86,10,1
SM40,M01,12,Eremogone congesta,0.29,2.86,10,1
SM40,M01,13,Sibbaldia procumbens,0.29,2.86,10,1
SM40,M01,14,Castilleja septentrionalis,0.29,2.86,10,1
SM40,M01,15,Dugaldia hoopesii,0.29,2.86,10,1
SM40,M01,16,Fragaria virgiana,0.29,2.86,10,1
SM40,M01,17,Solidago spp,0.29,2.86,10,1
SM41,S21,1,Bromopsis inermis,5.71,35.71,16,5
SM41,S21,2,Vaccinium cespitosum,4.64,21.43,21.67,3
SM41,S21,3,Arnica mollis,4.29,7.14,60,1
SM41,S21,4,Chamaenerion angustifolium,3.57,14.29,25,2
SM41,S21,5,Caltha leptosepala,3.21,7.14,45,1
SM41,S21,6,Ligusticum porteri,2.86,7.14,40,1
SM41,S21,7,Veratrum tenuipetalum,2.86,14.29,20,2
SM41,S21,8,Deschampsia cespitosa,2.5,14.29,17.5,2
SM41,S21,9,Erigeron glacialis,2.5,14.29,17.5,2
SM41,S21,10,Hymenoxys hoopesii,2.14,21.43,10,3
SM41,S21,11,Acomastylis rossii,1.79,7.14,25,1
SM41,S21,12,Delphinium barbeyi,1.43,7.14,20,1
SM41,S21,13,Thalictrum fendleri,1.07,7.14,15,1
SM41,S21,14,Erigeron elatior,0.71,7.14,10,1
SM41,S21,15,Erigeron grandiflorus,0.71,7.14,10,1
SM41,S21,16,Juncus parryi,0.71,7.14,10,1
SM41,S21,17,Senecio crassulus,0.71,7.14,10,1
SM45,S08.a.l,1,Deschampsia cespitosa,23.12,68.75,33.64,11
SM45,S08.a.l,2,Arnica mollis,12.81,31.25,41,5
SM45,S08.a.l,3,Senecio crassulus,5.31,31.25,17,5
SM45,S08.a.l,4,Elymus spp,4.38,6.25,70,1
SM45,S08.a.l,5,Bromopsis inermis,2.5,6.25,40,1
SM45,S08.a.l,6,Juncus cf. drummondii,2.5,6.25,40,1
SM45,S08.a.l,7,Geranium richardsonii,1.88,12.5,15,2
SM45,S08.a.l,8,Juncus parryi,1.88,12.5,15,2
SM45,S08.a.l,9,Rumex densiflorus,1.88,6.25,30,1
SM45,S08.a.l,10,Carex pachystachya,1.56,6.25,25,1
SM45,S08.a.l,11,Heterotheca villosa,1.25,6.25,20,1
SM45,S08.a.l,12,Castilleja septentrionalis,0.94,6.25,15,1
SM45,S08.a.l,13,Poa leptocoma,0.94,6.25,15,1
SM45,S08.a.l,14,Bistorta bistortoides,0.62,6.25,10,1
SM45,S08.a.l,15,Carex spp,0.62,6.25,10,1
SM45,S08.a.l,16,Valeriana edulis,0.62,6.25,10,1
SW29,Veratrum tenuipetalum,1,Veratrum tenuipetalum,85.26,100,85.26,19
SW29,Veratrum tenuipetalum,2,Mertensia ciliata,2.63,15.79,16.67,3
SW29,Veratrum tenuipetalum,3,Ligusticum porteri,2.37,21.05,11.25,4
SW29,Veratrum tenuipetalum,4,Festuca thurberi,1.05,5.26,20,1
SW29,Veratrum tenuipetalum,5,Senecio serra,0.79,5.26,15,1
SW29,Veratrum tenuipetalum,6,Chamerion danielsii,0.53,5.26,10,1
SW29,Veratrum tenuipetalum,7,Delphinium barbeyi,0.53,5.26,10,1
SW31,Ligusticum porteri,1,Ligusticum porteri,84.67,100,84.67,15
SW31,Ligusticum porteri,2,Helianthella quinquenervis,3.67,26.67,13.75,4
SW31,Ligusticum porteri,3,Sambucus racemosa,1.67,6.67,25,1
SW31,Ligusticum porteri,4,Rumex densiflorus,0.67,6.67,10,1
SW32,S15,1,Carex aquatilis,19.69,31.25,63,5
SW32,S15,2,Phleum pratense,12.5,12.5,100,2
SW32,S15,3,Deschampsia cespitosa,10,18.75,53.33,3
SW32,S15,4,Carex saxatilis,9.69,12.5,77.5,2
SW32,S15,5,Carex spp,6.25,6.25,100,1
SW32,S15,6,Carex sp.,5.94,12.5,47.5,2
SW32,S15,7,Juncus arcticus,4.69,6.25,75,1
SW32,S15,8,Juncus cf. drummondii,2.81,6.25,45,1
SW32,S15,9,Elymus glaucus,1.88,6.25,30,1
SW32,S15,10,Caltha leptosepala,1.56,6.25,25,1
SW32,S15,11,Dasiphora fruticosa,1.56,6.25,25,1
SW32,S15,12,Rumex densiflorus,1.25,6.25,20,1
SW32,S15,13,Geum macrophyllum,0.62,6.25,10,1
SW36,S03,1,Veratrum tenuipetalum,31.36,77.27,40.59,17
SW36,S03,2,Mertensia ciliata,15.68,31.82,49.29,7
SW36,S03,3,Ligusticum porteri,10.68,50,21.36,11
SW36,S03,4,Delphinium barbeyi,9.09,31.82,28.57,7
SW36,S03,5,Heracleum maximum,5.45,22.73,24,5
SW36,S03,6,Senecio triangularis,5,9.09,55,2
SW36,S03,7,Thalictrum fendleri,3.41,13.64,25,3
SW36,S03,8,Chamerion danielsii,2.27,4.55,50,1
SW36,S03,9,Senecio serra,1.82,4.55,40,1
SW36,S03,10,Bromopsis inermis,0.91,4.55,20,1
SW36,S03,11,Hymenoxys hoopesii,0.91,4.55,20,1
SW36,S03,12,Osmorhiza occidentalis,0.91,4.55,20,1
SW36,S03,13,Frasera speciosa,0.91,4.55,20,1
SW36,S03,14,Corydalis caseana,0.68,4.55,15,1
SW36,S03,15,Calamagrostis canadensis,0.45,4.55,10,1
SW36,S03,16,Aquilegia coerulea,0.45,4.55,10,1
SW36,S03,17,Helianthella quinquenervis,0.45,4.55,10,1
SW36,S03,18,Rhodiola rhodantha,0.45,4.55,10,1
SW36,S03,19,Hydrophyllum fendleri,0.23,4.55,5,1
SW37,Corydalis caseana,1,Corydalis caseana,96,100,96,5
SW37,Corydalis caseana,2,Veratrum tenuipetalum,3,20,15,1
SW39,Caltha leptosepala,1,Caltha leptosepala,82.86,100,82.86,7
SW39,Caltha leptosepala,2,Rhodiola rhodantha,3.57,14.29,25,1
SW39,Caltha leptosepala,3,Rhodiola integrifolia,1.43,14.29,10,1
