final_label,n,n_2018,n_2023,n_2025,n_2026,doy,recall,needs_ancillary,indicator_species,top_cover
AW43,15,5,3,4,3,169,0.4,FALSE,Festuca_thurberi,Calamagrostis stricta 7 / Deschampsia cespitosa 6 / Bistorta bistortoides 6
AW44,26,20,5,1,0,170,0.73,FALSE,Ligusticum_porteri,Caltha leptosepala 14 / Tolmachevia integrifolia 12 / Senecio triangularis 9
MD01,9,0,0,0,9,85,0.33,FALSE,Artemisia_tridentata,Artemisia tridentata 34 / Populus tremuloides 6 / Poa secunda 2
MD02,18,0,0,0,18,88,0.67,FALSE,Artemisia_tridentata,Purshia tridentata 9 / Chrysothamnus viscidiflorus 4 / Chrysothamnus depressus 4
MD03,21,0,1,1,19,97,0.9,FALSE,Artemisia_tridentata,Artemisia tridentata 10 / Purshia tridentata 6 / Phlox multiflora 3
MD04,22,0,0,22,0,100,0.86,TRUE,Erigeron_speciosus,Arctostaphylos uva-ursi 10 / Purshia tridentata 9 / Balsamorhiza sagittata 6
MD05,30,0,2,21,7,102,0.9,FALSE,Artemisia_tridentata,Artemisia tridentata 8 / Chrysothamnus viscidiflorus 5 / Purshia tridentata 4
MD06,7,0,0,6,1,102,0.71,FALSE,Artemisia_tridentata,Chrysothamnus depressus 9 / Balsamorhiza sagittata 8 / Wyethia amplexicaulis 6
MD08,19,0,13,4,2,110,0.42,TRUE,Erigeron_speciosus,Symphoricarpos rotundifolius 12 / Amelanchier alnifolia 7 / Chrysothamnus viscidiflorus 5
MD09,11,0,0,9,2,110,1,FALSE,Artemisia_tridentata,Symphoricarpos rotundifolius 10 / Artemisia tridentata 7 / Dasiphora fruticosa 5
MD11,16,0,14,2,0,119,0.25,FALSE,Lupinus_argenteus,Lupinus argenteus 32 / Symphoricarpos rotundifolius 6 / Erigeron speciosus 6
MD13,34,2,10,12,10,119,0.53,FALSE,Artemisia_tridentata,Artemisia tridentata 31 / Festuca thurberi 12 / Chrysothamnus viscidiflorus 3
MD14,12,0,9,1,2,121,0.08,TRUE,Eriogonum_umbellatum,Eriogonum umbellatum 28 / Wyethia amplexicaulis 4 / Artemisia tridentata 4
MD15,13,3,3,7,0,125,0.31,TRUE,Festuca_thurberi,Festuca thurberi 31 / Dasiphora fruticosa 6 / Erigeron speciosus 6
MD17,24,1,8,9,6,126,0.83,FALSE,Eriogonum_umbellatum,Eriogonum umbellatum 9 / Carex sp. 9 / Artemisia cana 6
MD18,17,0,2,5,10,126,0.94,FALSE,Artemisia_tridentata,Artemisia tridentata 16 / Antennaria rosea 3 / Potentilla hippiana 2
MD21,21,10,7,4,0,131,0.52,TRUE,Lathyrus_lanszwertii,Lathyrus lanszwertii 11 / Eriogonum umbellatum 9 / Helianthella quinquenervis 6
MD22,14,0,0,12,2,132,0.64,FALSE,Potentilla_pulcherrima,Oxytropis deflexa 10 / Potentilla pulcherrima 8 / Geum triflorum 8
MD23,31,3,19,9,0,133,0.71,TRUE,Artemisia_tridentata,Wyethia amplexicaulis 8 / Artemisia tridentata 7 / Potentilla pulcherrima 5
MD24,16,0,2,14,0,134,0.88,FALSE,Eriogonum_umbellatum,Eriogonum umbellatum 7 / Heterotheca villosa 7 / Artemisia tridentata 4
MM07,7,0,1,0,6,104,0.71,FALSE,Artemisia_tridentata,Prunus virginiana 34 / Symphoricarpos rotundifolius 24 / Dasiphora fruticosa 11
MM10,19,0,4,12,3,114,0.84,TRUE,Artemisia_tridentata,Wyethia amplexicaulis 14 / Eriogonum umbellatum 4 / Festuca saximontana 4
MM12,9,0,5,4,0,119,0.11,TRUE,Erigeron_speciosus,Erigeron speciosus 28 / Agastache urticifolia 12 / Lupinus argenteus 11
MM16,9,2,4,3,0,125,0,TRUE,Lathyrus_lanszwertii,Lathyrus lanszwertii 29 / Frasera speciosa 6 / Artemisia tridentata 4
MM19,30,1,21,8,0,126,0.8,FALSE,Lupinus_argenteus,Wyethia amplexicaulis 22 / Pyrrocoma crocea 7 / Delphinium barbeyi 6
MM20,26,1,16,9,0,128,0.77,TRUE,Lathyrus_lanszwertii,Symphoricarpos rotundifolius 15 / Dasiphora fruticosa 7 / Lathyrus lanszwertii 6
MM25,10,0,5,5,0,137,0.4,TRUE,Potentilla_pulcherrima,Potentilla pulcherrima 21 / Castilleja septentrionalis 8 / Taraxacum officinale 8
MM26,28,7,5,16,0,139,0.82,TRUE,Festuca_thurberi,Festuca thurberi 7 / Delphinium barbeyi 7 / Ligusticum porteri 6
SD42,20,1,9,10,0,168,0.95,FALSE,Lupinus_argenteus,Heterotheca villosa 7 / Lupinus argenteus 6 / Mertensia ciliata 4
SM27,8,5,3,0,0,140,0,FALSE,Helianthella_quinquenervis,Osmorhiza occidentalis 86 / Helianthella quinquenervis 2 / Delphinium barbeyi 1
SM28,83,25,15,42,1,143,0.8,TRUE,Lathyrus_lanszwertii,Helianthella quinquenervis 4 / Lathyrus lanszwertii 4 / Heliomeris multiflora 4
SM30,18,0,0,14,4,144,0.94,FALSE,Vaccinium_cespitosum,Vaccinium cespitosum 5 / Achillea millefolium 5 / Deschampsia cespitosa 4
SM33,14,13,1,0,0,148,0.36,TRUE,Helianthella_quinquenervis,Helianthella quinquenervis 14 / Thalictrum fendleri 8 / Festuca thurberi 8
SM34,19,15,3,1,0,149,0.74,TRUE,Lathyrus_lanszwertii,Lathyrus lanszwertii 12 / Potentilla pulcherrima 9 / Erigeron speciosus 5
SM35,49,31,7,11,0,150,0.33,FALSE,Ligusticum_porteri,Ligusticum porteri 27 / Delphinium barbeyi 7 / Veratrum tenuipetalum 3
SM38,8,2,2,4,0,159,0.12,TRUE,Lupinus_argenteus,Lupinus argenteus 20 / Vaccinium cespitosum 9 / Poa pratensis 8
SM40,35,6,13,16,0,163,0.8,FALSE,Vaccinium_cespitosum,Vaccinium cespitosum 41 / Heterotheca villosa 5 / Erigeron glacialis 3
SM41,14,0,1,13,0,166,0.79,FALSE,Vaccinium_cespitosum,Bromopsis inermis 6 / Vaccinium cespitosum 5 / Arnica mollis 4
SM45,16,5,4,7,0,172,0.75,TRUE,Artemisia_tridentata,Deschampsia cespitosa 23 / Arnica mollis 13 / Senecio crassulus 5
SW29,19,12,2,5,0,144,0.26,FALSE,Veratrum_tenuipetalum,Veratrum tenuipetalum 85 / Mertensia ciliata 3 / Ligusticum porteri 2
SW31,15,10,3,2,0,145,0,FALSE,Ligusticum_porteri,Ligusticum porteri 85 / Helianthella quinquenervis 4 / Sambucus racemosa 2
SW32,16,2,2,12,0,147,0.75,FALSE,Artemisia_tridentata,Carex aquatilis 20 / Phleum pratense 12 / Deschampsia cespitosa 10
SW36,22,9,3,10,0,151,0.68,FALSE,Veratrum_tenuipetalum,Veratrum tenuipetalum 31 / Mertensia ciliata 16 / Ligusticum porteri 11
SW37,5,5,0,0,0,157,0,FALSE,Veratrum_tenuipetalum,Corydalis caseana 96 / Veratrum tenuipetalum 3 / Potentilla pulcherrima 0
SW39,7,3,2,2,0,160,0,FALSE,Artemisia_tridentata,Caltha leptosepala 83 / Rhodiola rhodantha 4 / Rhodiola integrifolia 1
