site_number,Year,class_type,final_label,snow_free_doy,canopy_height_m
182,2018,meadow,Caltha leptosepala,137.4877166748047,0
259,2018,meadow,Caltha leptosepala,177.35841369628906,0
377,2018,meadow,Caltha leptosepala,176.73690795898438,0
1184,2025,meadow,Caltha leptosepala,138.3237762451172,0
1190,2025,meadow,Caltha leptosepala,138.0947265625,0
238,2018,meadow,Corydalis caseana,145.64161682128906,0.2549999952316284
244,2018,meadow,Corydalis caseana,142.4615936279297,0
247,2018,meadow,Corydalis caseana,149.55401611328125,0.257999986410141
285,2018,meadow,Corydalis caseana,173.30059814453125,0.19599999487400055
287,2018,meadow,Corydalis caseana,172.32542419433594,0.8059999942779541
17,2018,meadow,Ligusticum porteri,132.8850555419922,3.7730000019073486
71,2018,meadow,Ligusticum porteri,143.31321716308594,0
72,2018,meadow,Ligusticum porteri,143.71298217773438,0.25
83,2018,meadow,Ligusticum porteri,142.3209991455078,0
151,2018,meadow,Ligusticum porteri,141.7646942138672,0
208,2018,meadow,Ligusticum porteri,151.80636596679688,0
224,2018,meadow,Ligusticum porteri,148.87937927246094,0.0689999982714653
241,2018,meadow,Ligusticum porteri,146.15943908691406,0.8180000185966492
345,2018,meadow,Ligusticum porteri,143.5042266845703,0
406,2018,meadow,Ligusticum porteri,158.10308837890625,0
1159,2025,meadow,Ligusticum porteri,140.18099975585938,0
1191,2025,meadow,Ligusticum porteri,162.69566345214844,0
53,2018,meadow,Osmorhiza occidentalis,132.40261840820312,0
171,2018,meadow,Osmorhiza occidentalis,136.04603576660156,0
176,2018,meadow,Osmorhiza occidentalis,136.7324981689453,0
228,2018,meadow,Osmorhiza occidentalis,152.65933227539062,0.16899999976158142
340,2018,meadow,Osmorhiza occidentalis,143.30477905273438,0
1,2018,meadow,S01,139.19325256347656,0
2,2018,meadow,S01,139.19325256347656,0
3,2018,meadow,S01,139.19325256347656,0
4,2018,meadow,S01,138.75680541992188,0
5,2018,meadow,S01,138.75680541992188,0
10,2018,meadow,S01,130.14083862304688,0
12,2018,meadow,S01,130.08863830566406,0
13,2018,meadow,S01,131.1077880859375,0
14,2018,meadow,S01,130.77610778808594,0
15,2018,meadow,S01,131.1077880859375,0
16,2018,meadow,S01,132.8850555419922,0.5559999942779541
18,2018,meadow,S01,134.14840698242188,0.16699999570846558
19,2018,meadow,S01,132.8850555419922,0
45,2018,meadow,S01,132.4265899658203,0
47,2018,meadow,S01,132.4265899658203,0
48,2018,meadow,S01,133.0330810546875,0
50,2018,meadow,S01,133.0330810546875,0
51,2018,meadow,S01,134.4921417236328,0
52,2018,meadow,S01,132.4265899658203,0
70,2018,meadow,S01,143.6912384033203,0
164,2018,meadow,S01,134.39999389648438,0
341,2018,meadow,S01,142.4364471435547,0
347,2018,meadow,S01,145.2064666748047,1.0920000076293945
1072,2025,meadow,S01,121.6103286743164,0
1075,2025,meadow,S01,117.59930419921876,0
1076,2025,meadow,S01,117.59930419921876,0
1078,2025,meadow,S01,117.59930419921876,0
1079,2025,meadow,S01,128.3335723876953,0
1080,2025,meadow,S01,127.88493347167967,0
1082,2025,meadow,S01,130.45437622070312,0
1083,2025,meadow,S01,124.62137603759766,0
1084,2025,meadow,S01,124.62137603759766,0
1087,2025,meadow,S01,126.41812133789062,0
1090,2025,meadow,S01,119.87708282470705,0
1097,2025,meadow,S01,109.03271484375,0.2280000001192093
1099,2025,meadow,S01,118.26663970947266,1.3849999904632568
1100,2025,meadow,S01,118.26663970947266,0
1101,2025,meadow,S01,117.24577331542967,0
1102,2025,meadow,S01,108.88594818115234,0
1103,2025,meadow,S01,114.02201080322266,0
1104,2025,meadow,S01,114.02201080322266,0.5659999847412109
1122,2025,meadow,S01,136.62716674804688,0
1123,2025,meadow,S01,133.44361877441406,0
1124,2025,meadow,S01,134.4949493408203,0
1125,2025,meadow,S01,133.44361877441406,0
1126,2025,meadow,S01,133.8800811767578,0
1127,2025,meadow,S01,134.4949493408203,0
1128,2025,meadow,S01,134.4481658935547,0
1148,2025,meadow,S01,143.1345672607422,0.24699999392032623
1172,2025,meadow,S01,135.6165771484375,0
1174,2025,meadow,S01,138.9250030517578,0
1175,2025,meadow,S01,138.43804931640625,0
1176,2025,meadow,S01,138.43804931640625,0
1177,2025,meadow,S01,138.33631896972656,0
1182,2025,meadow,S01,137.7994842529297,0
1183,2025,meadow,S01,138.6342315673828,0
1312,2025,meadow,S01,129.52769470214844,5.1579999923706055
6,2018,meadow,S02,141.5609130859375,0
170,2018,meadow,S02,136.04603576660156,0
1178,2025,meadow,S02,138.33631896972656,0
1179,2025,meadow,S02,139.12042236328125,0
1243,2025,meadow,S02,138.9189910888672,1.4110000133514404
1277,2025,meadow,S02,157.0463104248047,0
1280,2025,meadow,S02,162.76498413085938,0
1281,2025,meadow,S02,162.76498413085938,0
1283,2025,meadow,S02,158.6871795654297,3.8450000286102295
1294,2025,meadow,S02,127.72399139404295,0
1296,2025,meadow,S02,129.40895080566406,0
1319,2025,meadow,S02,128.4312744140625,2.003999948501587
1322,2025,meadow,S02,138.42234802246094,0
1323,2025,meadow,S02,143.11306762695312,0
1344,2025,meadow,S02,137.79563903808594,0
1345,2025,meadow,S02,135.16378784179688,0
1349,2025,meadow,S02,139.15219116210938,0
1350,2025,meadow,S02,139.15219116210938,0.765999972820282
1351,2025,meadow,S02,139.15219116210938,0
1352,2025,meadow,S02,134.0074462890625,0
1353,2025,meadow,S02,135.16378784179688,2.763000011444092
7,2018,meadow,S03,139.0009002685547,0
8,2018,meadow,S03,141.5609130859375,0
66,2018,meadow,S03,143.6912384033203,0
67,2018,meadow,S03,143.6405029296875,0
68,2018,meadow,S03,143.6912384033203,0
69,2018,meadow,S03,143.6912384033203,0
80,2018,meadow,S03,141.1375732421875,0
174,2018,meadow,S03,132.96006774902344,0
200,2018,meadow,S03,154.44668579101562,0
214,2018,meadow,S03,143.4599609375,0
267,2018,meadow,S03,170.75340270996094,0
270,2018,meadow,S03,173.32408142089844,0
338,2018,meadow,S03,142.76145935058594,0
1131,2025,meadow,S03,144.0401611328125,0
1132,2025,meadow,S03,143.76571655273438,0
1133,2025,meadow,S03,141.45835876464844,0
1137,2025,meadow,S03,141.1984405517578,0
1138,2025,meadow,S03,143.06324768066406,0
1139,2025,meadow,S03,143.06324768066406,0
1140,2025,meadow,S03,144.5159454345703,0.1420000046491623
1141,2025,meadow,S03,142.69723510742188,0
1143,2025,meadow,S03,142.89349365234375,0
1145,2025,meadow,S03,144.520263671875,0
1147,2025,meadow,S03,143.6912384033203,0
1173,2025,meadow,S03,136.17835998535156,0
1192,2025,meadow,S03,163.1268310546875,0
1197,2025,meadow,S03,164.3284149169922,0
1209,2025,meadow,S03,164.85110473632812,0
1214,2025,meadow,S03,177.10922241210938,0
1217,2025,meadow,S03,179.19503784179688,0
1221,2025,meadow,S03,175.6478271484375,0
1232,2025,meadow,S03,139.2755889892578,0
146,2018,meadow,S04,140.73130798339844,0
147,2018,meadow,S04,141.54869079589844,0
158,2018,meadow,S04,146.69264221191406,0.16899999976158142
163,2018,meadow,S04,148.64144897460938,4.855000019073486
168,2018,meadow,S04,136.90426635742188,0
169,2018,meadow,S04,136.04603576660156,0
236,2018,meadow,S04,142.4615936279297,0
237,2018,meadow,S04,145.64161682128906,0.14000000059604645
410,2018,meadow,S04,156.72879028320312,0
1165,2025,meadow,S04,144.1228790283203,0.21699999272823334
1166,2025,meadow,S04,144.1228790283203,0.17499999701976776
1203,2025,meadow,S04,161.05665588378906,0
1204,2025,meadow,S04,162.69566345214844,0
1242,2025,meadow,S04,137.7532501220703,0
1245,2025,meadow,S04,169.1578826904297,0
1246,2025,meadow,S04,169.1578826904297,0
1247,2025,meadow,S04,169.1578826904297,0
1248,2025,meadow,S04,169.1578826904297,0
1249,2025,meadow,S04,169.1578826904297,0
11,2018,meadow,S05,130.08863830566406,0
1056,2025,meadow,S05,101.31792449951172,0
1062,2025,meadow,S05,98.959259033203125,0
1064,2025,meadow,S05,88.19129943847656,0
1070,2025,meadow,S05,95.48423767089844,0
2009,2026,meadow,S05,90.3279800415039,0
2017,2026,meadow,S05,87.83539581298828,0
2020,2026,meadow,S05,96.4417724609375,0
2022,2026,meadow,S05,85.28704833984375,0
2023,2026,meadow,S05,94.45043182373048,0
2030,2026,meadow,S05,96.67652130126952,0.41200000047683716
2035,2026,meadow,S05,85.91053771972656,0
2036,2026,meadow,S05,87.933441162109375,0
2049,2026,meadow,S05,102.14083862304688,0
54,2018,meadow,S06.a,132.40261840820312,0
73,2018,meadow,S06.a,143.31321716308594,0.125
78,2018,meadow,S06.a,142.6956024169922,0
160,2018,meadow,S06.a,146.69264221191406,0
161,2018,meadow,S06.a,146.69264221191406,0
162,2018,meadow,S06.a,146.94227600097656,0
204,2018,meadow,S06.a,150.1039581298828,0
206,2018,meadow,S06.a,149.15902709960938,0
408,2018,meadow,S06.a,157.3649139404297,0
1136,2025,meadow,S06.a,141.1984405517578,0
1164,2025,meadow,S06.a,142.63119506835938,0.37299999594688416
1167,2025,meadow,S06.a,143.01913452148438,0.5049999952316284
1240,2025,meadow,S06.a,138.8246307373047,0.22200000286102295
76,2018,meadow,S06.b,143.41139221191406,0.061000000685453415
81,2018,meadow,S06.b,142.3209991455078,0.1340000033378601
165,2018,meadow,S06.b,134.39999389648438,0
1134,2025,meadow,S06.b,141.45835876464844,0.28600001335144043
1135,2025,meadow,S06.b,140.2123260498047,0
1142,2025,meadow,S06.b,143.00616455078125,0
1154,2025,meadow,S06.b,138.0879669189453,0
1155,2025,meadow,S06.b,140.18099975585938,0
1163,2025,meadow,S06.b,142.63119506835938,0.18000000715255737
1171,2025,meadow,S06.b,135.0428924560547,0
1241,2025,meadow,S06.b,137.7532501220703,0.8500000238418579
1244,2025,meadow,S06.b,138.9189910888672,0
205,2018,meadow,S07,150.1039581298828,0
262,2018,meadow,S07,171.09628295898438,0
263,2018,meadow,S07,173.75096130371094,0
264,2018,meadow,S07,173.75096130371094,0
265,2018,meadow,S07,172.64076232910156,0
266,2018,meadow,S07,170.75340270996094,0
269,2018,meadow,S07,172.3287811279297,0
272,2018,meadow,S07,173.70765686035156,0
273,2018,meadow,S07,171.5906524658203,0
274,2018,meadow,S07,171.5906524658203,0
276,2018,meadow,S07,172.86546325683594,0
277,2018,meadow,S07,172.79547119140625,0
382,2018,meadow,S07,175.71685791015625,0
1224,2025,meadow,S07,172.06008911132812,0
74,2018,meadow,S08.a,143.41139221191406,0.10400000214576721
75,2018,meadow,S08.a,142.6956024169922,0.335999995470047
77,2018,meadow,S08.a,142.6956024169922,0.1509999930858612
82,2018,meadow,S08.a,142.8865509033203,0
166,2018,meadow,S08.a,134.39999389648438,0
167,2018,meadow,S08.a,134.39999389648438,0
199,2018,meadow,S08.a,153.03770446777344,0
211,2018,meadow,S08.a,146.32040405273438,0
212,2018,meadow,S08.a,146.32040405273438,0
213,2018,meadow,S08.a,146.32040405273438,0
215,2018,meadow,S08.a,144.0836944580078,0
216,2018,meadow,S08.a,144.0836944580078,0
217,2018,meadow,S08.a,144.40716552734375,0
218,2018,meadow,S08.a,144.17105102539062,0
334,2018,meadow,S08.a,145.2064666748047,0
335,2018,meadow,S08.a,145.2064666748047,0
336,2018,meadow,S08.a,145.2064666748047,0
337,2018,meadow,S08.a,142.76145935058594,0
342,2018,meadow,S08.a,142.1215057373047,0
343,2018,meadow,S08.a,142.82862854003906,0
344,2018,meadow,S08.a,143.30477905273438,0
346,2018,meadow,S08.a,143.32313537597656,0
414,2018,meadow,S08.a,157.86761474609375,0
420,2018,meadow,S08.a,155.93362426757812,0
422,2018,meadow,S08.a,157.86761474609375,0
1153,2025,meadow,S08.a,140.9752197265625,0
1157,2025,meadow,S08.a,144.5980987548828,0
1158,2025,meadow,S08.a,144.5980987548828,0
1193,2025,meadow,S08.a,160.08087158203125,0.34599998593330383
1226,2025,meadow,S08.a,136.69888305664062,0
1238,2025,meadow,S08.a,138.8246307373047,0
1267,2025,meadow,S08.a,160.4213104248047,0
156,2018,meadow,S08.b,145.8924560546875,0
157,2018,meadow,S08.b,146.69264221191406,0
172,2018,meadow,S08.b,136.04603576660156,0
207,2018,meadow,S08.b,148.95018005371094,0
1151,2025,meadow,S08.b,138.41079711914062,0
1152,2025,meadow,S08.b,140.9752197265625,0
1156,2025,meadow,S08.b,141.51536560058594,0
1160,2025,meadow,S08.b,143.34889221191406,0
1161,2025,meadow,S08.b,137.9351806640625,0
1168,2025,meadow,S08.b,141.86593627929688,0.23000000417232513
201,2018,meadow,S08.c,154.44668579101562,3.0169999599456787
1201,2025,meadow,S08.c,161.06158447265625,0
1213,2025,meadow,S08.c,175.83045959472656,0
1266,2025,meadow,S08.c,160.4213104248047,0
1269,2025,meadow,S08.c,158.65370178222656,0
1272,2025,meadow,S08.c,157.84130859375,0
1273,2025,meadow,S08.c,158.86537170410156,0
1274,2025,meadow,S08.c,160.15562438964844,0
1275,2025,meadow,S08.c,158.86537170410156,0
1278,2025,meadow,S08.c,157.0463104248047,0
1284,2025,meadow,S08.c,159.24339294433594,1.3040000200271606
144,2018,meadow,S09,141.22064208984375,0
145,2018,meadow,S09,140.13070678710938,0
148,2018,meadow,S09,141.7646942138672,0
149,2018,meadow,S09,141.7646942138672,0
150,2018,meadow,S09,141.65284729003906,0
152,2018,meadow,S09,140.20933532714844,0
153,2018,meadow,S09,141.65284729003906,0
155,2018,meadow,S09,140.5793914794922,0
349,2018,meadow,S09,144.8688507080078,0
404,2018,meadow,S09,158.10308837890625,0
405,2018,meadow,S09,158.10308837890625,0
407,2018,meadow,S09,157.3649139404297,0
409,2018,meadow,S09,156.72879028320312,0
411,2018,meadow,S09,157.8673858642578,0
412,2018,meadow,S09,155.7978973388672,0
413,2018,meadow,S09,157.4200897216797,0
415,2018,meadow,S09,156.8701171875,0
416,2018,meadow,S09,154.70643615722656,0
417,2018,meadow,S09,152.67295837402344,0
421,2018,meadow,S09,160.48614501953125,0
423,2018,meadow,S09,157.74600219726562,0
1162,2025,meadow,S09,139.7649383544922,0
1194,2025,meadow,S09,160.3986358642578,0
1196,2025,meadow,S09,162.6004180908203,0
180,2018,meadow,S10,138.5402069091797,0
1180,2025,meadow,S10,138.4307861328125,0
1181,2025,meadow,S10,137.1986541748047,0
1185,2025,meadow,S10,138.3237762451172,0
1186,2025,meadow,S10,137.37155151367188,0
1187,2025,meadow,S10,137.37155151367188,0
1189,2025,meadow,S10,137.4877166748047,0
202,2018,meadow,S11,154.44668579101562,0
219,2018,meadow,S11,149.724609375,0
220,2018,meadow,S11,148.47250366210938,0
221,2018,meadow,S11,148.67408752441406,0
222,2018,meadow,S11,148.67408752441406,0
223,2018,meadow,S11,148.87937927246094,0.2590000033378601
225,2018,meadow,S11,148.87937927246094,0
226,2018,meadow,S11,149.30506896972656,0
227,2018,meadow,S11,152.65933227539062,0
229,2018,meadow,S11,148.49252319335938,0
232,2018,meadow,S11,146.15943908691406,0
233,2018,meadow,S11,146.15943908691406,0.14100000262260437
234,2018,meadow,S11,143.15211486816406,0.30399999022483826
235,2018,meadow,S11,148.11923217773438,0
260,2018,meadow,S11,176.5577850341797,0
261,2018,meadow,S11,178.25392150878906,0
268,2018,meadow,S11,170.9374237060547,0
275,2018,meadow,S11,171.49232482910156,0
364,2018,meadow,S11,167.64479064941406,0
365,2018,meadow,S11,166.59632873535156,0
367,2018,meadow,S11,166.0017547607422,0
369,2018,meadow,S11,166.4913330078125,0
370,2018,meadow,S11,168.02239990234375,0
371,2018,meadow,S11,168.02239990234375,0
374,2018,meadow,S11,175.88623046875,0
378,2018,meadow,S11,178.1125030517578,0
379,2018,meadow,S11,177.4094696044922,0
381,2018,meadow,S11,175.71685791015625,0
383,2018,meadow,S11,177.20314025878906,0
1211,2025,meadow,S11,168.02239990234375,0
1223,2025,meadow,S11,170.61941528320312,0
271,2018,meadow,S12,172.14129638671875,0
1195,2025,meadow,S12,160.2539825439453,0
1198,2025,meadow,S12,164.51829528808594,0
1199,2025,meadow,S12,164.58050537109375,0
1200,2025,meadow,S12,163.9801025390625,0
1270,2025,meadow,S12,158.5372772216797,0
1271,2025,meadow,S12,158.65370178222656,0
1279,2025,meadow,S12,164.31227111816406,0
366,2018,meadow,S13,166.0017547607422,0
368,2018,meadow,S13,166.0017547607422,0
1202,2025,meadow,S13,160.08087158203125,0
1205,2025,meadow,S13,165.3570098876953,0
1206,2025,meadow,S13,166.67202758789062,0
1207,2025,meadow,S13,165.56875610351562,0
1208,2025,meadow,S13,164.85110473632812,0
1210,2025,meadow,S13,166.67202758789062,0.33399999141693115
1219,2025,meadow,S13,178.18783569335938,0
1220,2025,meadow,S13,178.18783569335938,0
1276,2025,meadow,S13,157.0463104248047,0
1282,2025,meadow,S13,166.45132446289062,0
2040,2026,meadow,S13,110.6374053955078,0
372,2018,meadow,S14,171.55186462402344,0
373,2018,meadow,S14,171.55186462402344,0
375,2018,meadow,S14,175.33877563476562,0
376,2018,meadow,S14,175.57835388183594,0
452,2018,meadow,S14,172.30775451660156,0
1149,2025,meadow,S14,142.2425079345703,0
1150,2025,meadow,S14,142.44674682617188,0
1212,2025,meadow,S14,173.25137329101562,0
1215,2025,meadow,S14,175.9464569091797,0
1216,2025,meadow,S14,178.09707641601562,0
1218,2025,meadow,S14,179.37533569335938,0
1222,2025,meadow,S14,175.6478271484375,0
1225,2025,meadow,S14,136.69888305664062,0
1227,2025,meadow,S14,136.6847381591797,0
1228,2025,meadow,S14,136.6847381591797,0
1229,2025,meadow,S14,138.47100830078125,0
1230,2025,meadow,S14,139.2755889892578,0
1231,2025,meadow,S14,138.7783660888672,0
1233,2025,meadow,S14,139.40626525878906,0
1234,2025,meadow,S14,139.40626525878906,0
1235,2025,meadow,S14,139.40626525878906,0
1236,2025,meadow,S14,142.31072998046875,0
1237,2025,meadow,S14,140.16061401367188,0.5019999742507935
1239,2025,meadow,S14,140.5418243408203,0
1265,2025,meadow,S14,160.4213104248047,0
1268,2025,meadow,S14,158.65370178222656,0
1321,2025,meadow,S14,138.42234802246094,0
1340,2025,meadow,S14,134.4171142578125,0
1341,2025,meadow,S14,137.79563903808594,0
1342,2025,meadow,S14,135.92466735839844,0.6290000081062317
1343,2025,meadow,S14,135.6128692626953,0
1346,2025,meadow,S14,133.839599609375,0
1347,2025,meadow,S14,136.86256408691406,0
1348,2025,meadow,S14,137.1570281982422,0
449,2018,meadow,S15,171.4057159423828,1.2589999437332153
1262,2025,meadow,S15,169.13504028320312,0
1263,2025,meadow,S15,169.49925231933594,0
1320,2025,meadow,S15,139.79833984375,0
1324,2025,meadow,S15,142.18910217285156,0
1325,2025,meadow,S15,141.5393524169922,0
1326,2025,meadow,S15,144.6378936767578,0
1327,2025,meadow,S15,144.6378936767578,0
1328,2025,meadow,S15,143.45921325683594,0
1329,2025,meadow,S15,143.45921325683594,0
1330,2025,meadow,S15,144.1901092529297,0
1331,2025,meadow,S15,144.1901092529297,1.0709999799728394
1332,2025,meadow,S15,144.1901092529297,0
1333,2025,meadow,S15,145.1276092529297,0
1334,2025,meadow,S15,145.1276092529297,0
1335,2025,meadow,S15,144.1901092529297,0
1336,2025,meadow,S15,145.1276092529297,0
1337,2025,meadow,S15,145.1276092529297,0
1338,2025,meadow,S15,145.1276092529297,0
1339,2025,meadow,S15,146.19422912597656,0
1354,2025,meadow,S15,138.15634155273438,0
453,2018,meadow,S16,170.93634033203125,0
1006,2025,meadow,S17,105.28115844726562,0
1008,2025,meadow,S17,101.82804870605467,0
1009,2025,meadow,S17,104.92637634277344,0
1012,2025,meadow,S17,106.1918487548828,0
1014,2025,meadow,S17,104.92637634277344,0
1015,2025,meadow,S17,109.31780242919922,0
1023,2025,meadow,S17,101.5124053955078,0
1024,2025,meadow,S17,104.92637634277344,0
1025,2025,meadow,S17,105.28499603271484,0
1026,2025,meadow,S17,105.28499603271484,0
1030,2025,meadow,S17,101.82202911376952,0
1031,2025,meadow,S17,107.04337310791016,0
1051,2025,meadow,S17,102.6991958618164,0
1066,2025,meadow,S17,92.51848602294922,0
1091,2025,meadow,S17,109.70475006103516,0
1092,2025,meadow,S17,108.82223510742188,0.1899999976158142
1093,2025,meadow,S17,109.65636444091795,0.27799999713897705
1095,2025,meadow,S17,108.4546127319336,0.3799999952316284
1096,2025,meadow,S17,110.04853057861328,0
1098,2025,meadow,S17,110.30743408203124,0
1105,2025,meadow,S17,108.88594818115234,0.2280000001192093
1106,2025,meadow,S17,108.88594818115234,0
1107,2025,meadow,S17,108.88594818115234,0
1108,2025,meadow,S17,105.45997619628906,0.47999998927116394
1109,2025,meadow,S17,105.45997619628906,1.5700000524520874
1110,2025,meadow,S17,105.45997619628906,0
1292,2025,meadow,S17,125.37413024902344,0
2002,2026,meadow,S17,82.79881286621094,0
2005,2026,meadow,S17,83.58930206298828,0
2025,2026,meadow,S17,106.3984603881836,0.11800000071525574
2026,2026,meadow,S17,109.50051879882812,0
2027,2026,meadow,S17,102.49085998535156,0
2041,2026,meadow,S17,109.42542266845705,0
2045,2026,meadow,S17,102.42431640625,0
2050,2026,meadow,S17,102.38349151611328,0
1007,2025,meadow,S18,101.257080078125,0
1010,2025,meadow,S18,100.54620361328124,0
1011,2025,meadow,S18,100.6163330078125,0
1016,2025,meadow,S18,101.82804870605467,0
1020,2025,meadow,S18,100.56729125976562,0
1021,2025,meadow,S18,99.90532684326172,0
1013,2025,meadow,S19,109.066650390625,0
1017,2025,meadow,S19,106.31128692626952,0
1018,2025,meadow,S19,106.31128692626952,0
1019,2025,meadow,S19,109.31780242919922,0
1022,2025,meadow,S19,109.066650390625,0
1027,2025,meadow,S19,110.40694427490234,0
1033,2025,meadow,S19,105.4364013671875,0
1034,2025,meadow,S19,107.64373779296876,0
1040,2025,meadow,S19,102.49591064453124,0
1041,2025,meadow,S19,95.18568420410156,0
1042,2025,meadow,S19,89.17572021484375,0
1043,2025,meadow,S19,89.17572021484375,0
1044,2025,meadow,S19,89.35911560058594,0
1045,2025,meadow,S19,89.35911560058594,0
1046,2025,meadow,S19,84.4015884399414,0
1047,2025,meadow,S19,89.588775634765625,0
1048,2025,meadow,S19,84.4015884399414,0
1052,2025,meadow,S19,102.6991958618164,0
1053,2025,meadow,S19,102.6991958618164,0
1054,2025,meadow,S19,102.15414428710938,0
1055,2025,meadow,S19,102.15414428710938,0
1057,2025,meadow,S19,101.31792449951172,0.3190000057220459
1058,2025,meadow,S19,101.31792449951172,0
1059,2025,meadow,S19,100.15560913085938,2.062000036239624
1060,2025,meadow,S19,100.15560913085938,0
1061,2025,meadow,S19,98.959259033203125,0
1063,2025,meadow,S19,97.93254089355467,0
1065,2025,meadow,S19,88.19129943847656,0
1067,2025,meadow,S19,94.333038330078125,0
1068,2025,meadow,S19,97.5337905883789,0
1069,2025,meadow,S19,97.66178131103516,0
1071,2025,meadow,S19,121.6103286743164,0
1073,2025,meadow,S19,121.6103286743164,0
1081,2025,meadow,S19,128.67843627929688,0
1085,2025,meadow,S19,131.872802734375,0
1088,2025,meadow,S19,125.79631805419922,0
1089,2025,meadow,S19,124.77403259277344,0
2015,2026,meadow,S19,98.61327362060548,0
2018,2026,meadow,S19,90.0656967163086,0
2042,2026,meadow,S19,112.6061553955078,0
2046,2026,meadow,S19,105.1910629272461,0
2047,2026,meadow,S19,109.31591796875,0
1028,2025,meadow,S20,112.13492584228516,0
1074,2025,meadow,S20,121.6103286743164,0
1077,2025,meadow,S20,117.59930419921876,0
1086,2025,meadow,S20,128.13461303710938,0
1287,2025,meadow,S20,125.1554183959961,0
1295,2025,meadow,S20,128.12327575683594,0
1297,2025,meadow,S20,131.13714599609375,1.6619999408721924
1298,2025,meadow,S20,130.64743041992188,0
1299,2025,meadow,S20,130.7139434814453,0
1300,2025,meadow,S20,132.45668029785156,0
1303,2025,meadow,S20,128.36883544921875,0
2019,2026,meadow,S20,90.38298797607422,0
1029,2025,meadow,S21,112.53655242919922,0
1032,2025,meadow,S21,108.3344497680664,2.549999952316284
1035,2025,meadow,S21,109.59383392333984,0
1036,2025,meadow,S21,110.85919952392578,0
1037,2025,meadow,S21,109.59383392333984,0
1038,2025,meadow,S21,109.5197525024414,0
1039,2025,meadow,S21,110.8295440673828,0
1049,2025,meadow,S21,108.53812408447266,0
1050,2025,meadow,S21,107.04337310791016,0
1301,2025,meadow,S21,137.90296936035156,0
1302,2025,meadow,S21,134.29428100585938,0
1304,2025,meadow,S21,132.55030822753906,0
1305,2025,meadow,S21,131.09632873535156,0
1306,2025,meadow,S21,129.0283660888672,0
1307,2025,meadow,S21,127.6531982421875,0.46799999475479126
1309,2025,meadow,S21,131.09632873535156,0
1311,2025,meadow,S21,129.52769470214844,0
1313,2025,meadow,S21,129.52769470214844,0
1314,2025,meadow,S21,130.1922607421875,0
1315,2025,meadow,S21,130.1922607421875,0
1316,2025,meadow,S21,129.1436309814453,0
1317,2025,meadow,S21,129.15625,0.20800000429153442
1318,2025,meadow,S21,128.7571258544922,0
2048,2026,meadow,S21,104.30240631103516,0
1111,2025,meadow,S22,133.82647705078125,0
1112,2025,meadow,S22,131.79124450683594,0
1113,2025,meadow,S22,133.3300018310547,0
1114,2025,meadow,S22,131.1419219970703,0
1115,2025,meadow,S22,131.1419219970703,0
1116,2025,meadow,S22,132.5027618408203,0
1117,2025,meadow,S22,135.93145751953125,0
1118,2025,meadow,S22,132.86843872070312,0
1119,2025,meadow,S22,134.3490753173828,0
1120,2025,meadow,S22,134.3490753173828,0
1121,2025,meadow,S22,136.20669555664062,0
1129,2025,meadow,S22,136.966064453125,0
1130,2025,meadow,S22,133.2943115234375,0
1250,2025,meadow,S23,169.1578826904297,0
1251,2025,meadow,S23,165.39349365234375,0
1252,2025,meadow,S23,165.39349365234375,0
1253,2025,meadow,S23,165.39349365234375,0
1254,2025,meadow,S23,165.39349365234375,0
1255,2025,meadow,S23,165.39349365234375,0
1256,2025,meadow,S23,162.29762268066406,0
1257,2025,meadow,S23,162.29762268066406,4.046000003814697
1258,2025,meadow,S23,162.29762268066406,0
1259,2025,meadow,S23,162.29762268066406,0
1260,2025,meadow,S23,167.0114288330078,0
1261,2025,meadow,S23,167.0114288330078,0.5260000228881836
1264,2025,meadow,S23,169.1578826904297,0
1285,2025,meadow,S24,128.3780975341797,0
1286,2025,meadow,S24,131.245361328125,0
1288,2025,meadow,S24,125.93096923828124,0
1289,2025,meadow,S24,133.39161682128906,0.15700000524520874
1290,2025,meadow,S24,130.70045471191406,0
1291,2025,meadow,S24,128.09304809570312,0
1293,2025,meadow,S24,125.37413024902344,0
1308,2025,meadow,S24,130.3624725341797,0
1310,2025,meadow,S24,130.26193237304688,0
2024,2026,meadow,S24,101.48697662353516,0
1094,2025,meadow,S25,109.65636444091795,0
2001,2026,meadow,S25,83.0161361694336,0
2003,2026,meadow,S25,82.4796371459961,0
2004,2026,meadow,S25,83.42584991455078,0
2006,2026,meadow,S25,88.4400634765625,0
2007,2026,meadow,S25,88.40247344970703,0
2008,2026,meadow,S25,88.96226501464844,0
2010,2026,meadow,S25,83.24269104003906,0
2011,2026,meadow,S25,77.18375396728516,0
2012,2026,meadow,S25,75.06449890136719,0
2013,2026,meadow,S25,76.78892517089844,0
2016,2026,meadow,S25,96.01280212402344,0
2021,2026,meadow,S25,84.91355895996094,0
2031,2026,meadow,S25,99.3142318725586,0
2032,2026,meadow,S25,99.92247009277344,0
2033,2026,meadow,S25,90.52118682861328,0
2034,2026,meadow,S25,96.14949035644533,0
2037,2026,meadow,S25,88.61299133300781,0
2052,2026,meadow,S25,83.44990158081055,0
2053,2026,meadow,S25,81.34651947021484,0
2054,2026,meadow,S25,84.67027282714844,0
2055,2026,meadow,S25,84.025238037109375,0
2056,2026,meadow,S25,83.68718719482422,0
2057,2026,meadow,S25,81.0193862915039,0
2058,2026,meadow,S25,84.909912109375,0
2059,2026,meadow,S25,87.85066223144531,0
2014,2026,meadow,S26,88.24772644042969,0
2028,2026,meadow,S26,104.53239440917967,0
2029,2026,meadow,S26,102.1493682861328,0
2043,2026,meadow,S26,104.94869232177734,0
2044,2026,meadow,S26,104.48876190185548,0
9,2018,meadow,Veratrum tenuipetalum,139.11143493652344,0
44,2018,meadow,Veratrum tenuipetalum,132.4265899658203,0
46,2018,meadow,Veratrum tenuipetalum,132.4265899658203,0
65,2018,meadow,Veratrum tenuipetalum,144.19703674316406,0
79,2018,meadow,Veratrum tenuipetalum,142.3209991455078,0
84,2018,meadow,Veratrum tenuipetalum,142.70091247558594,0
154,2018,meadow,Veratrum tenuipetalum,145.8924560546875,0
173,2018,meadow,Veratrum tenuipetalum,138.2779083251953,0
278,2018,meadow,Veratrum tenuipetalum,172.04718017578125,0
348,2018,meadow,Veratrum tenuipetalum,142.6566619873047,0
418,2018,meadow,Veratrum tenuipetalum,158.8942108154297,0
419,2018,meadow,Veratrum tenuipetalum,158.8942108154297,0
1144,2025,meadow,Veratrum tenuipetalum,144.3163299560547,0
1146,2025,meadow,Veratrum tenuipetalum,144.19703674316406,0
1169,2025,meadow,Veratrum tenuipetalum,144.1228790283203,0.9110000133514404
1170,2025,meadow,Veratrum tenuipetalum,144.1228790283203,0
1188,2025,meadow,Veratrum tenuipetalum,138.1805877685547,0
21,2018,shrub,Salix wolfii,138.6693572998047,0
22,2018,shrub,Salix boothii,138.6693572998047,1.218999981880188
23,2018,shrub,Salix wolfii,139.17300415039062,0.30300000309944153
24,2018,shrub,Salix boothii,139.17300415039062,1.8519999980926514
25,2018,shrub,Dasiphora fruticosa,140.50912475585938,0
26,2018,shrub,Artemisia tridentata,139.12594604492188,0
27,2018,shrub,Salix wolfii,140.50912475585938,0.7760000228881836
28,2018,shrub,Salix other,140.50912475585938,1.9179999828338623
29,2018,shrub,Salix wolfii,139.49046325683594,0
30,2018,shrub,Dasiphora fruticosa,139.49046325683594,0.34599998593330383
55,2018,shrub,Salix boothii,126.26793670654297,2.427999973297119
56,2018,shrub,Salix boothii,125.88236236572266,0.6869999766349792
57,2018,shrub,Salix planifolia,125.60587310791016,0.8399999737739563
58,2018,shrub,Salix boothii,126.72811126708984,1.281000018119812
59,2018,shrub,Lonicera involucrata,126.72811126708984,0
60,2018,shrub,Dasiphora fruticosa,128.83409118652344,0
61,2018,shrub,Symphoricarpos rotundifolius,130.47836303710938,1.2519999742507935
62,2018,shrub,Salix boothii,129.94491577148438,0.8090000152587891
63,2018,shrub,Symphoricarpos rotundifolius,131.66526794433594,0.7549999952316284
64,2018,shrub,Symphoricarpos rotundifolius,134.4921417236328,0.7020000219345093
85,2018,shrub,Sambucus racemosa,147.30117797851562,0.6169999837875366
86,2018,shrub,Salix boothii,146.7960205078125,1.8240000009536743
87,2018,shrub,Sambucus racemosa,146.3892822265625,0.414000004529953
88,2018,shrub,Salix other,145.3961181640625,2.818000078201294
89,2018,shrub,Salix boothii,143.9613037109375,1.1089999675750732
90,2018,shrub,Salix other,143.85629272460938,3.367000102996826
91,2018,shrub,Salix boothii,142.2439422607422,1.3639999628067017
92,2018,shrub,Salix boothii,142.02291870117188,3.0169999599456787
93,2018,shrub,Salix other,142.21482849121094,1.3049999475479126
94,2018,shrub,Juniperus sp.,143.32994079589844,11.47700023651123
104,2018,shrub,Salix wolfii,141.89842224121094,0
105,2018,shrub,Salix wolfii,141.72242736816406,0.6830000281333923
106,2018,shrub,Salix boothii,141.3938751220703,2.0369999408721924
107,2018,shrub,Salix boothii,141.06439208984375,1.4930000305175781
108,2018,shrub,Salix boothii,141.21145629882812,2.0369999408721924
109,2018,shrub,Salix wolfii,143.4036407470703,0.6309999823570251
110,2018,shrub,Salix other,142.18113708496094,1.1119999885559082
111,2018,shrub,Salix other,142.18113708496094,2.013000011444092
112,2018,shrub,Dasiphora fruticosa,140.373779296875,0
113,2018,shrub,Dasiphora fruticosa,142.0260772705078,0
134,2018,shrub,Salix boothii,136.4777374267578,1.8960000276565552
136,2018,shrub,Dasiphora fruticosa,138.39511108398438,0
137,2018,shrub,Salix planifolia,135.31459045410156,1.1030000448226929
138,2018,shrub,Artemisia tridentata,137.6845703125,0
139,2018,shrub,Artemisia tridentata,136.17835998535156,0
140,2018,shrub,Salix boothii,137.49290466308594,1.2899999618530273
141,2018,shrub,Salix planifolia,135.35430908203125,0
142,2018,shrub,Salix other,134.21322631835938,1.2020000219345093
143,2018,shrub,Salix planifolia,136.3490447998047,0.8009999990463257
189,2018,shrub,Dasiphora fruticosa,152.45994567871094,0
190,2018,shrub,Salix planifolia,153.2327880859375,0
191,2018,shrub,Salix boothii,151.81732177734375,0
192,2018,shrub,Salix other,152.22994995117188,3.2790000438690186
193,2018,shrub,Salix planifolia,153.6456756591797,1.3680000305175781
194,2018,shrub,Salix planifolia,152.37875366210938,0
195,2018,shrub,Salix planifolia,149.7777862548828,0.753000020980835
196,2018,shrub,Dasiphora fruticosa,146.88963317871094,0
197,2018,shrub,Salix boothii,150.89617919921875,1.2419999837875366
198,2018,shrub,Dasiphora fruticosa,146.1862335205078,0
239,2018,shrub,Ribes sp.,153.85470581054688,0
240,2018,shrub,Sambucus racemosa,152.11334228515625,0.28700000047683716
242,2018,shrub,Sambucus racemosa,140.5481719970703,0.5569999814033508
243,2018,shrub,Salix other,148.9329833984375,3.365999937057495
245,2018,shrub,Salix boothii,145.64161682128906,1.9869999885559082
246,2018,shrub,Salix boothii,148.85690307617188,2.2890000343322754
248,2018,shrub,Salix boothii,149.78965759277344,2.068000078201294
279,2018,shrub,Ribes sp.,172.3915557861328,0
280,2018,shrub,Salix planifolia,171.49232482910156,2.114000082015991
281,2018,shrub,Salix wolfii,170.6802978515625,0.6589999794960022
283,2018,shrub,Salix planifolia,172.64076232910156,1.4249999523162842
284,2018,shrub,Salix wolfii,170.81591796875,1.340999960899353
286,2018,shrub,Sambucus racemosa,172.32542419433594,0.8399999737739563
288,2018,shrub,Lonicera involucrata,175.0904998779297,0
309,2018,shrub,Salix wolfii,136.24880981445312,0
310,2018,shrub,Salix other,137.7531280517578,1.2769999504089355
311,2018,shrub,Salix other,138.89608764648438,1.2910000085830688
312,2018,shrub,Dasiphora fruticosa,142.1931915283203,0.23499999940395355
313,2018,shrub,Salix boothii,139.75631713867188,0
314,2018,shrub,Salix wolfii,137.7531280517578,0
315,2018,shrub,Salix wolfii,137.7531280517578,1.9049999713897705
316,2018,shrub,Salix other,138.89608764648438,2.197000026702881
317,2018,shrub,Salix other,138.89608764648438,0.18700000643730164
318,2018,shrub,Salix wolfii,137.7531280517578,0
354,2018,shrub,Symphoricarpos rotundifolius,140.70733642578125,0
355,2018,shrub,Symphoricarpos rotundifolius,141.35775756835938,0
356,2018,shrub,Symphoricarpos rotundifolius,143.23228454589844,0
357,2018,shrub,Dasiphora fruticosa,140.11605834960938,0
358,2018,shrub,Sambucus racemosa,141.8209686279297,0
359,2018,shrub,Juniperus sp.,134.24530029296875,0
360,2018,shrub,Symphoricarpos rotundifolius,141.82394409179688,0.27300000190734863
361,2018,shrub,Salix boothii,143.0127410888672,1.2569999694824219
362,2018,shrub,Sambucus racemosa,142.6566619873047,0
363,2018,shrub,Salix boothii,142.5033416748047,2.0320000648498535
384,2018,shrub,Salix planifolia,166.8108673095703,0.6700000166893005
385,2018,shrub,Salix wolfii,166.8108673095703,5.676000118255615
386,2018,shrub,Ribes sp.,164.43423461914062,0.675000011920929
387,2018,shrub,Dasiphora fruticosa,166.19947814941406,0.19599999487400055
388,2018,shrub,Salix boothii,170.61941528320312,1.6640000343322754
389,2018,shrub,Salix planifolia,172.16525268554688,0.7269999980926514
390,2018,shrub,Salix wolfii,175.33877563476562,1.190000057220459
391,2018,shrub,Salix wolfii,175.3111114501953,0
392,2018,shrub,Salix wolfii,177.4094696044922,0.32600000500679016
393,2018,shrub,Salix wolfii,181.12074279785156,1.2029999494552612
424,2018,shrub,Dasiphora fruticosa,159.5321502685547,0
425,2018,shrub,Salix planifolia,164.89547729492188,0.34599998593330383
426,2018,shrub,Salix boothii,160.1848907470703,3.1649999618530273
427,2018,shrub,Ribes sp.,159.04713439941406,0
429,2018,shrub,Juniperus sp.,157.74600219726562,0
431,2018,shrub,Salix boothii,155.84552001953125,1.8919999599456787
432,2018,shrub,Lonicera involucrata,149.90086364746094,2.6670000553131104
433,2018,shrub,Ribes sp.,158.0091552734375,0
439,2018,shrub,Salix planifolia,160.64471435546875,0.7639999985694885
440,2018,shrub,Alnus incana,154.93873596191406,4.099999904632568
441,2018,shrub,Salix boothii,156.6634521484375,2.063999891281128
442,2018,shrub,Salix other,156.6634521484375,1.2680000066757202
443,2018,shrub,Salix other,156.6634521484375,0.37599998712539673
447,2018,shrub,Salix planifolia,170.5223388671875,0
448,2018,shrub,Salix planifolia,171.4057159423828,1.1339999437332153
450,2018,shrub,Salix planifolia,170.93634033203125,0.9940000176429749
451,2018,shrub,Salix planifolia,170.93634033203125,1.281999945640564
458,2018,shrub,Salix other,144.2423095703125,0.8309999704360962
459,2018,shrub,Salix other,144.2423095703125,2.259999990463257
460,2018,shrub,Salix other,147.06349182128906,1.465999960899353
461,2018,shrub,Betula glandulosa,175.11172485351562,1.1069999933242798
463,2018,shrub,Salix wolfii,146.1221923828125,0
465,2018,shrub,Salix other,138.66880798339844,0.8579999804496765
466,2018,shrub,Salix other,142.4272918701172,1.2790000438690186
467,2018,shrub,Salix other,143.4631805419922,1.1660000085830688
469,2018,shrub,Salix boothii,137.12637329101562,1.8259999752044678
470,2018,shrub,Salix wolfii,142.31748962402344,0.3619999885559082
471,2018,shrub,Salix boothii,135.86422729492188,0.9679999947547913
472,2018,shrub,Salix other,131.85145568847656,1.4539999961853027
1407,2025,shrub,Juniperus sp.,115.26563262939453,2.4089999198913574
1408,2025,shrub,Amelanchier alnifolia,115.47880554199219,1.2339999675750732
1409,2025,shrub,Amelanchier alnifolia,111.41224670410156,1.527999997138977
1410,2025,shrub,Juniperus sp.,114.91409301757812,1.3730000257492065
1411,2025,shrub,Juniperus sp.,114.91409301757812,1.4709999561309814
1412,2025,shrub,Amelanchier alnifolia,105.68256378173828,0.6150000095367432
1413,2025,shrub,Amelanchier alnifolia,103.80467224121094,0.13199999928474426
1414,2025,shrub,Ribes sp.,111.41224670410156,0.4339999854564667
1415,2025,shrub,Juniperus sp.,111.29356384277344,0.5879999995231628
1416,2025,shrub,Amelanchier alnifolia,111.30783081054688,1.1649999618530273
1417,2025,shrub,Juniperus sp.,86.541748046875,3.3949999809265137
1418,2025,shrub,Amelanchier alnifolia,93.8548355102539,0.5189999938011169
1419,2025,shrub,Purshia tridentata,89.35911560058594,0
1421,2025,shrub,Amelanchier alnifolia,93.25767517089844,1.1299999952316284
1422,2025,shrub,Juniperus sp.,97.830718994140625,0.07199999690055847
1423,2025,shrub,Salix other,105.87106323242188,3.6619999408721924
1424,2025,shrub,Ribes sp.,101.74472045898438,1.2869999408721924
1425,2025,shrub,Juniperus sp.,94.40982818603516,4.1620001792907715
1426,2025,shrub,Amelanchier alnifolia,99.36310577392578,3.191999912261963
1428,2025,shrub,Artemisia tridentata,95.74082946777344,0
1429,2025,shrub,Juniperus sp.,98.959259033203125,8.95300006866455
1430,2025,shrub,Artemisia tridentata,97.93254089355469,0
1431,2025,shrub,Purshia tridentata,92.53279876708984,0
1432,2025,shrub,Artemisia tridentata,94.55156707763672,0.05700000002980232
1433,2025,shrub,Purshia tridentata,98.64820098876953,0
1434,2025,shrub,Artemisia tridentata,97.76359558105469,0
1435,2025,shrub,Juniperus sp.,94.92729187011719,0.8069999814033508
1436,2025,shrub,Purshia tridentata,103.79269409179688,0
1437,2025,shrub,Salix other,121.79496002197266,2.1579999923706055
1438,2025,shrub,Salix wolfii,122.34110260009766,0.36000001430511475
1439,2025,shrub,Salix wolfii,121.79496002197266,0.6539999842643738
1440,2025,shrub,Salix wolfii,124.77403259277344,0.8830000162124634
1441,2025,shrub,Dasiphora fruticosa,119.87708282470703,0
1442,2025,shrub,Salix other,122.1240463256836,1.8839999437332153
1443,2025,shrub,Dasiphora fruticosa,117.30060577392578,0.18799999356269836
1444,2025,shrub,Artemisia tridentata,117.17338562011719,0.7369999885559082
1445,2025,shrub,Salix other,119.71009063720703,1.6449999809265137
1446,2025,shrub,Lonicera involucrata,118.63032531738281,0.6859999895095825
1447,2025,shrub,Artemisia tridentata,117.50166320800781,0
1448,2025,shrub,Symphoricarpos rotundifolius,117.24577331542969,0
1449,2025,shrub,Prunus virginiana,109.88578033447266,3.515000104904175
1450,2025,shrub,Salix other,109.88578033447266,5.520999908447266
1451,2025,shrub,Prunus virginiana,110.04853057861328,1.555999994277954
1452,2025,shrub,Artemisia tridentata,109.65636444091797,0.49399998784065247
1453,2025,shrub,Symphoricarpos rotundifolius,109.65636444091797,0.8880000114440918
1454,2025,shrub,Amelanchier alnifolia,113.35440826416016,0.9240000247955322
1455,2025,shrub,Prunus virginiana,108.4546127319336,1.4450000524520874
1456,2025,shrub,Amelanchier alnifolia,107.13099670410156,0.9150000214576721
1457,2025,shrub,Juniperus sp.,142.2425079345703,0.8100000023841858
1458,2025,shrub,Sambucus racemosa,144.595458984375,0
1459,2025,shrub,Sambucus racemosa,146.463134765625,1.059999942779541
1460,2025,shrub,Salix other,144.228515625,1.9270000457763672
1461,2025,shrub,Salix other,146.31155395507812,1.375
1462,2025,shrub,Ribes sp.,143.7288360595703,0.4390000104904175
1463,2025,shrub,Sambucus racemosa,146.26072692871094,0.8320000171661377
1464,2025,shrub,Sambucus racemosa,144.03041076660156,0.3330000042915344
1465,2025,shrub,Ribes sp.,144.7992706298828,0.13300000131130219
1466,2025,shrub,Sambucus racemosa,143.6405029296875,0
1467,2025,shrub,Artemisia tridentata,132.5027618408203,0
1468,2025,shrub,Salix other,137.34689331054688,0.4490000009536743
1469,2025,shrub,Juniperus sp.,136.63076782226562,0
1470,2025,shrub,Artemisia tridentata,136.966064453125,0
1471,2025,shrub,Juniperus sp.,136.63076782226562,0.32499998807907104
1472,2025,shrub,Juniperus sp.,132.93743896484375,1.4730000495910645
1473,2025,shrub,Salix other,137.34689331054688,1.5640000104904175
1474,2025,shrub,Salix other,139.92906188964844,2.059000015258789
1475,2025,shrub,Dasiphora fruticosa,139.19325256347656,0
1476,2025,shrub,Salix other,139.52645874023438,2.575000047683716
1477,2025,shrub,Salix planifolia,138.36680603027344,4.247000217437744
1478,2025,shrub,Amelanchier alnifolia,140.18099975585938,0.6230000257492065
1479,2025,shrub,Amelanchier alnifolia,140.9752197265625,0.5440000295639038
1480,2025,shrub,Dasiphora fruticosa,140.9752197265625,0
1481,2025,shrub,Dasiphora fruticosa,138.41079711914062,0.1379999965429306
1482,2025,shrub,Sambucus racemosa,147.2640838623047,0
1483,2025,shrub,Sambucus racemosa,150.38735961914062,0
1484,2025,shrub,Juniperus sp.,137.9351806640625,0.4779999852180481
1485,2025,shrub,Dasiphora fruticosa,137.9351806640625,0
1486,2025,shrub,Ribes sp.,141.86593627929688,0.6470000147819519
1487,2025,shrub,Dasiphora fruticosa,137.28309631347656,0
1488,2025,shrub,Salix wolfii,138.2149200439453,0.5170000195503235
1489,2025,shrub,Salix planifolia,138.2149200439453,1.0640000104904175
1490,2025,shrub,Dasiphora fruticosa,138.2149200439453,0
1491,2025,shrub,Salix other,138.3237762451172,0.3449999988079071
1492,2025,shrub,Salix planifolia,137.55215454101562,0
1493,2025,shrub,Dasiphora fruticosa,137.01065063476562,0
1494,2025,shrub,Dasiphora fruticosa,140.02536010742188,0
1495,2025,shrub,Salix planifolia,137.1986541748047,0.5889999866485596
1496,2025,shrub,Salix wolfii,137.94662475585938,0.621999979019165
1497,2025,shrub,Ribes sp.,164.1376953125,0
1498,2025,shrub,Salix other,161.08877563476562,1.9429999589920044
1499,2025,shrub,Salix other,162.53163146972656,0.8849999904632568
1500,2025,shrub,Juniperus sp.,157.1259307861328,0.7950000166893005
1501,2025,shrub,Ribes sp.,158.09115600585938,0
1502,2025,shrub,Salix other,163.60513305664062,0.9020000100135803
1503,2025,shrub,Salix planifolia,166.8108673095703,0.46399998664855957
1504,2025,shrub,Ribes sp.,164.43423461914062,0.675000011920929
1505,2025,shrub,Salix other,165.93963623046875,0.18199999630451202
1506,2025,shrub,Salix other,170.02085876464844,1.1440000534057617
1507,2025,shrub,Salix other,172.06008911132812,0
1508,2025,shrub,Salix other,170.61941528320312,1.6640000343322754
1509,2025,shrub,Salix other,175.854736328125,0.9950000047683716
1510,2025,shrub,Salix other,175.78041076660156,1.3739999532699585
1511,2025,shrub,Salix wolfii,175.6913604736328,0.21199999749660492
1512,2025,shrub,Salix planifolia,176.95315551757812,1.2200000286102295
1514,2025,shrub,Sambucus racemosa,138.47100830078125,0.8299999833106995
1515,2025,shrub,Alnus incana,138.9189910888672,2.859999895095825
1516,2025,shrub,Alnus incana,138.8246307373047,3.634000062942505
1517,2025,shrub,Symphoricarpos rotundifolius,138.8246307373047,0
1518,2025,shrub,Sambucus racemosa,142.31072998046875,1.2619999647140503
1519,2025,shrub,Juniperus sp.,138.72366333007812,0.828000009059906
1520,2025,shrub,Symphoricarpos rotundifolius,141.46266174316406,0
1521,2025,shrub,Alnus incana,139.3623809814453,2.315000057220459
1522,2025,shrub,Salix boothii,138.8246307373047,1.7269999980926514
1523,2025,shrub,Salix planifolia,169.6824188232422,1.722000002861023
1524,2025,shrub,Lonicera involucrata,167.0114288330078,0.8619999885559082
1525,2025,shrub,Ribes sp.,162.29762268066406,0.164000004529953
1526,2025,shrub,Ribes sp.,159.310546875,2.4079999923706055
1527,2025,shrub,Sambucus racemosa,166.72125244140625,0.19599999487400055
1528,2025,shrub,Ribes sp.,166.72125244140625,0.6320000290870667
1529,2025,shrub,Sambucus racemosa,166.72125244140625,1.1549999713897705
1530,2025,shrub,Salix other,167.50045776367188,0
1531,2025,shrub,Salix planifolia,167.50045776367188,1.3350000381469727
1532,2025,shrub,Lonicera involucrata,160.4213104248047,0
1533,2025,shrub,Betula glandulosa,159.25131225585938,1.7380000352859497
1534,2025,shrub,Betula glandulosa,157.486572265625,1.9299999475479126
1535,2025,shrub,Dasiphora fruticosa,158.0167694091797,0
1536,2025,shrub,Juniperus sp.,157.87139892578125,0.609000027179718
1537,2025,shrub,Dasiphora fruticosa,159.69664001464844,0
1538,2025,shrub,Betula glandulosa,159.24339294433594,0
1539,2025,shrub,Salix other,159.24339294433594,1.6050000190734863
1540,2025,shrub,Betula glandulosa,159.24339294433594,1.9220000505447388
1541,2025,shrub,Ribes sp.,159.57298278808594,0
1542,2025,shrub,Salix other,157.84130859375,11.696999549865723
1543,2025,shrub,Salix wolfii,129.14881896972656,0
1544,2025,shrub,Dasiphora fruticosa,129.9393768310547,0
1546,2025,shrub,Dasiphora fruticosa,131.1206817626953,0
1547,2025,shrub,Salix wolfii,129.68569946289062,0.47099998593330383
1548,2025,shrub,Salix wolfii,130.85435485839844,0.5630000233650208
1549,2025,shrub,Salix wolfii,134.95201110839844,0.30300000309944153
1550,2025,shrub,Salix wolfii,136.1539306640625,0
1551,2025,shrub,Salix planifolia,130.9327392578125,0.41100001335144043
1552,2025,shrub,Salix wolfii,134.43495178222656,0
1553,2025,shrub,Salix wolfii,129.2395782470703,0
1554,2025,shrub,Salix other,130.29266357421875,0
1555,2025,shrub,Salix wolfii,127.64056396484375,4.111999988555908
1556,2025,shrub,Salix wolfii,127.89208221435547,0.906000018119812
1557,2025,shrub,Dasiphora fruticosa,127.89208221435547,1.8420000076293945
1558,2025,shrub,Salix wolfii,127.89208221435547,0.3499999940395355
1559,2025,shrub,Salix wolfii,128.4312744140625,0.2199999988079071
1560,2025,shrub,Dasiphora fruticosa,128.4312744140625,0.4359999895095825
1561,2025,shrub,Salix wolfii,128.76513671875,0.15800000727176666
1562,2025,shrub,Artemisia tridentata,128.4312744140625,0
1564,2025,shrub,Salix other,126.988525390625,2.259999990463257
1565,2025,shrub,Salix other,132.72669982910156,2.2300000190734863
1566,2025,shrub,Artemisia tridentata,132.6826171875,11.512999534606934
1567,2025,shrub,Salix wolfii,130.3624725341797,2.1689999103546143
1568,2025,shrub,Salix planifolia,138.42234802246094,0
1569,2025,shrub,Salix other,144.3216552734375,0
1570,2025,shrub,Salix wolfii,143.98297119140625,0
1571,2025,shrub,Dasiphora fruticosa,146.6107635498047,0
1572,2025,shrub,Dasiphora fruticosa,153.62620544433594,0
1573,2025,shrub,Dasiphora fruticosa,145.6942596435547,0
1574,2025,shrub,Salix wolfii,143.740234375,1.5509999990463257
1575,2025,shrub,Salix wolfii,143.740234375,1.5509999990463257
1576,2025,shrub,Salix wolfii,142.71669006347656,0.9459999799728394
1577,2025,shrub,Salix wolfii,142.72396850585938,0
1578,2025,shrub,Juniperus sp.,135.54884338378906,0.6110000014305115
1579,2025,shrub,Salix wolfii,135.16378784179688,0.02800000086426735
1580,2025,shrub,Salix other,139.31015014648438,1.1059999465942383
1581,2025,shrub,Salix other,134.0074462890625,0
1582,2025,shrub,Dasiphora fruticosa,137.66201782226562,5.558000087738037
1583,2025,shrub,Betula glandulosa,136.84730529785156,0
1584,2025,shrub,Salix wolfii,140.15167236328125,0.6299999952316284
1585,2025,shrub,Salix other,137.5152587890625,2.2130000591278076
1586,2025,shrub,Juniperus sp.,137.5152587890625,0.3720000088214874
1587,2025,shrub,Dasiphora fruticosa,137.93948364257812,0
1588,2025,shrub,Ribes sp.,127.27857971191406,2.2890000343322754
1590,2025,shrub,Sambucus racemosa,131.57496643066406,0.7739999890327454
1591,2025,shrub,Cornus sericea,131.6013946533203,0.8930000066757202
2038,2026,shrub,Alnus incana,119.36847686767578,8.059000015258789
2039,2026,shrub,Alnus incana,118.72270202636719,10.607999801635742
2060,2026,shrub,Lonicera involucrata,97.81153106689453,2.0810000896453857
2061,2026,shrub,Cornus sericea,98.12303161621094,3.3399999141693115
2062,2026,shrub,Alnus incana,100.6238784790039,2.4079999923706055
2063,2026,shrub,Alnus incana,103.42778778076172,5.544000148773193
2064,2026,shrub,Cornus sericea,98.721923828125,3.5299999713897705
2065,2026,shrub,Cornus sericea,100.5527572631836,3.382999897003174
2066,2026,shrub,Cornus sericea,100.8940658569336,4.361000061035156
2067,2026,shrub,Cornus sericea,101.61954498291016,3.36899995803833
2068,2026,shrub,Lonicera involucrata,99.92198181152344,1.781999945640564
2069,2026,shrub,Alnus incana,102.30244445800781,6.48199987411499
