a,b,short_a,short_b,n_a,n_b,dist,ratio,same_top1,same_parent,doy_a,doy_b,top1_a,top1_b
S06.c,S08.c,Late-melt bilberry heath,Alpine bilberry-fleabane heath,13,8,0.03808210506332488,0.2796887050942776,TRUE,FALSE,162.56597900390625,169.02506828308103,"Vaccinium (cespitosum, scoparium) Dwarf-shrubland","Vaccinium (cespitosum, scoparium) Dwarf-shrubland"
S08.b,S09.b,Osha-hairgrass meadow,Osha tall-forb facies,15,8,0.09309900246560089,0.36706692616486425,TRUE,FALSE,158.53351949055988,149.44395446777344,Ligusticum porteri - Vicia americana Meadow,Ligusticum porteri - Vicia americana Meadow
S06.a,S08.b,Osha tall-forb meadow,Osha-hairgrass meadow,25,15,0.21985028504479062,0.6311110993956178,TRUE,FALSE,144.64623901367187,158.53351949055988,Ligusticum porteri - Vicia americana Meadow,Ligusticum porteri - Vicia americana Meadow
S06.c,S13.a,Late-melt bilberry heath,Dense bilberry heath,13,13,0.0846415255516521,0.6611477094730308,TRUE,FALSE,162.56597900390625,161.3558091383714,"Vaccinium (cespitosum, scoparium) Dwarf-shrubland","Vaccinium (cespitosum, scoparium) Dwarf-shrubland"
S06.a,S09.b,Osha tall-forb meadow,Osha tall-forb facies,25,8,0.23086937912985775,0.6685504119068553,TRUE,FALSE,144.64623901367187,149.44395446777344,Ligusticum porteri - Vicia americana Meadow,Ligusticum porteri - Vicia americana Meadow
S08.c,S13.a,Alpine bilberry-fleabane heath,Dense bilberry heath,8,13,0.0981072408758814,0.8297794213669436,TRUE,FALSE,169.02506828308103,161.3558091383714,"Vaccinium (cespitosum, scoparium) Dwarf-shrubland","Vaccinium (cespitosum, scoparium) Dwarf-shrubland"
S04.c,S05.b,Dense sagebrush-fescue,Sagebrush-fescue steppe,17,17,0.3566151878057165,0.8926329143187692,TRUE,FALSE,117.84649927475871,120.98780463723575,Artemisia tridentata ssp. vaseyana / Festuca thurberi Shrubland,Artemisia tridentata ssp. vaseyana / Festuca thurberi Shrubland
S01.c,S02.c,Lupine forb meadow,Lupine-rabbitbrush meadow,8,8,0.32136798217692963,0.8999539391136635,TRUE,FALSE,114.61535453796388,122.8788080215454,Elymus lanceolatus - Lupinus argenteus Grassland,Elymus lanceolatus - Lupinus argenteus Grassland
S02.a,S05.b,Montane forb-grass meadow,Sagebrush-fescue steppe,47,17,0.42168504054938244,1.0080640090727304,TRUE,FALSE,128.4723697418862,120.98780463723575,Artemisia tridentata ssp. vaseyana / Festuca thurberi Shrubland,Artemisia tridentata ssp. vaseyana / Festuca thurberi Shrubland
S22,S24.b,Senescent sagebrush park,Dense sagebrush-aspen edge,17,9,0.2737666817650268,1.0877748277163892,TRUE,FALSE,126.1892157161937,85.04329766167535,Artemisia tridentata ssp. wyomingensis - Artemisia tridentata ssp. tridentata Desert Shrubland Group,Artemisia tridentata ssp. wyomingensis - Artemisia tridentata ssp. tridentata Desert Shrubland Group
Ligusticum porteri,S09.b,Osha tall-forb stand,Osha tall-forb facies,15,8,0.23362784934075606,1.1482672613540408,TRUE,FALSE,144.9791493733724,149.44395446777344,Ligusticum porteri - Vicia americana Meadow,Ligusticum porteri - Vicia americana Meadow
S02.b,S06.b,Lathyrus meadow,Subalpine mixed meadow,9,82,0.4947963692461458,1.1492158684899025,TRUE,FALSE,125.0694580078125,143.2728446402201,"Festuca thurberi - (Lathyrus lanszwertii, Potentilla spp.) Grassland","Festuca thurberi - (Lathyrus lanszwertii, Potentilla spp.) Grassland"
S03,Veratrum tenuipetalum,Tall-forb wet meadow,Corn-lily meadow,22,19,0.3501427312562752,1.2308813253245343,TRUE,NA,150.97071769020775,144.13206401624177,Heracleum maximum - Veratrum viride Wet Meadow Alliance,Heracleum maximum - Veratrum viride Wet Meadow Alliance
S01.c,S10.b,Lupine forb meadow,Fleabane-horsemint meadow,8,9,0.5409253223803882,1.2600869717166883,TRUE,FALSE,114.61535453796388,119.08602311876083,Elymus lanceolatus - Lupinus argenteus Grassland,Elymus lanceolatus - Lupinus argenteus Grassland
Ligusticum porteri,S08.b,Osha tall-forb stand,Osha-hairgrass meadow,15,15,0.28891096615004125,1.3991710319815232,TRUE,FALSE,144.9791493733724,158.53351949055988,Ligusticum porteri - Vicia americana Meadow,Ligusticum porteri - Vicia americana Meadow
S02.a,S04.c,Montane forb-grass meadow,Dense sagebrush-fescue,47,17,0.5571552065554443,1.4435170633339172,TRUE,FALSE,128.4723697418862,117.84649927475871,Artemisia tridentata ssp. vaseyana / Festuca thurberi Shrubland,Artemisia tridentata ssp. vaseyana / Festuca thurberi Shrubland
Ligusticum porteri,S06.a,Osha tall-forb stand,Osha tall-forb meadow,15,25,0.4427580598731148,1.4848383250225317,TRUE,FALSE,144.9791493733724,144.64623901367187,Ligusticum porteri - Vicia americana Meadow,Ligusticum porteri - Vicia americana Meadow
S02.c,S10.b,Lupine-rabbitbrush meadow,Fleabane-horsemint meadow,8,9,0.7249482821269306,1.831213248045763,TRUE,FALSE,122.8788080215454,119.08602311876083,Elymus lanceolatus - Lupinus argenteus Grassland,Elymus lanceolatus - Lupinus argenteus Grassland
S06.a,S10.c,Osha tall-forb meadow,Cinquefoil-paintbrush meadow,25,10,0.8143097005212208,2.6267076172239325,TRUE,FALSE,144.64623901367187,136.66498107910155,Ligusticum porteri - Vicia americana Meadow,Ligusticum porteri - Vicia americana Meadow
S08.b,S10.c,Osha-hairgrass meadow,Cinquefoil-paintbrush meadow,15,10,0.8813032316500214,4.036883899331266,TRUE,FALSE,158.53351949055988,136.66498107910155,Ligusticum porteri - Vicia americana Meadow,Ligusticum porteri - Vicia americana Meadow
S09.b,S10.c,Osha tall-forb facies,Cinquefoil-paintbrush meadow,8,10,0.9229616517217584,4.287127597547039,TRUE,FALSE,149.44395446777344,136.66498107910155,Ligusticum porteri - Vicia americana Meadow,Ligusticum porteri - Vicia americana Meadow
Ligusticum porteri,S10.c,Osha tall-forb stand,Cinquefoil-paintbrush meadow,15,10,1.1063381075226824,6.579688131271532,TRUE,FALSE,144.9791493733724,136.66498107910155,Ligusticum porteri - Vicia americana Meadow,Ligusticum porteri - Vicia americana Meadow
Corydalis caseana,S03,Fitweed seep stand,Tall-forb wet meadow,5,22,0.35513140221895917,NA,TRUE,FALSE,156.65664978027343,150.97071769020775,Heracleum maximum - Veratrum viride Wet Meadow Alliance,Heracleum maximum - Veratrum viride Wet Meadow Alliance
Corydalis caseana,Veratrum tenuipetalum,Fitweed seep stand,Corn-lily meadow,5,19,0.10847929734152761,NA,TRUE,FALSE,156.65664978027343,144.13206401624177,Heracleum maximum - Veratrum viride Wet Meadow Alliance,Heracleum maximum - Veratrum viride Wet Meadow Alliance
S01.a,S19,Montane mixed shrub-meadow,Dry montane grass park,53,25,0.07613136155205572,0.20134984377051499,FALSE,FALSE,122.99547317792783,122.09057525634766,Chrysothamnus viscidiflorus Shrub Grassland,Sporobolus cryptandrus - Artemisia campestris Wet Meadow Alliance
S18,S25,Low sagebrush-rabbitbrush steppe,Low mixed shrub-steppe,30,21,0.05189819439490441,0.20182422864076507,FALSE,FALSE,101.7091542561849,97.45130193801154,Chrysothamnus viscidiflorus - Ericameria nauseosa - Krascheninnikovia lanata Steppe Group,Purshia tridentata - Ribes cereum Shrubland Alliance
S04.b,S06.b,Sagebrush-kinnikinnick matrix,Subalpine mixed meadow,43,82,0.08839725472438618,0.21878881535412278,FALSE,FALSE,115.22257747206577,143.2728446402201,Dryas integrifolia - Dryas octopetala - Arctostaphylos uva-ursi Rocky Mountain Fell-field Dwarf-shrubland Alliance,"Festuca thurberi - (Lathyrus lanszwertii, Potentilla spp.) Grassland"
Osmorhiza occidentalis,S08.a,Sweet-cicely stand,Deschampsia forb meadow,8,30,0.077925869259695,0.24246284131514295,FALSE,FALSE,140.2346534729004,161.00261332194012,NA,Salix wolfii / Deschampsia cespitosa Wet Shrubland
S01.a,S02.a,Montane mixed shrub-meadow,Montane forb-grass meadow,53,47,0.12310438053406408,0.31035882468951703,FALSE,FALSE,122.99547317792783,128.4723697418862,Chrysothamnus viscidiflorus Shrub Grassland,Artemisia tridentata ssp. vaseyana / Festuca thurberi Shrubland
S01.a,S18,Montane mixed shrub-meadow,Low sagebrush-rabbitbrush steppe,53,30,0.10113242221009736,0.31253627533023437,FALSE,FALSE,122.99547317792783,101.7091542561849,Chrysothamnus viscidiflorus Shrub Grassland,Chrysothamnus viscidiflorus - Ericameria nauseosa - Krascheninnikovia lanata Steppe Group
S01.a,S10.a,Montane mixed shrub-meadow,Snowberry mesic meadow,53,30,0.11359981565349413,0.3476006563249022,FALSE,FALSE,122.99547317792783,133.76779301961264,Chrysothamnus viscidiflorus Shrub Grassland,Danthonia intermedia - Solidago multiradiata Grassland
S06.b,S11,Subalpine mixed meadow,Wyethia swale meadow,82,30,0.13997830026787508,0.3639363529504925,FALSE,FALSE,143.2728446402201,126.35915756225586,"Festuca thurberi - (Lathyrus lanszwertii, Potentilla spp.) Grassland",NA
S10.a,S18,Snowberry mesic meadow,Low sagebrush-rabbitbrush steppe,30,30,0.09923457093115431,0.378950303971315,FALSE,FALSE,133.76779301961264,101.7091542561849,Danthonia intermedia - Solidago multiradiata Grassland,Chrysothamnus viscidiflorus - Ericameria nauseosa - Krascheninnikovia lanata Steppe Group
S01.a,S06.b,Montane mixed shrub-meadow,Subalpine mixed meadow,53,82,0.15226561095514193,0.37896859929113474,FALSE,FALSE,122.99547317792783,143.2728446402201,Chrysothamnus viscidiflorus Shrub Grassland,"Festuca thurberi - (Lathyrus lanszwertii, Potentilla spp.) Grassland"
S11,S12,Wyethia swale meadow,Rocky sparse forb slope,30,25,0.12196503181169173,0.3886863403984116,FALSE,FALSE,126.35915756225586,161.35852783203126,NA,Geum rossii - Sibbaldia procumbens Alpine Snowbed
S02.a,S19,Montane forb-grass meadow,Dry montane grass park,47,25,0.1506069482774618,0.3899449449921492,FALSE,FALSE,128.4723697418862,122.09057525634766,Artemisia tridentata ssp. vaseyana / Festuca thurberi Shrubland,Sporobolus cryptandrus - Artemisia campestris Wet Meadow Alliance
S06.b,S08.a,Subalpine mixed meadow,Deschampsia forb meadow,82,30,0.14214468802778457,0.3901677145183981,FALSE,FALSE,143.2728446402201,161.00261332194012,"Festuca thurberi - (Lathyrus lanszwertii, Potentilla spp.) Grassland",Salix wolfii / Deschampsia cespitosa Wet Shrubland
S02.a,S04.b,Montane forb-grass meadow,Sagebrush-kinnikinnick matrix,47,43,0.1558948233183801,0.39081932811536774,FALSE,FALSE,128.4723697418862,115.22257747206577,Artemisia tridentata ssp. vaseyana / Festuca thurberi Shrubland,Dryas integrifolia - Dryas octopetala - Arctostaphylos uva-ursi Rocky Mountain Fell-field Dwarf-shrubland Alliance
S04.b,S05.a,Sagebrush-kinnikinnick matrix,Silver-sage sedge park,43,24,0.13947336054505066,0.3910426635223664,FALSE,FALSE,115.22257747206577,126.13806215922038,Dryas integrifolia - Dryas octopetala - Arctostaphylos uva-ursi Rocky Mountain Fell-field Dwarf-shrubland Alliance,Artemisia cana Montane Wet Shrubland Alliance
S18,S19,Low sagebrush-rabbitbrush steppe,Dry montane grass park,30,25,0.1264207664074199,0.40369308735692666,FALSE,FALSE,101.7091542561849,122.09057525634766,Chrysothamnus viscidiflorus - Ericameria nauseosa - Krascheninnikovia lanata Steppe Group,Sporobolus cryptandrus - Artemisia campestris Wet Meadow Alliance
S06.b,S09.a,Subalpine mixed meadow,Lathyrus mesic meadow,82,19,0.1982884336578309,0.4081352629857184,FALSE,FALSE,143.2728446402201,148.69068266216078,"Festuca thurberi - (Lathyrus lanszwertii, Potentilla spp.) Grassland",Carex microptera Wet Meadow
S05.a,S20,Silver-sage sedge park,Rocky buckwheat barren,24,13,0.13403539723543184,0.4093902577378853,FALSE,FALSE,126.13806215922038,133.669188279372,Artemisia cana Montane Wet Shrubland Alliance,Poa nervosa - Achnatherum lettermanii Grassland
Osmorhiza occidentalis,S06.b,Sweet-cicely stand,Subalpine mixed meadow,8,82,0.1525699530714625,0.40999685167022015,FALSE,FALSE,140.2346534729004,143.2728446402201,NA,"Festuca thurberi - (Lathyrus lanszwertii, Potentilla spp.) Grassland"
S01.a,S04.b,Montane mixed shrub-meadow,Sagebrush-kinnikinnick matrix,53,43,0.16475662836391386,0.4216193654702346,FALSE,FALSE,122.99547317792783,115.22257747206577,Chrysothamnus viscidiflorus Shrub Grassland,Dryas integrifolia - Dryas octopetala - Arctostaphylos uva-ursi Rocky Mountain Fell-field Dwarf-shrubland Alliance
S01.a,S25,Montane mixed shrub-meadow,Low mixed shrub-steppe,53,21,0.1372889691819842,0.4262443684994466,FALSE,FALSE,122.99547317792783,97.45130193801154,Chrysothamnus viscidiflorus Shrub Grassland,Purshia tridentata - Ribes cereum Shrubland Alliance
S02.a,S06.b,Montane forb-grass meadow,Subalpine mixed meadow,47,82,0.17781191936914112,0.4337819740646214,FALSE,FALSE,128.4723697418862,143.2728446402201,Artemisia tridentata ssp. vaseyana / Festuca thurberi Shrubland,"Festuca thurberi - (Lathyrus lanszwertii, Potentilla spp.) Grassland"
S04.b,S08.a,Sagebrush-kinnikinnick matrix,Deschampsia forb meadow,43,30,0.1546190229934282,0.43764429201179117,FALSE,FALSE,115.22257747206577,161.00261332194012,Dryas integrifolia - Dryas octopetala - Arctostaphylos uva-ursi Rocky Mountain Fell-field Dwarf-shrubland Alliance,Salix wolfii / Deschampsia cespitosa Wet Shrubland
S02.a,S20,Montane forb-grass meadow,Rocky buckwheat barren,47,13,0.1620054324495713,0.4382974860302054,FALSE,FALSE,128.4723697418862,133.669188279372,Artemisia tridentata ssp. vaseyana / Festuca thurberi Shrubland,Poa nervosa - Achnatherum lettermanii Grassland
S21,S23,Brome disturbed meadow,Subalpine forb turf,14,18,0.1115346324163524,0.4391159103744244,FALSE,FALSE,165.87781742640905,144.4867926703559,Bromus inermis - (Pascopyrum smithii) Ruderal Grassland,Salix wolfii / Mesic Forbs Wet Shrubland
S02.a,S18,Montane forb-grass meadow,Low sagebrush-rabbitbrush steppe,47,30,0.14669409951287507,0.44223934976738793,FALSE,FALSE,128.4723697418862,101.7091542561849,Artemisia tridentata ssp. vaseyana / Festuca thurberi Shrubland,Chrysothamnus viscidiflorus - Ericameria nauseosa - Krascheninnikovia lanata Steppe Group
S06.b,S10.a,Subalpine mixed meadow,Snowberry mesic meadow,82,30,0.15915998844385584,0.468020832571381,FALSE,FALSE,143.2728446402201,133.76779301961264,"Festuca thurberi - (Lathyrus lanszwertii, Potentilla spp.) Grassland",Danthonia intermedia - Solidago multiradiata Grassland
S12,S21,Rocky sparse forb slope,Brome disturbed meadow,25,14,0.12979020034839567,0.470421286423786,FALSE,FALSE,161.35852783203126,165.87781742640905,Geum rossii - Sibbaldia procumbens Alpine Snowbed,Bromus inermis - (Pascopyrum smithii) Ruderal Grassland
S06.b,S19,Subalpine mixed meadow,Dry montane grass park,82,25,0.18436179621121285,0.47107509378206364,FALSE,FALSE,143.2728446402201,122.09057525634766,"Festuca thurberi - (Lathyrus lanszwertii, Potentilla spp.) Grassland",Sporobolus cryptandrus - Artemisia campestris Wet Meadow Alliance
S02.a,S05.a,Montane forb-grass meadow,Silver-sage sedge park,47,24,0.1720210120834604,0.4744736973135551,FALSE,FALSE,128.4723697418862,126.13806215922038,Artemisia tridentata ssp. vaseyana / Festuca thurberi Shrubland,Artemisia cana Montane Wet Shrubland Alliance
Osmorhiza occidentalis,S04.b,Sweet-cicely stand,Sagebrush-kinnikinnick matrix,8,43,0.17151779594648905,0.4749788265606763,FALSE,FALSE,140.2346534729004,115.22257747206577,NA,Dryas integrifolia - Dryas octopetala - Arctostaphylos uva-ursi Rocky Mountain Fell-field Dwarf-shrubland Alliance
S01.a,S11,Montane mixed shrub-meadow,Wyethia swale meadow,53,30,0.17679042793865646,0.4760569945866366,FALSE,FALSE,122.99547317792783,126.35915756225586,Chrysothamnus viscidiflorus Shrub Grassland,NA
S19,S25,Dry montane grass park,Low mixed shrub-steppe,25,21,0.14856986069646222,0.47669848673614423,FALSE,FALSE,122.09057525634766,97.45130193801154,Sporobolus cryptandrus - Artemisia campestris Wet Meadow Alliance,Purshia tridentata - Ribes cereum Shrubland Alliance
S02.a,S11,Montane forb-grass meadow,Wyethia swale meadow,47,30,0.18225414740581958,0.4802667041100736,FALSE,FALSE,128.4723697418862,126.35915756225586,Artemisia tridentata ssp. vaseyana / Festuca thurberi Shrubland,NA
S10.a,S19,Snowberry mesic meadow,Dry montane grass park,30,25,0.15404589651937686,0.48689275202769366,FALSE,FALSE,133.76779301961264,122.09057525634766,Danthonia intermedia - Solidago multiradiata Grassland,Sporobolus cryptandrus - Artemisia campestris Wet Meadow Alliance
S04.b,S11,Sagebrush-kinnikinnick matrix,Wyethia swale meadow,43,30,0.1829240695026807,0.4896195273235738,FALSE,FALSE,115.22257747206577,126.35915756225586,Dryas integrifolia - Dryas octopetala - Arctostaphylos uva-ursi Rocky Mountain Fell-field Dwarf-shrubland Alliance,NA
S02.a,S08.a,Montane forb-grass meadow,Deschampsia forb meadow,47,30,0.175950114970331,0.4898672822946054,FALSE,FALSE,128.4723697418862,161.00261332194012,Artemisia tridentata ssp. vaseyana / Festuca thurberi Shrubland,Salix wolfii / Deschampsia cespitosa Wet Shrubland
S04.b,S09.a,Sagebrush-kinnikinnick matrix,Lathyrus mesic meadow,43,19,0.23578486766937987,0.49657581050590544,FALSE,FALSE,115.22257747206577,148.69068266216078,Dryas integrifolia - Dryas octopetala - Arctostaphylos uva-ursi Rocky Mountain Fell-field Dwarf-shrubland Alliance,Carex microptera Wet Meadow
S11,S19,Wyethia swale meadow,Dry montane grass park,30,25,0.17950462177244014,0.49732758236822544,FALSE,FALSE,126.35915756225586,122.09057525634766,NA,Sporobolus cryptandrus - Artemisia campestris Wet Meadow Alliance
S01.a,S08.a,Montane mixed shrub-meadow,Deschampsia forb meadow,53,30,0.17750379249511639,0.5056254581033399,FALSE,FALSE,122.99547317792783,161.00261332194012,Chrysothamnus viscidiflorus Shrub Grassland,Salix wolfii / Deschampsia cespitosa Wet Shrubland
S04.b,S10.a,Sagebrush-kinnikinnick matrix,Snowberry mesic meadow,43,30,0.16644931424365142,0.5058453135579123,FALSE,FALSE,115.22257747206577,133.76779301961264,Dryas integrifolia - Dryas octopetala - Arctostaphylos uva-ursi Rocky Mountain Fell-field Dwarf-shrubland Alliance,Danthonia intermedia - Solidago multiradiata Grassland
S08.a,S11,Deschampsia forb meadow,Wyethia swale meadow,30,30,0.16987501249090892,0.5087732993472556,FALSE,FALSE,161.00261332194012,126.35915756225586,Salix wolfii / Deschampsia cespitosa Wet Shrubland,NA
S12,S23,Rocky sparse forb slope,Subalpine forb turf,25,18,0.12800861305055272,0.50903278471607,FALSE,FALSE,161.35852783203126,144.4867926703559,Geum rossii - Sibbaldia procumbens Alpine Snowbed,Salix wolfii / Mesic Forbs Wet Shrubland
S10.a,S25,Snowberry mesic meadow,Low mixed shrub-steppe,30,21,0.1331469575480649,0.5113747717080038,FALSE,FALSE,133.76779301961264,97.45130193801154,Danthonia intermedia - Solidago multiradiata Grassland,Purshia tridentata - Ribes cereum Shrubland Alliance
S05.a,S06.b,Silver-sage sedge park,Subalpine mixed meadow,24,82,0.19272802034986042,0.524160497123626,FALSE,FALSE,126.13806215922038,143.2728446402201,Artemisia cana Montane Wet Shrubland Alliance,"Festuca thurberi - (Lathyrus lanszwertii, Potentilla spp.) Grassland"
S04.b,S19,Sagebrush-kinnikinnick matrix,Dry montane grass park,43,25,0.20015057935729366,0.5262337032232549,FALSE,FALSE,115.22257747206577,122.09057525634766,Dryas integrifolia - Dryas octopetala - Arctostaphylos uva-ursi Rocky Mountain Fell-field Dwarf-shrubland Alliance,Sporobolus cryptandrus - Artemisia campestris Wet Meadow Alliance
S02.a,S10.a,Montane forb-grass meadow,Snowberry mesic meadow,47,30,0.17675434486259975,0.5277311334750279,FALSE,FALSE,128.4723697418862,133.76779301961264,Artemisia tridentata ssp. vaseyana / Festuca thurberi Shrubland,Danthonia intermedia - Solidago multiradiata Grassland
S06.b,S12,Subalpine mixed meadow,Rocky sparse forb slope,82,25,0.18309095235784256,0.5319112898620554,FALSE,FALSE,143.2728446402201,161.35852783203126,"Festuca thurberi - (Lathyrus lanszwertii, Potentilla spp.) Grassland",Geum rossii - Sibbaldia procumbens Alpine Snowbed
S02.a,S12,Montane forb-grass meadow,Rocky sparse forb slope,47,25,0.18217705555472125,0.5372756504714206,FALSE,FALSE,128.4723697418862,161.35852783203126,Artemisia tridentata ssp. vaseyana / Festuca thurberi Shrubland,Geum rossii - Sibbaldia procumbens Alpine Snowbed
S18,S20,Low sagebrush-rabbitbrush steppe,Rocky buckwheat barren,30,13,0.16125244997737534,0.5437453267228298,FALSE,FALSE,101.7091542561849,133.669188279372,Chrysothamnus viscidiflorus - Ericameria nauseosa - Krascheninnikovia lanata Steppe Group,Poa nervosa - Achnatherum lettermanii Grassland
S01.a,S20,Montane mixed shrub-meadow,Rocky buckwheat barren,53,13,0.19745382515551038,0.5462023296606998,FALSE,FALSE,122.99547317792783,133.669188279372,Chrysothamnus viscidiflorus Shrub Grassland,Poa nervosa - Achnatherum lettermanii Grassland
S02.a,S25,Montane forb-grass meadow,Low mixed shrub-steppe,47,21,0.18224565822679498,0.5519065124285002,FALSE,FALSE,128.4723697418862,97.45130193801154,Artemisia tridentata ssp. vaseyana / Festuca thurberi Shrubland,Purshia tridentata - Ribes cereum Shrubland Alliance
S01.a,S05.a,Montane mixed shrub-meadow,Silver-sage sedge park,53,24,0.19760734344646658,0.5575357303414791,FALSE,FALSE,122.99547317792783,126.13806215922038,Chrysothamnus viscidiflorus Shrub Grassland,Artemisia cana Montane Wet Shrubland Alliance
S07,S21,Alpine snowbed forb turf,Brome disturbed meadow,24,14,0.18994074019718252,0.5610453049584693,FALSE,FALSE,169.97183799743652,165.87781742640905,Cardamine cordifolia - Mertensia ciliata - Senecio triangularis Wet Meadow,Bromus inermis - (Pascopyrum smithii) Ruderal Grassland
Osmorhiza occidentalis,S10.a,Sweet-cicely stand,Snowberry mesic meadow,8,30,0.1677751470951976,0.5646210592545902,FALSE,FALSE,140.2346534729004,133.76779301961264,NA,Danthonia intermedia - Solidago multiradiata Grassland
S01.a,S09.a,Montane mixed shrub-meadow,Lathyrus mesic meadow,53,19,0.26840289675693235,0.5679511353317989,FALSE,FALSE,122.99547317792783,148.69068266216078,Chrysothamnus viscidiflorus Shrub Grassland,Carex microptera Wet Meadow
S04.b,S12,Sagebrush-kinnikinnick matrix,Rocky sparse forb slope,43,25,0.1904337954537153,0.571538881013202,FALSE,FALSE,115.22257747206577,161.35852783203126,Dryas integrifolia - Dryas octopetala - Arctostaphylos uva-ursi Rocky Mountain Fell-field Dwarf-shrubland Alliance,Geum rossii - Sibbaldia procumbens Alpine Snowbed
S04.b,S20,Sagebrush-kinnikinnick matrix,Rocky buckwheat barren,43,13,0.20795544679452474,0.5717088705832997,FALSE,FALSE,115.22257747206577,133.669188279372,Dryas integrifolia - Dryas octopetala - Arctostaphylos uva-ursi Rocky Mountain Fell-field Dwarf-shrubland Alliance,Poa nervosa - Achnatherum lettermanii Grassland
Osmorhiza occidentalis,S01.a,Sweet-cicely stand,Montane mixed shrub-meadow,8,53,0.20530472415482656,0.5720935235382568,FALSE,FALSE,140.2346534729004,122.99547317792783,NA,Chrysothamnus viscidiflorus Shrub Grassland
S01.a,S12,Montane mixed shrub-meadow,Rocky sparse forb slope,53,25,0.1897168163240246,0.5732417400340505,FALSE,FALSE,122.99547317792783,161.35852783203126,Chrysothamnus viscidiflorus Shrub Grassland,Geum rossii - Sibbaldia procumbens Alpine Snowbed
Osmorhiza occidentalis,S11,Sweet-cicely stand,Wyethia swale meadow,8,30,0.1994266837047929,0.5836323290744655,FALSE,FALSE,140.2346534729004,126.35915756225586,NA,NA
S05.a,S19,Silver-sage sedge park,Dry montane grass park,24,25,0.2025261739293126,0.5887314807753772,FALSE,FALSE,126.13806215922038,122.09057525634766,Artemisia cana Montane Wet Shrubland Alliance,Sporobolus cryptandrus - Artemisia campestris Wet Meadow Alliance
S06.b,S18,Subalpine mixed meadow,Low sagebrush-rabbitbrush steppe,82,30,0.19964454669880163,0.5926892751076415,FALSE,FALSE,143.2728446402201,101.7091542561849,"Festuca thurberi - (Lathyrus lanszwertii, Potentilla spp.) Grassland",Chrysothamnus viscidiflorus - Ericameria nauseosa - Krascheninnikovia lanata Steppe Group
S10.a,S12,Snowberry mesic meadow,Rocky sparse forb slope,30,25,0.15997648689187008,0.5941888553100609,FALSE,FALSE,133.76779301961264,161.35852783203126,Danthonia intermedia - Solidago multiradiata Grassland,Geum rossii - Sibbaldia procumbens Alpine Snowbed
S10.a,S11,Snowberry mesic meadow,Wyethia swale meadow,30,30,0.18415382449377704,0.5947260640679989,FALSE,FALSE,133.76779301961264,126.35915756225586,Danthonia intermedia - Solidago multiradiata Grassland,NA
Osmorhiza occidentalis,S09.a,Sweet-cicely stand,Lathyrus mesic meadow,8,19,0.2640057114158344,0.5960625179198544,FALSE,FALSE,140.2346534729004,148.69068266216078,NA,Carex microptera Wet Meadow
S04.b,S18,Sagebrush-kinnikinnick matrix,Low sagebrush-rabbitbrush steppe,43,30,0.19446937134262632,0.5968490690640146,FALSE,FALSE,115.22257747206577,101.7091542561849,Dryas integrifolia - Dryas octopetala - Arctostaphylos uva-ursi Rocky Mountain Fell-field Dwarf-shrubland Alliance,Chrysothamnus viscidiflorus - Ericameria nauseosa - Krascheninnikovia lanata Steppe Group
S09.a,S19,Lathyrus mesic meadow,Dry montane grass park,19,25,0.27629603042109596,0.5978423014794458,FALSE,FALSE,148.69068266216078,122.09057525634766,Carex microptera Wet Meadow,Sporobolus cryptandrus - Artemisia campestris Wet Meadow Alliance
S05.a,S18,Silver-sage sedge park,Low sagebrush-rabbitbrush steppe,24,30,0.17327783169546013,0.5985714737081644,FALSE,FALSE,126.13806215922038,101.7091542561849,Artemisia cana Montane Wet Shrubland Alliance,Chrysothamnus viscidiflorus - Ericameria nauseosa - Krascheninnikovia lanata Steppe Group
S02.a,S21,Montane forb-grass meadow,Brome disturbed meadow,47,14,0.20552078363319184,0.601642445378404,FALSE,FALSE,128.4723697418862,165.87781742640905,Artemisia tridentata ssp. vaseyana / Festuca thurberi Shrubland,Bromus inermis - (Pascopyrum smithii) Ruderal Grassland
S22,S25,Senescent sagebrush park,Low mixed shrub-steppe,17,21,0.19203010693366754,0.6056378710236586,FALSE,FALSE,126.1892157161937,97.45130193801154,Artemisia tridentata ssp. wyomingensis - Artemisia tridentata ssp. tridentata Desert Shrubland Group,Purshia tridentata - Ribes cereum Shrubland Alliance
S08.a,S10.a,Deschampsia forb meadow,Snowberry mesic meadow,30,30,0.1761748420405245,0.608888031609735,FALSE,FALSE,161.00261332194012,133.76779301961264,Salix wolfii / Deschampsia cespitosa Wet Shrubland,Danthonia intermedia - Solidago multiradiata Grassland
S20,S25,Rocky buckwheat barren,Low mixed shrub-steppe,13,21,0.1797235378655842,0.6091034839699156,FALSE,FALSE,133.669188279372,97.45130193801154,Poa nervosa - Achnatherum lettermanii Grassland,Purshia tridentata - Ribes cereum Shrubland Alliance
S05.a,S12,Silver-sage sedge park,Rocky sparse forb slope,24,25,0.18219561895522507,0.6137555470499501,FALSE,FALSE,126.13806215922038,161.35852783203126,Artemisia cana Montane Wet Shrubland Alliance,Geum rossii - Sibbaldia procumbens Alpine Snowbed
S02.a,S07,Montane forb-grass meadow,Alpine snowbed forb turf,47,24,0.24659035507704297,0.6138341254743558,FALSE,FALSE,128.4723697418862,169.97183799743652,Artemisia tridentata ssp. vaseyana / Festuca thurberi Shrubland,Cardamine cordifolia - Mertensia ciliata - Senecio triangularis Wet Meadow
S08.a,S09.a,Deschampsia forb meadow,Lathyrus mesic meadow,30,19,0.26737852073371543,0.6145102205792511,FALSE,FALSE,161.00261332194012,148.69068266216078,Salix wolfii / Deschampsia cespitosa Wet Shrubland,Carex microptera Wet Meadow
S05.a,S11,Silver-sage sedge park,Wyethia swale meadow,24,30,0.20743144347279138,0.615042809831631,FALSE,FALSE,126.13806215922038,126.35915756225586,Artemisia cana Montane Wet Shrubland Alliance,NA
S19,S20,Dry montane grass park,Rocky buckwheat barren,25,13,0.2162089784190374,0.6158440451047151,FALSE,FALSE,122.09057525634766,133.669188279372,Sporobolus cryptandrus - Artemisia campestris Wet Meadow Alliance,Poa nervosa - Achnatherum lettermanii Grassland
S02.a,S14,Montane forb-grass meadow,Alpine wet graminoid turf,47,14,0.15734008098290725,0.6169088026820158,FALSE,FALSE,128.4723697418862,169.51754324776786,Artemisia tridentata ssp. vaseyana / Festuca thurberi Shrubland,Calamagrostis stricta Wet Meadow
S01.a,S14,Montane mixed shrub-meadow,Alpine wet graminoid turf,53,14,0.15236995717253798,0.6170706785393426,FALSE,FALSE,122.99547317792783,169.51754324776786,Chrysothamnus viscidiflorus Shrub Grassland,Calamagrostis stricta Wet Meadow
Osmorhiza occidentalis,S02.a,Sweet-cicely stand,Montane forb-grass meadow,8,47,0.22958510623443537,0.6255947300982253,FALSE,FALSE,140.2346534729004,128.4723697418862,NA,Artemisia tridentata ssp. vaseyana / Festuca thurberi Shrubland
S08.a,S12,Deschampsia forb meadow,Rocky sparse forb slope,30,25,0.18487939669006126,0.6299521153292711,FALSE,FALSE,161.00261332194012,161.35852783203126,Salix wolfii / Deschampsia cespitosa Wet Shrubland,Geum rossii - Sibbaldia procumbens Alpine Snowbed
S01.a,S21,Montane mixed shrub-meadow,Brome disturbed meadow,53,14,0.2107356034753432,0.6319320736072027,FALSE,FALSE,122.99547317792783,165.87781742640905,Chrysothamnus viscidiflorus Shrub Grassland,Bromus inermis - (Pascopyrum smithii) Ruderal Grassland
S01.a,S23,Montane mixed shrub-meadow,Subalpine forb turf,53,18,0.19551546066298886,0.6326329375633137,FALSE,FALSE,122.99547317792783,144.4867926703559,Chrysothamnus viscidiflorus Shrub Grassland,Salix wolfii / Mesic Forbs Wet Shrubland
S12,S19,Rocky sparse forb slope,Dry montane grass park,25,25,0.20361266034673958,0.6352400293659771,FALSE,FALSE,161.35852783203126,122.09057525634766,Geum rossii - Sibbaldia procumbens Alpine Snowbed,Sporobolus cryptandrus - Artemisia campestris Wet Meadow Alliance
S09.a,S11,Lathyrus mesic meadow,Wyethia swale meadow,19,30,0.2897047597410189,0.6361342857814561,FALSE,FALSE,148.69068266216078,126.35915756225586,Carex microptera Wet Meadow,NA
S08.a,S19,Deschampsia forb meadow,Dry montane grass park,30,25,0.21826747168424507,0.6407715694177213,FALSE,FALSE,161.00261332194012,122.09057525634766,Salix wolfii / Deschampsia cespitosa Wet Shrubland,Sporobolus cryptandrus - Artemisia campestris Wet Meadow Alliance
S05.a,S10.a,Silver-sage sedge park,Snowberry mesic meadow,24,30,0.189508103241391,0.6474245672514612,FALSE,FALSE,126.13806215922038,133.76779301961264,Artemisia cana Montane Wet Shrubland Alliance,Danthonia intermedia - Solidago multiradiata Grassland
S10.a,S21,Snowberry mesic meadow,Brome disturbed meadow,30,14,0.1775170327178281,0.6532148175838086,FALSE,FALSE,133.76779301961264,165.87781742640905,Danthonia intermedia - Solidago multiradiata Grassland,Bromus inermis - (Pascopyrum smithii) Ruderal Grassland
S02.a,S09.a,Montane forb-grass meadow,Lathyrus mesic meadow,47,19,0.3148172052166,0.6549110202409266,FALSE,FALSE,128.4723697418862,148.69068266216078,Artemisia tridentata ssp. vaseyana / Festuca thurberi Shrubland,Carex microptera Wet Meadow
S11,S18,Wyethia swale meadow,Low sagebrush-rabbitbrush steppe,30,30,0.2015429150684482,0.6577348625938763,FALSE,FALSE,126.35915756225586,101.7091542561849,NA,Chrysothamnus viscidiflorus - Ericameria nauseosa - Krascheninnikovia lanata Steppe Group
S12,S13.b,Rocky sparse forb slope,Lupine-bilberry slope,25,8,0.24572775203584216,0.6653430813539165,FALSE,FALSE,161.35852783203126,159.33859634399414,Geum rossii - Sibbaldia procumbens Alpine Snowbed,Salix wolfii / Calamagrostis canadensis Wet Shrubland
S06.b,S20,Subalpine mixed meadow,Rocky buckwheat barren,82,13,0.24986481898669305,0.6667291425860378,FALSE,FALSE,143.2728446402201,133.669188279372,"Festuca thurberi - (Lathyrus lanszwertii, Potentilla spp.) Grassland",Poa nervosa - Achnatherum lettermanii Grassland
S02.a,S23,Montane forb-grass meadow,Subalpine forb turf,47,18,0.2120282199085218,0.6684966811556088,FALSE,FALSE,128.4723697418862,144.4867926703559,Artemisia tridentata ssp. vaseyana / Festuca thurberi Shrubland,Salix wolfii / Mesic Forbs Wet Shrubland
S11,S21,Wyethia swale meadow,Brome disturbed meadow,30,14,0.2115976755584953,0.6689529264742109,FALSE,FALSE,126.35915756225586,165.87781742640905,NA,Bromus inermis - (Pascopyrum smithii) Ruderal Grassland
S12,S18,Rocky sparse forb slope,Low sagebrush-rabbitbrush steppe,25,30,0.17819239989636662,0.6698710745738548,FALSE,FALSE,161.35852783203126,101.7091542561849,Geum rossii - Sibbaldia procumbens Alpine Snowbed,Chrysothamnus viscidiflorus - Ericameria nauseosa - Krascheninnikovia lanata Steppe Group
S04.b,S21,Sagebrush-kinnikinnick matrix,Brome disturbed meadow,43,14,0.22531063477539168,0.671129080179118,FALSE,FALSE,115.22257747206577,165.87781742640905,Dryas integrifolia - Dryas octopetala - Arctostaphylos uva-ursi Rocky Mountain Fell-field Dwarf-shrubland Alliance,Bromus inermis - (Pascopyrum smithii) Ruderal Grassland
Osmorhiza occidentalis,S12,Sweet-cicely stand,Rocky sparse forb slope,8,25,0.2022723970390493,0.6713556764517729,FALSE,FALSE,140.2346534729004,161.35852783203126,NA,Geum rossii - Sibbaldia procumbens Alpine Snowbed
S19,S21,Dry montane grass park,Brome disturbed meadow,25,14,0.2203327681060304,0.6820336068381699,FALSE,FALSE,122.09057525634766,165.87781742640905,Sporobolus cryptandrus - Artemisia campestris Wet Meadow Alliance,Bromus inermis - (Pascopyrum smithii) Ruderal Grassland
S11,S13.b,Wyethia swale meadow,Lupine-bilberry slope,30,8,0.2798826247664994,0.6830827558680643,FALSE,FALSE,126.35915756225586,159.33859634399414,NA,Salix wolfii / Calamagrostis canadensis Wet Shrubland
S06.b,S21,Subalpine mixed meadow,Brome disturbed meadow,82,14,0.23709876827502482,0.683799471685506,FALSE,FALSE,143.2728446402201,165.87781742640905,"Festuca thurberi - (Lathyrus lanszwertii, Potentilla spp.) Grassland",Bromus inermis - (Pascopyrum smithii) Ruderal Grassland
S11,S14,Wyethia swale meadow,Alpine wet graminoid turf,30,14,0.15802562466491638,0.6877911665772963,FALSE,FALSE,126.35915756225586,169.51754324776786,NA,Calamagrostis stricta Wet Meadow
S12,S14,Rocky sparse forb slope,Alpine wet graminoid turf,25,14,0.1304122737279572,0.6887422392982991,FALSE,FALSE,161.35852783203126,169.51754324776786,Geum rossii - Sibbaldia procumbens Alpine Snowbed,Calamagrostis stricta Wet Meadow
S19,S23,Dry montane grass park,Subalpine forb turf,25,18,0.2089296033632088,0.699639155105293,FALSE,FALSE,122.09057525634766,144.4867926703559,Sporobolus cryptandrus - Artemisia campestris Wet Meadow Alliance,Salix wolfii / Mesic Forbs Wet Shrubland
S10.a,S20,Snowberry mesic meadow,Rocky buckwheat barren,30,13,0.20984093882072957,0.6999740796858535,FALSE,FALSE,133.76779301961264,133.669188279372,Danthonia intermedia - Solidago multiradiata Grassland,Poa nervosa - Achnatherum lettermanii Grassland
S18,S22,Low sagebrush-rabbitbrush steppe,Senescent sagebrush park,30,17,0.22314485531477554,0.7004639725071852,FALSE,FALSE,101.7091542561849,126.1892157161937,Chrysothamnus viscidiflorus - Ericameria nauseosa - Krascheninnikovia lanata Steppe Group,Artemisia tridentata ssp. wyomingensis - Artemisia tridentata ssp. tridentata Desert Shrubland Group
S01.a,S22,Montane mixed shrub-meadow,Senescent sagebrush park,53,17,0.2687029348619511,0.7006385053215406,FALSE,FALSE,122.99547317792783,126.1892157161937,Chrysothamnus viscidiflorus Shrub Grassland,Artemisia tridentata ssp. wyomingensis - Artemisia tridentata ssp. tridentata Desert Shrubland Group
S11,S23,Wyethia swale meadow,Subalpine forb turf,30,18,0.20609834521677234,0.7060969920018556,FALSE,FALSE,126.35915756225586,144.4867926703559,NA,Salix wolfii / Mesic Forbs Wet Shrubland
S07,S12,Alpine snowbed forb turf,Rocky sparse forb slope,24,25,0.23741154016530178,0.7065315033685359,FALSE,FALSE,169.97183799743652,161.35852783203126,Cardamine cordifolia - Mertensia ciliata - Senecio triangularis Wet Meadow,Geum rossii - Sibbaldia procumbens Alpine Snowbed
Osmorhiza occidentalis,S19,Sweet-cicely stand,Dry montane grass park,8,25,0.2462788571456704,0.7068040607738025,FALSE,FALSE,140.2346534729004,122.09057525634766,NA,Sporobolus cryptandrus - Artemisia campestris Wet Meadow Alliance
S05.a,S21,Silver-sage sedge park,Brome disturbed meadow,24,14,0.21210439027725803,0.7084843157826135,FALSE,FALSE,126.13806215922038,165.87781742640905,Artemisia cana Montane Wet Shrubland Alliance,Bromus inermis - (Pascopyrum smithii) Ruderal Grassland
S09.a,S10.a,Lathyrus mesic meadow,Snowberry mesic meadow,19,30,0.2921967775617084,0.711180276904873,FALSE,FALSE,148.69068266216078,133.76779301961264,Carex microptera Wet Meadow,Danthonia intermedia - Solidago multiradiata Grassland
S05.a,S08.a,Silver-sage sedge park,Deschampsia forb meadow,24,30,0.22749833598134828,0.7177570719783842,FALSE,FALSE,126.13806215922038,161.00261332194012,Artemisia cana Montane Wet Shrubland Alliance,Salix wolfii / Deschampsia cespitosa Wet Shrubland
S06.b,S25,Subalpine mixed meadow,Low mixed shrub-steppe,82,21,0.24092488031011203,0.7184306348946747,FALSE,FALSE,143.2728446402201,97.45130193801154,"Festuca thurberi - (Lathyrus lanszwertii, Potentilla spp.) Grassland",Purshia tridentata - Ribes cereum Shrubland Alliance
S20,S22,Rocky buckwheat barren,Senescent sagebrush park,13,17,0.2573232873669935,0.7218366364440624,FALSE,FALSE,133.669188279372,126.1892157161937,Poa nervosa - Achnatherum lettermanii Grassland,Artemisia tridentata ssp. wyomingensis - Artemisia tridentata ssp. tridentata Desert Shrubland Group
S05.a,S25,Silver-sage sedge park,Low mixed shrub-steppe,24,21,0.20795415100561493,0.7220900009937335,FALSE,FALSE,126.13806215922038,97.45130193801154,Artemisia cana Montane Wet Shrubland Alliance,Purshia tridentata - Ribes cereum Shrubland Alliance
S04.b,S23,Sagebrush-kinnikinnick matrix,Subalpine forb turf,43,18,0.2250002744962075,0.7227974149071572,FALSE,FALSE,115.22257747206577,144.4867926703559,Dryas integrifolia - Dryas octopetala - Arctostaphylos uva-ursi Rocky Mountain Fell-field Dwarf-shrubland Alliance,Salix wolfii / Mesic Forbs Wet Shrubland
S10.a,S14,Snowberry mesic meadow,Alpine wet graminoid turf,30,14,0.13453718030920772,0.7264213501265627,FALSE,FALSE,133.76779301961264,169.51754324776786,Danthonia intermedia - Solidago multiradiata Grassland,Calamagrostis stricta Wet Meadow
S14,S19,Alpine wet graminoid turf,Dry montane grass park,14,25,0.17214175915027624,0.7278750651140586,FALSE,FALSE,169.51754324776786,122.09057525634766,Calamagrostis stricta Wet Meadow,Sporobolus cryptandrus - Artemisia campestris Wet Meadow Alliance
S04.b,S14,Sagebrush-kinnikinnick matrix,Alpine wet graminoid turf,43,14,0.1823061846715449,0.7316680148864885,FALSE,FALSE,115.22257747206577,169.51754324776786,Dryas integrifolia - Dryas octopetala - Arctostaphylos uva-ursi Rocky Mountain Fell-field Dwarf-shrubland Alliance,Calamagrostis stricta Wet Meadow
S08.a,S18,Deschampsia forb meadow,Low sagebrush-rabbitbrush steppe,30,30,0.20956897233844937,0.732467809285493,FALSE,FALSE,161.00261332194012,101.7091542561849,Salix wolfii / Deschampsia cespitosa Wet Shrubland,Chrysothamnus viscidiflorus - Ericameria nauseosa - Krascheninnikovia lanata Steppe Group
S06.b,S23,Subalpine mixed meadow,Subalpine forb turf,82,18,0.23611094024091855,0.7325598403589528,FALSE,FALSE,143.2728446402201,144.4867926703559,"Festuca thurberi - (Lathyrus lanszwertii, Potentilla spp.) Grassland",Salix wolfii / Mesic Forbs Wet Shrubland
S08.a,S21,Deschampsia forb meadow,Brome disturbed meadow,30,14,0.21688977319961025,0.7327218004651656,FALSE,FALSE,161.00261332194012,165.87781742640905,Salix wolfii / Deschampsia cespitosa Wet Shrubland,Bromus inermis - (Pascopyrum smithii) Ruderal Grassland
Osmorhiza occidentalis,S05.a,Sweet-cicely stand,Silver-sage sedge park,8,24,0.24161353128827118,0.7439639771424676,FALSE,FALSE,140.2346534729004,126.13806215922038,NA,Artemisia cana Montane Wet Shrubland Alliance
S04.b,S25,Sagebrush-kinnikinnick matrix,Low mixed shrub-steppe,43,21,0.24147605486372797,0.7445373605835653,FALSE,FALSE,115.22257747206577,97.45130193801154,Dryas integrifolia - Dryas octopetala - Arctostaphylos uva-ursi Rocky Mountain Fell-field Dwarf-shrubland Alliance,Purshia tridentata - Ribes cereum Shrubland Alliance
S19,S22,Dry montane grass park,Senescent sagebrush park,25,17,0.2777886396645307,0.7445701528111117,FALSE,FALSE,122.09057525634766,126.1892157161937,Sporobolus cryptandrus - Artemisia campestris Wet Meadow Alliance,Artemisia tridentata ssp. wyomingensis - Artemisia tridentata ssp. tridentata Desert Shrubland Group
S04.b,S07,Sagebrush-kinnikinnick matrix,Alpine snowbed forb turf,43,24,0.2948751532047082,0.7449338557178025,FALSE,FALSE,115.22257747206577,169.97183799743652,Dryas integrifolia - Dryas octopetala - Arctostaphylos uva-ursi Rocky Mountain Fell-field Dwarf-shrubland Alliance,Cardamine cordifolia - Mertensia ciliata - Senecio triangularis Wet Meadow
S18,S21,Low sagebrush-rabbitbrush steppe,Brome disturbed meadow,30,14,0.2001537821306895,0.7453574580471947,FALSE,FALSE,101.7091542561849,165.87781742640905,Chrysothamnus viscidiflorus - Ericameria nauseosa - Krascheninnikovia lanata Steppe Group,Bromus inermis - (Pascopyrum smithii) Ruderal Grassland
S11,S20,Wyethia swale meadow,Rocky buckwheat barren,30,13,0.25698891889009945,0.7463305653144904,FALSE,FALSE,126.35915756225586,133.669188279372,NA,Poa nervosa - Achnatherum lettermanii Grassland
