final_label,our_community,our_moisture,our_elevation,snow_free_doy,our_dominant_taxa,our_indicator_taxa,our_physiognomy,rank,community,ecosystem_id,level,grank,url,matched_species,recall,precision,score,community_moist_cue,community_elev_cue
Caltha leptosepala,"Upper subalpine meadow, Caltha leptosepala-dominated",wet,subalpine,158,Caltha leptosepala (88.3%); Rhodiola integrifolia (1.7%),"Caltha leptosepala (cov=88.3%, freq=100%, IV=59.2); Rhodiola integrifolia (cov=1.7%, freq=17%, IV=12.3)",Other_Graminoid (4.2%); Other_Forb (3.3%); Bare (1.7%),1,Caltha leptosepala Wet Meadow,688252,Association,G4,/Taxon/ELEMENT_GLOBAL.2.688252/Caltha_leptosepala_Wet_Meadow,Caltha leptosepala,0.83,1,1.06,wet,alpine
Caltha leptosepala,"Upper subalpine meadow, Caltha leptosepala-dominated",wet,subalpine,158,Caltha leptosepala (88.3%); Rhodiola integrifolia (1.7%),"Caltha leptosepala (cov=88.3%, freq=100%, IV=59.2); Rhodiola integrifolia (cov=1.7%, freq=17%, IV=12.3)",Other_Graminoid (4.2%); Other_Forb (3.3%); Bare (1.7%),2,Picea engelmannii / Caltha leptosepala Swamp,683818,Association,G3,/Taxon/ELEMENT_GLOBAL.2.683818/Picea_engelmannii_-_Caltha_leptosepala_Swamp,Caltha leptosepala,0.83,0.5,0.77,wet,NA
Caltha leptosepala,"Upper subalpine meadow, Caltha leptosepala-dominated",wet,subalpine,158,Caltha leptosepala (88.3%); Rhodiola integrifolia (1.7%),"Caltha leptosepala (cov=88.3%, freq=100%, IV=59.2); Rhodiola integrifolia (cov=1.7%, freq=17%, IV=12.3)",Other_Graminoid (4.2%); Other_Forb (3.3%); Bare (1.7%),3,Carex scopulorum - Caltha leptosepala Wet Meadow,684872,Association,G4,/Taxon/ELEMENT_GLOBAL.2.684872/Carex_scopulorum_-_Caltha_leptosepala_Wet_Meadow,Caltha leptosepala,0.83,0.5,0.77,wet,alpine
Corydalis caseana,"Upper subalpine meadow, Corydalis caseana-dominated",wet,subalpine,157,Corydalis caseana (96.0%); Veratrum tenuipetalum (3.0%),"Corydalis caseana (cov=96.0%, freq=100%, IV=171.1); Veratrum tenuipetalum (cov=3.0%, freq=20%, IV=0.2)",Other_Forb (1.0%); Bare (0.0%); NPV (0.0%),1,Heracleum maximum - Veratrum viride Wet Meadow Alliance,1225209,Alliance,GNR,/Taxon/ELEMENT_GLOBAL.2.1225209/Heracleum_maximum_-_Veratrum_viride_Wet_Meadow_Alliance,Veratrum tenuipetalum,0,0.5,0.15,wet,NA
Ligusticum porteri,"Subalpine meadow, Ligusticum porteri-dominated",wet,subalpine,145,Ligusticum porteri (84.7%); Helianthella quinquenervis (3.7%); Sambucus racemosa (1.7%); Rumex densiflorus (0.7%),"Ligusticum porteri (cov=84.7%, freq=100%, IV=22.3); Sambucus racemosa (cov=1.7%, freq=7%, IV=0.8); Helianthella quinquenervis (cov=3.7%, freq=27%, IV=0.7); Rumex densiflorus (cov=0.7%, freq=7%, IV=0.2)",Other_Forb (4.7%); NPV (2.0%); Other_Graminoid (1.3%),1,Ligusticum porteri - Vicia americana Meadow,687003,Association,G3,/Taxon/ELEMENT_GLOBAL.2.687003/Ligusticum_porteri_-_Vicia_americana_Meadow,Ligusticum porteri,0.93,0.5,0.65,mesic,NA
Ligusticum porteri,"Subalpine meadow, Ligusticum porteri-dominated",wet,subalpine,145,Ligusticum porteri (84.7%); Helianthella quinquenervis (3.7%); Sambucus racemosa (1.7%); Rumex densiflorus (0.7%),"Ligusticum porteri (cov=84.7%, freq=100%, IV=22.3); Sambucus racemosa (cov=1.7%, freq=7%, IV=0.8); Helianthella quinquenervis (cov=3.7%, freq=27%, IV=0.7); Rumex densiflorus (cov=0.7%, freq=7%, IV=0.2)",Other_Forb (4.7%); NPV (2.0%); Other_Graminoid (1.3%),2,Ligusticum porteri - Lupinus parviflorus ssp. myrianthus Meadow,689003,Association,GU,/Taxon/ELEMENT_GLOBAL.2.689003/Ligusticum_porteri_-_Lupinus_parviflorus_ssp_myrianthus_Meadow,Ligusticum porteri,0.93,0.5,0.65,mesic,NA
S01,"Mid-elevation montane meadow, Amelanchier alnifolia-dominated",dry,montane,122,Symphoricarpos rotundifolius (5.9%); Wyethia amplexicaulis (5.3%); Artemisia tridentata (5.3%); Eriogonum umbellatum (4.8%); Amelanchier alnifolia (3.6%),"Amelanchier alnifolia (cov=3.6%, freq=11%, IV=1.0); Eriogonum umbellatum (cov=4.8%, freq=18%, IV=0.6); Symphoricarpos rotundifolius (cov=5.9%, freq=14%, IV=0.5); Chrysothamnus viscidiflorus (cov=2.2%, freq=12%, IV=0.3); Erigeron flagellaris (cov=0.3%, freq=3%, IV=0.3)",NPV (11.6%); Bare (9.8%); Other_Forb (9.0%),1,Amelanchier alnifolia - Symphoricarpos spp. - Rhus glabra Central Rocky Mountain Shrubland Group,836901,Group,G4,/Taxon/ELEMENT_GLOBAL.2.836901/Amelanchier_alnifolia_-_Symphoricarpos_spp_-_Rhus_glabra_Central_Rocky_Mountain_Shrubland_Group,Amelanchier alnifolia,0.37,0.33,0.5,dry,alpine
S01,"Mid-elevation montane meadow, Amelanchier alnifolia-dominated",dry,montane,122,Symphoricarpos rotundifolius (5.9%); Wyethia amplexicaulis (5.3%); Artemisia tridentata (5.3%); Eriogonum umbellatum (4.8%); Amelanchier alnifolia (3.6%),"Amelanchier alnifolia (cov=3.6%, freq=11%, IV=1.0); Eriogonum umbellatum (cov=4.8%, freq=18%, IV=0.6); Symphoricarpos rotundifolius (cov=5.9%, freq=14%, IV=0.5); Chrysothamnus viscidiflorus (cov=2.2%, freq=12%, IV=0.3); Erigeron flagellaris (cov=0.3%, freq=3%, IV=0.3)",NPV (11.6%); Bare (9.8%); Other_Forb (9.0%),2,Central Rocky Mountain Amelanchier alnifolia - Menziesia ferruginea - Physocarpus malvaceus Shrubland Macrogroup,1285582,Macrogroup,GNR,/Taxon/ELEMENT_GLOBAL.2.1285582/Central_Rocky_Mountain_Amelanchier_alnifolia_-_Menziesia_ferruginea_-_Physocarpus_malvaceus_Shrubland_Macrogroup,Amelanchier alnifolia,0.37,0.33,0.5,dry,alpine
S01,"Mid-elevation montane meadow, Amelanchier alnifolia-dominated",dry,montane,122,Symphoricarpos rotundifolius (5.9%); Wyethia amplexicaulis (5.3%); Artemisia tridentata (5.3%); Eriogonum umbellatum (4.8%); Amelanchier alnifolia (3.6%),"Amelanchier alnifolia (cov=3.6%, freq=11%, IV=1.0); Eriogonum umbellatum (cov=4.8%, freq=18%, IV=0.6); Symphoricarpos rotundifolius (cov=5.9%, freq=14%, IV=0.5); Chrysothamnus viscidiflorus (cov=2.2%, freq=12%, IV=0.3); Erigeron flagellaris (cov=0.3%, freq=3%, IV=0.3)",NPV (11.6%); Bare (9.8%); Other_Forb (9.0%),3,Chrysothamnus viscidiflorus Shrub Grassland,769588,Association,GNR,/Taxon/ELEMENT_GLOBAL.2.769588/Chrysothamnus_viscidiflorus_Shrub_Grassland,Chrysothamnus viscidiflorus,0.11,1,0.5,dry,montane
S02,"Mid-elevation montane meadow, Festuca saximontana-dominated",mesic,montane,127,Wyethia amplexicaulis (6.1%); Lupinus argenteus (5.3%); Festuca thurberi (4.3%); Lathyrus lanszwertii (4.3%); Artemisia tridentata (3.6%),"Festuca saximontana (cov=1.3%, freq=8%, IV=1.1); Lupinus argenteus (cov=5.3%, freq=17%, IV=0.6); Wyethia amplexicaulis (cov=6.1%, freq=16%, IV=0.5); Festuca thurberi (cov=4.3%, freq=22%, IV=0.5); Lathyrus lanszwertii (cov=4.3%, freq=16%, IV=0.4)",Bare (15.9%); NPV (15.1%); Other_Forb (10.3%),1,"Festuca thurberi - (Lathyrus lanszwertii, Potentilla spp.) Grassland",683986,Association,G4,/Taxon/ELEMENT_GLOBAL.2.683986/Festuca_thurberi_-_(Lathyrus_lanszwertii_Potentilla_spp)_Grassland,Festuca thurberi; Lathyrus lanszwertii,0.29,0.67,0.55,dry,montane
S02,"Mid-elevation montane meadow, Festuca saximontana-dominated",mesic,montane,127,Wyethia amplexicaulis (6.1%); Lupinus argenteus (5.3%); Festuca thurberi (4.3%); Lathyrus lanszwertii (4.3%); Artemisia tridentata (3.6%),"Festuca saximontana (cov=1.3%, freq=8%, IV=1.1); Lupinus argenteus (cov=5.3%, freq=17%, IV=0.6); Wyethia amplexicaulis (cov=6.1%, freq=16%, IV=0.5); Festuca thurberi (cov=4.3%, freq=22%, IV=0.5); Lathyrus lanszwertii (cov=4.3%, freq=16%, IV=0.4)",Bare (15.9%); NPV (15.1%); Other_Forb (10.3%),2,Artemisia tridentata ssp. vaseyana / Festuca thurberi Shrubland,685656,Association,G3,/Taxon/ELEMENT_GLOBAL.2.685656/Artemisia_tridentata_ssp_vaseyana_-_Festuca_thurberi_Shrubland,Festuca thurberi,0.16,0.5,0.39,wet,montane
S02,"Mid-elevation montane meadow, Festuca saximontana-dominated",mesic,montane,127,Wyethia amplexicaulis (6.1%); Lupinus argenteus (5.3%); Festuca thurberi (4.3%); Lathyrus lanszwertii (4.3%); Artemisia tridentata (3.6%),"Festuca saximontana (cov=1.3%, freq=8%, IV=1.1); Lupinus argenteus (cov=5.3%, freq=17%, IV=0.6); Wyethia amplexicaulis (cov=6.1%, freq=16%, IV=0.5); Festuca thurberi (cov=4.3%, freq=22%, IV=0.5); Lathyrus lanszwertii (cov=4.3%, freq=16%, IV=0.4)",Bare (15.9%); NPV (15.1%); Other_Forb (10.3%),3,Elymus lanceolatus - Lupinus argenteus Grassland,947959,Association,GNR,/Taxon/ELEMENT_GLOBAL.2.947959/Elymus_lanceolatus_-_Lupinus_argenteus_Grassland,Lupinus argenteus,0.19,0.5,0.28,dry,NA
S03,"Upper subalpine meadow, Veratrum tenuipetalum-dominated",wet,subalpine,151,Veratrum tenuipetalum (31.4%); Mertensia ciliata (15.7%); Ligusticum porteri (10.7%); Delphinium barbeyi (9.1%); Heracleum maximum (5.5%),"Veratrum tenuipetalum (cov=31.4%, freq=77%, IV=7.5); Mertensia ciliata (cov=15.7%, freq=32%, IV=5.9); Heracleum maximum (cov=5.5%, freq=23%, IV=4.2); Delphinium barbeyi (cov=9.1%, freq=32%, IV=1.7); Ligusticum porteri (cov=10.7%, freq=50%, IV=1.4)",Other_Forb (5.5%); NPV (1.8%); Other_Graminoid (1.1%),1,Heracleum maximum - Veratrum viride Wet Meadow Alliance,1225209,Alliance,GNR,/Taxon/ELEMENT_GLOBAL.2.1225209/Heracleum_maximum_-_Veratrum_viride_Wet_Meadow_Alliance,Veratrum tenuipetalum; Heracleum maximum,0.57,1,0.87,wet,NA
S03,"Upper subalpine meadow, Veratrum tenuipetalum-dominated",wet,subalpine,151,Veratrum tenuipetalum (31.4%); Mertensia ciliata (15.7%); Ligusticum porteri (10.7%); Delphinium barbeyi (9.1%); Heracleum maximum (5.5%),"Veratrum tenuipetalum (cov=31.4%, freq=77%, IV=7.5); Mertensia ciliata (cov=15.7%, freq=32%, IV=5.9); Heracleum maximum (cov=5.5%, freq=23%, IV=4.2); Delphinium barbeyi (cov=9.1%, freq=32%, IV=1.7); Ligusticum porteri (cov=10.7%, freq=50%, IV=1.4)",Other_Forb (5.5%); NPV (1.8%); Other_Graminoid (1.1%),2,Deschampsia cespitosa - Mertensia ciliata Wet Meadow,689243,Association,GU,/Taxon/ELEMENT_GLOBAL.2.689243/Deschampsia_cespitosa_-_Mertensia_ciliata_Wet_Meadow,Mertensia ciliata,0.29,0.5,0.51,wet,NA
S03,"Upper subalpine meadow, Veratrum tenuipetalum-dominated",wet,subalpine,151,Veratrum tenuipetalum (31.4%); Mertensia ciliata (15.7%); Ligusticum porteri (10.7%); Delphinium barbeyi (9.1%); Heracleum maximum (5.5%),"Veratrum tenuipetalum (cov=31.4%, freq=77%, IV=7.5); Mertensia ciliata (cov=15.7%, freq=32%, IV=5.9); Heracleum maximum (cov=5.5%, freq=23%, IV=4.2); Delphinium barbeyi (cov=9.1%, freq=32%, IV=1.7); Ligusticum porteri (cov=10.7%, freq=50%, IV=1.4)",Other_Forb (5.5%); NPV (1.8%); Other_Graminoid (1.1%),3,Calamagrostis canadensis - Carex scopulorum - Mertensia ciliata Wet Meadow,687485,Association,GU,/Taxon/ELEMENT_GLOBAL.2.687485/Calamagrostis_canadensis_-_Carex_scopulorum_-_Mertensia_ciliata_Wet_Meadow,Mertensia ciliata,0.29,0.33,0.46,wet,NA
S04,"Mid-elevation montane meadow, Festuca thurberi-dominated",dry,montane,118,Artemisia tridentata (9.2%); Festuca thurberi (7.3%); Erigeron speciosus (4.1%); Arctostaphylos uva-ursi (3.9%); Eriogonum umbellatum (3.4%),"Festuca thurberi (cov=7.3%, freq=30%, IV=1.1); Arctostaphylos uva-ursi (cov=3.9%, freq=8%, IV=0.7); Artemisia tridentata (cov=9.2%, freq=23%, IV=0.6); Erigeron speciosus (cov=4.1%, freq=25%, IV=0.5); Balsamorhiza sagittata (cov=1.8%, freq=5%, IV=0.4)",NPV (15.9%); Bare (11.8%); Other_Forb (10.7%),1,Artemisia tridentata ssp. vaseyana / Festuca thurberi Shrubland,685656,Association,G3,/Taxon/ELEMENT_GLOBAL.2.685656/Artemisia_tridentata_ssp_vaseyana_-_Festuca_thurberi_Shrubland,Festuca thurberi; Artemisia tridentata,0.52,1,0.83,wet,montane
S04,"Mid-elevation montane meadow, Festuca thurberi-dominated",dry,montane,118,Artemisia tridentata (9.2%); Festuca thurberi (7.3%); Erigeron speciosus (4.1%); Arctostaphylos uva-ursi (3.9%); Eriogonum umbellatum (3.4%),"Festuca thurberi (cov=7.3%, freq=30%, IV=1.1); Arctostaphylos uva-ursi (cov=3.9%, freq=8%, IV=0.7); Artemisia tridentata (cov=9.2%, freq=23%, IV=0.6); Erigeron speciosus (cov=4.1%, freq=25%, IV=0.5); Balsamorhiza sagittata (cov=1.8%, freq=5%, IV=0.4)",NPV (15.9%); Bare (11.8%); Other_Forb (10.7%),2,Festuca thurberi Subalpine Grassland,688145,Association,G3,/Taxon/ELEMENT_GLOBAL.2.688145/Festuca_thurberi_Subalpine_Grassland,Festuca thurberi,0.33,1,0.65,dry,alpine
S04,"Mid-elevation montane meadow, Festuca thurberi-dominated",dry,montane,118,Artemisia tridentata (9.2%); Festuca thurberi (7.3%); Erigeron speciosus (4.1%); Arctostaphylos uva-ursi (3.9%); Eriogonum umbellatum (3.4%),"Festuca thurberi (cov=7.3%, freq=30%, IV=1.1); Arctostaphylos uva-ursi (cov=3.9%, freq=8%, IV=0.7); Artemisia tridentata (cov=9.2%, freq=23%, IV=0.6); Erigeron speciosus (cov=4.1%, freq=25%, IV=0.5); Balsamorhiza sagittata (cov=1.8%, freq=5%, IV=0.4)",NPV (15.9%); Bare (11.8%); Other_Forb (10.7%),3,"Festuca thurberi - (Lathyrus lanszwertii, Potentilla spp.) Grassland",683986,Association,G4,/Taxon/ELEMENT_GLOBAL.2.683986/Festuca_thurberi_-_(Lathyrus_lanszwertii_Potentilla_spp)_Grassland,Festuca thurberi,0.33,0.33,0.63,dry,montane
S05.a,"Mid-elevation montane dry meadow, Carex sp.-dominated",dry,montane,126,Carex sp. (9.2%); Eriogonum umbellatum (9.2%); Artemisia cana (6.2%); Valeriana occidentalis (3.8%); Erigeron speciosus (3.3%),"Carex sp. (cov=9.2%, freq=21%, IV=5.3); Artemisia cana (cov=6.2%, freq=17%, IV=4.6); Eriogonum umbellatum (cov=9.2%, freq=25%, IV=1.6); Penstemon rydbergii (cov=0.8%, freq=4%, IV=1.5); Solidago simplex (cov=0.6%, freq=4%, IV=0.9)",NPV (29.6%); Other_Forb (7.7%); Bare (4.8%),1,Artemisia cana Montane Wet Shrubland Alliance,1283076,Alliance,GNR,/Taxon/ELEMENT_GLOBAL.2.1283076/Artemisia_cana_Montane_Wet_Shrubland_Alliance,Artemisia cana,0.33,1,0.65,mesic,montane
S05.a,"Mid-elevation montane dry meadow, Carex sp.-dominated",dry,montane,126,Carex sp. (9.2%); Eriogonum umbellatum (9.2%); Artemisia cana (6.2%); Valeriana occidentalis (3.8%); Erigeron speciosus (3.3%),"Carex sp. (cov=9.2%, freq=21%, IV=5.3); Artemisia cana (cov=6.2%, freq=17%, IV=4.6); Eriogonum umbellatum (cov=9.2%, freq=25%, IV=1.6); Penstemon rydbergii (cov=0.8%, freq=4%, IV=1.5); Solidago simplex (cov=0.6%, freq=4%, IV=0.9)",NPV (29.6%); Other_Forb (7.7%); Bare (4.8%),2,Artemisia cana ssp. bolanderi - Artemisia cana ssp. viscidula Shrub Steppe Alliance,899324,Alliance,GNR,/Taxon/ELEMENT_GLOBAL.2.899324/Artemisia_cana_ssp_bolanderi_-_Artemisia_cana_ssp_viscidula_Shrub_Steppe_Alliance,Artemisia cana,0.33,1,0.5,wet,NA
S05.a,"Mid-elevation montane dry meadow, Carex sp.-dominated",dry,montane,126,Carex sp. (9.2%); Eriogonum umbellatum (9.2%); Artemisia cana (6.2%); Valeriana occidentalis (3.8%); Erigeron speciosus (3.3%),"Carex sp. (cov=9.2%, freq=21%, IV=5.3); Artemisia cana (cov=6.2%, freq=17%, IV=4.6); Eriogonum umbellatum (cov=9.2%, freq=25%, IV=1.6); Penstemon rydbergii (cov=0.8%, freq=4%, IV=1.5); Solidago simplex (cov=0.6%, freq=4%, IV=0.9)",NPV (29.6%); Other_Forb (7.7%); Bare (4.8%),3,Artemisia cana ssp. viscidula / Festuca thurberi Shrubland,687656,Association,G2,/Taxon/ELEMENT_GLOBAL.2.687656/Artemisia_cana_ssp_viscidula_-_Festuca_thurberi_Shrubland,Artemisia cana,0.33,0.5,0.4,wet,alpine
S05.b,"Mid-elevation montane dry meadow, Aquilegia coerulea-dominated",dry,montane,121,Artemisia tridentata (22.4%); Festuca thurberi (17.6%); Chrysothamnus viscidiflorus (3.5%); Aquilegia coerulea (3.2%); Linum lewisii (1.5%),"Aquilegia coerulea (cov=3.2%, freq=24%, IV=7.5); Festuca thurberi (cov=17.6%, freq=76%, IV=6.7); Artemisia tridentata (cov=22.4%, freq=65%, IV=4.2); Clematis hirsutissima (cov=0.6%, freq=6%, IV=3.1); Antennaria anaphaloides (cov=0.6%, freq=6%, IV=3.1)",NPV (31.8%); Other_Forb (5.9%); Bare (2.6%),1,Artemisia tridentata ssp. vaseyana / Festuca thurberi Shrubland,685656,Association,G3,/Taxon/ELEMENT_GLOBAL.2.685656/Artemisia_tridentata_ssp_vaseyana_-_Festuca_thurberi_Shrubland,Festuca thurberi; Artemisia tridentata,0.44,1,0.76,wet,montane
S05.b,"Mid-elevation montane dry meadow, Aquilegia coerulea-dominated",dry,montane,121,Artemisia tridentata (22.4%); Festuca thurberi (17.6%); Chrysothamnus viscidiflorus (3.5%); Aquilegia coerulea (3.2%); Linum lewisii (1.5%),"Aquilegia coerulea (cov=3.2%, freq=24%, IV=7.5); Festuca thurberi (cov=17.6%, freq=76%, IV=6.7); Artemisia tridentata (cov=22.4%, freq=65%, IV=4.2); Clematis hirsutissima (cov=0.6%, freq=6%, IV=3.1); Antennaria anaphaloides (cov=0.6%, freq=6%, IV=3.1)",NPV (31.8%); Other_Forb (5.9%); Bare (2.6%),2,"Festuca thurberi - (Lathyrus lanszwertii, Potentilla spp.) Grassland",683986,Association,G4,/Taxon/ELEMENT_GLOBAL.2.683986/Festuca_thurberi_-_(Lathyrus_lanszwertii_Potentilla_spp)_Grassland,Festuca thurberi,0.27,0.33,0.6,dry,montane
S05.b,"Mid-elevation montane dry meadow, Aquilegia coerulea-dominated",dry,montane,121,Artemisia tridentata (22.4%); Festuca thurberi (17.6%); Chrysothamnus viscidiflorus (3.5%); Aquilegia coerulea (3.2%); Linum lewisii (1.5%),"Aquilegia coerulea (cov=3.2%, freq=24%, IV=7.5); Festuca thurberi (cov=17.6%, freq=76%, IV=6.7); Artemisia tridentata (cov=22.4%, freq=65%, IV=4.2); Clematis hirsutissima (cov=0.6%, freq=6%, IV=3.1); Antennaria anaphaloides (cov=0.6%, freq=6%, IV=3.1)",NPV (31.8%); Other_Forb (5.9%); Bare (2.6%),3,Festuca thurberi Subalpine Grassland,688145,Association,G3,/Taxon/ELEMENT_GLOBAL.2.688145/Festuca_thurberi_Subalpine_Grassland,Festuca thurberi,0.27,1,0.58,dry,alpine
S06,"Subalpine meadow, Heliomeris multiflora-dominated",mesic,subalpine,146,Ligusticum porteri (5.3%); Vaccinium cespitosum (4.3%); Delphinium barbeyi (3.9%); Helianthella quinquenervis (3.7%); Lathyrus lanszwertii (3.0%),"Heliomeris multiflora (cov=2.9%, freq=18%, IV=0.8); Helianthella quinquenervis (cov=3.7%, freq=16%, IV=0.4); Ligusticum porteri (cov=5.3%, freq=19%, IV=0.3); Erigeron speciosus (cov=2.6%, freq=18%, IV=0.2); Lathyrus lanszwertii (cov=3.0%, freq=14%, IV=0.2)",Bare (14.2%); NPV (11.0%); Other_Forb (10.0%),1,Ligusticum porteri - Vicia americana Meadow,687003,Association,G3,/Taxon/ELEMENT_GLOBAL.2.687003/Ligusticum_porteri_-_Vicia_americana_Meadow,Ligusticum porteri,0.16,0.5,0.39,mesic,NA
S06,"Subalpine meadow, Heliomeris multiflora-dominated",mesic,subalpine,146,Ligusticum porteri (5.3%); Vaccinium cespitosum (4.3%); Delphinium barbeyi (3.9%); Helianthella quinquenervis (3.7%); Lathyrus lanszwertii (3.0%),"Heliomeris multiflora (cov=2.9%, freq=18%, IV=0.8); Helianthella quinquenervis (cov=3.7%, freq=16%, IV=0.4); Ligusticum porteri (cov=5.3%, freq=19%, IV=0.3); Erigeron speciosus (cov=2.6%, freq=18%, IV=0.2); Lathyrus lanszwertii (cov=3.0%, freq=14%, IV=0.2)",Bare (14.2%); NPV (11.0%); Other_Forb (10.0%),2,Ligusticum porteri - Lupinus parviflorus ssp. myrianthus Meadow,689003,Association,GU,/Taxon/ELEMENT_GLOBAL.2.689003/Ligusticum_porteri_-_Lupinus_parviflorus_ssp_myrianthus_Meadow,Ligusticum porteri,0.16,0.5,0.39,mesic,NA
S06,"Subalpine meadow, Heliomeris multiflora-dominated",mesic,subalpine,146,Ligusticum porteri (5.3%); Vaccinium cespitosum (4.3%); Delphinium barbeyi (3.9%); Helianthella quinquenervis (3.7%); Lathyrus lanszwertii (3.0%),"Heliomeris multiflora (cov=2.9%, freq=18%, IV=0.8); Helianthella quinquenervis (cov=3.7%, freq=16%, IV=0.4); Ligusticum porteri (cov=5.3%, freq=19%, IV=0.3); Erigeron speciosus (cov=2.6%, freq=18%, IV=0.2); Lathyrus lanszwertii (cov=3.0%, freq=14%, IV=0.2)",Bare (14.2%); NPV (11.0%); Other_Forb (10.0%),3,"Festuca thurberi - (Lathyrus lanszwertii, Potentilla spp.) Grassland",683986,Association,G4,/Taxon/ELEMENT_GLOBAL.2.683986/Festuca_thurberi_-_(Lathyrus_lanszwertii_Potentilla_spp)_Grassland,Lathyrus lanszwertii,0.11,0.33,0.16,dry,montane
S07,"Late-melt alpine / subalpine meadow, Tolmachevia integrifolia-dominated",wet,alpine,170,Tolmachevia integrifolia (13.3%); Caltha leptosepala (12.9%); Senecio triangularis (9.2%); Veratrum tenuipetalum (8.8%); Mertensia ciliata (7.1%),"Tolmachevia integrifolia (cov=13.3%, freq=25%, IV=9.2); Arnica parryi (cov=1.7%, freq=12%, IV=3.7); Senecio triangularis (cov=9.2%, freq=17%, IV=3.6); Clementsia rhodantha (cov=2.1%, freq=8%, IV=3.1); Mertensia lanceolata (cov=3.8%, freq=8%, IV=3.1)",Other_Forb (10.0%); NPV (2.7%); Bare (2.5%),1,Cardamine cordifolia - Mertensia ciliata - Senecio triangularis Wet Meadow,689503,Association,G4,/Taxon/ELEMENT_GLOBAL.2.689503/Cardamine_cordifolia_-_Mertensia_ciliata_-_Senecio_triangularis_Wet_Meadow,Senecio triangularis,0.16,0.33,0.51,wet,alpine
S07,"Late-melt alpine / subalpine meadow, Tolmachevia integrifolia-dominated",wet,alpine,170,Tolmachevia integrifolia (13.3%); Caltha leptosepala (12.9%); Senecio triangularis (9.2%); Veratrum tenuipetalum (8.8%); Mertensia ciliata (7.1%),"Tolmachevia integrifolia (cov=13.3%, freq=25%, IV=9.2); Arnica parryi (cov=1.7%, freq=12%, IV=3.7); Senecio triangularis (cov=9.2%, freq=17%, IV=3.6); Clementsia rhodantha (cov=2.1%, freq=8%, IV=3.1); Mertensia lanceolata (cov=3.8%, freq=8%, IV=3.1)",Other_Forb (10.0%); NPV (2.7%); Bare (2.5%),2,Caltha leptosepala - Rhodiola rhodantha Wet Meadow,688961,Association,GNR,/Taxon/ELEMENT_GLOBAL.2.688961/Caltha_leptosepala_-_Rhodiola_rhodantha_Wet_Meadow,Clementsia rhodantha,0.14,0.5,0.51,wet,alpine
S07,"Late-melt alpine / subalpine meadow, Tolmachevia integrifolia-dominated",wet,alpine,170,Tolmachevia integrifolia (13.3%); Caltha leptosepala (12.9%); Senecio triangularis (9.2%); Veratrum tenuipetalum (8.8%); Mertensia ciliata (7.1%),"Tolmachevia integrifolia (cov=13.3%, freq=25%, IV=9.2); Arnica parryi (cov=1.7%, freq=12%, IV=3.7); Senecio triangularis (cov=9.2%, freq=17%, IV=3.6); Clementsia rhodantha (cov=2.1%, freq=8%, IV=3.1); Mertensia lanceolata (cov=3.8%, freq=8%, IV=3.1)",Other_Forb (10.0%); NPV (2.7%); Bare (2.5%),3,Caltha leptosepala - Rhodiola rhodantha Wet Meadow Alliance,899164,Alliance,GNR,/Taxon/ELEMENT_GLOBAL.2.899164/Caltha_leptosepala_-_Rhodiola_rhodantha_Wet_Meadow_Alliance,Clementsia rhodantha,0.14,0.5,0.51,wet,alpine
S08,"Upper subalpine meadow, Deschampsia cespitosa-dominated",mesic,subalpine,162,Deschampsia cespitosa (9.5%); Ligusticum porteri (8.5%); Arnica mollis (5.2%); Vaccinium cespitosum (4.8%); Helianthella quinquenervis (4.5%),"Deschampsia cespitosa (cov=9.5%, freq=30%, IV=2.3); Senecio crassulus (cov=3.1%, freq=21%, IV=1.9); Arnica mollis (cov=5.2%, freq=17%, IV=1.7); Festuca idahoensis (cov=0.8%, freq=8%, IV=1.3); Ligusticum porteri (cov=8.5%, freq=32%, IV=0.7)",Bare (10.8%); Other_Forb (10.6%); NPV (9.3%),1,Salix wolfii / Deschampsia cespitosa Wet Shrubland,687741,Association,G3,/Taxon/ELEMENT_GLOBAL.2.687741/Salix_wolfii_-_Deschampsia_cespitosa_Wet_Shrubland,Deschampsia cespitosa,0.29,0.5,0.52,mesic,montane
S08,"Upper subalpine meadow, Deschampsia cespitosa-dominated",mesic,subalpine,162,Deschampsia cespitosa (9.5%); Ligusticum porteri (8.5%); Arnica mollis (5.2%); Vaccinium cespitosum (4.8%); Helianthella quinquenervis (4.5%),"Deschampsia cespitosa (cov=9.5%, freq=30%, IV=2.3); Senecio crassulus (cov=3.1%, freq=21%, IV=1.9); Arnica mollis (cov=5.2%, freq=17%, IV=1.7); Festuca idahoensis (cov=0.8%, freq=8%, IV=1.3); Ligusticum porteri (cov=8.5%, freq=32%, IV=0.7)",Bare (10.8%); Other_Forb (10.6%); NPV (9.3%),2,Salix glauca / Deschampsia cespitosa Wet Shrubland,689647,Association,G4,/Taxon/ELEMENT_GLOBAL.2.689647/Salix_glauca_-_Deschampsia_cespitosa_Wet_Shrubland,Deschampsia cespitosa,0.29,0.5,0.52,mesic,alpine
S08,"Upper subalpine meadow, Deschampsia cespitosa-dominated",mesic,subalpine,162,Deschampsia cespitosa (9.5%); Ligusticum porteri (8.5%); Arnica mollis (5.2%); Vaccinium cespitosum (4.8%); Helianthella quinquenervis (4.5%),"Deschampsia cespitosa (cov=9.5%, freq=30%, IV=2.3); Senecio crassulus (cov=3.1%, freq=21%, IV=1.9); Arnica mollis (cov=5.2%, freq=17%, IV=1.7); Festuca idahoensis (cov=0.8%, freq=8%, IV=1.3); Ligusticum porteri (cov=8.5%, freq=32%, IV=0.7)",Bare (10.8%); Other_Forb (10.6%); NPV (9.3%),3,Deschampsia cespitosa - Achillea millefolium var. occidentalis Wet Meadow,687593,Association,G5,/Taxon/ELEMENT_GLOBAL.2.687593/Deschampsia_cespitosa_-_Achillea_millefolium_var_occidentalis_Wet_Meadow,Deschampsia cespitosa,0.29,0.5,0.37,wet,NA
S09.a,"Subalpine meadow, Castilleja sulphurea-dominated",mesic,subalpine,149,Lathyrus lanszwertii (12.1%); Potentilla pulcherrima (9.2%); Erigeron speciosus (5.3%); Heliomeris multiflora (4.7%); Vaccinium cespitosum (4.7%),"Castilleja sulphurea (cov=1.8%, freq=16%, IV=7.3); Potentilla pulcherrima (cov=9.2%, freq=37%, IV=2.8); Carex microptera (cov=0.8%, freq=5%, IV=2.4); Lathyrus lanszwertii (cov=12.1%, freq=37%, IV=2.4); Thalictrum fendleri (cov=3.2%, freq=21%, IV=1.1)",Other_Forb (15.0%); NPV (7.1%); Bare (6.6%),1,Carex microptera Wet Meadow,686153,Association,G4,/Taxon/ELEMENT_GLOBAL.2.686153/Carex_microptera_Wet_Meadow,Carex microptera,0.15,1,0.26,wet,montane
S09.a,"Subalpine meadow, Castilleja sulphurea-dominated",mesic,subalpine,149,Lathyrus lanszwertii (12.1%); Potentilla pulcherrima (9.2%); Erigeron speciosus (5.3%); Heliomeris multiflora (4.7%); Vaccinium cespitosum (4.7%),"Castilleja sulphurea (cov=1.8%, freq=16%, IV=7.3); Potentilla pulcherrima (cov=9.2%, freq=37%, IV=2.8); Carex microptera (cov=0.8%, freq=5%, IV=2.4); Lathyrus lanszwertii (cov=12.1%, freq=37%, IV=2.4); Thalictrum fendleri (cov=3.2%, freq=21%, IV=1.1)",Other_Forb (15.0%); NPV (7.1%); Bare (6.6%),2,"Festuca thurberi - (Lathyrus lanszwertii, Potentilla spp.) Grassland",683986,Association,G4,/Taxon/ELEMENT_GLOBAL.2.683986/Festuca_thurberi_-_(Lathyrus_lanszwertii_Potentilla_spp)_Grassland,Lathyrus lanszwertii,0.15,0.33,0.21,dry,montane
S09.b,"Subalpine meadow, Ligusticum porteri-dominated",mesic,subalpine,149,Ligusticum porteri (32.5%); Delphinium barbeyi (8.8%); Eucephalus engelmannii (8.1%); Aquilegia coerulea var. coerulea (4.4%); Heracleum maximum (4.4%),"Ligusticum porteri (cov=32.5%, freq=100%, IV=8.6); Eucephalus engelmannii (cov=8.1%, freq=12%, IV=5.6); Senecio serra (cov=3.8%, freq=25%, IV=4.5); Aquilegia coerulea var. coerulea (cov=4.4%, freq=12%, IV=4.0); Heracleum maximum (cov=4.4%, freq=25%, IV=3.7)",Other_Forb (7.5%); NPV (6.9%); Other_Graminoid (5.0%),1,Ligusticum porteri - Vicia americana Meadow,687003,Association,G3,/Taxon/ELEMENT_GLOBAL.2.687003/Ligusticum_porteri_-_Vicia_americana_Meadow,Ligusticum porteri,0.33,0.5,0.54,mesic,NA
S09.b,"Subalpine meadow, Ligusticum porteri-dominated",mesic,subalpine,149,Ligusticum porteri (32.5%); Delphinium barbeyi (8.8%); Eucephalus engelmannii (8.1%); Aquilegia coerulea var. coerulea (4.4%); Heracleum maximum (4.4%),"Ligusticum porteri (cov=32.5%, freq=100%, IV=8.6); Eucephalus engelmannii (cov=8.1%, freq=12%, IV=5.6); Senecio serra (cov=3.8%, freq=25%, IV=4.5); Aquilegia coerulea var. coerulea (cov=4.4%, freq=12%, IV=4.0); Heracleum maximum (cov=4.4%, freq=25%, IV=3.7)",Other_Forb (7.5%); NPV (6.9%); Other_Graminoid (5.0%),2,Ligusticum porteri - Lupinus parviflorus ssp. myrianthus Meadow,689003,Association,GU,/Taxon/ELEMENT_GLOBAL.2.689003/Ligusticum_porteri_-_Lupinus_parviflorus_ssp_myrianthus_Meadow,Ligusticum porteri,0.33,0.5,0.54,mesic,NA
S09.b,"Subalpine meadow, Ligusticum porteri-dominated",mesic,subalpine,149,Ligusticum porteri (32.5%); Delphinium barbeyi (8.8%); Eucephalus engelmannii (8.1%); Aquilegia coerulea var. coerulea (4.4%); Heracleum maximum (4.4%),"Ligusticum porteri (cov=32.5%, freq=100%, IV=8.6); Eucephalus engelmannii (cov=8.1%, freq=12%, IV=5.6); Senecio serra (cov=3.8%, freq=25%, IV=4.5); Aquilegia coerulea var. coerulea (cov=4.4%, freq=12%, IV=4.0); Heracleum maximum (cov=4.4%, freq=25%, IV=3.7)",Other_Forb (7.5%); NPV (6.9%); Other_Graminoid (5.0%),3,Cornus sericea / Heracleum maximum Wet Shrubland,686370,Association,G3,/Taxon/ELEMENT_GLOBAL.2.686370/Cornus_sericea_-_Heracleum_maximum_Wet_Shrubland,Heracleum maximum,0.14,0.5,0.37,mesic,NA
S10,"Subalpine meadow, Taraxacum officinale-dominated",mesic,montane,132,Symphoricarpos rotundifolius (8.1%); Erigeron speciosus (5.1%); Potentilla pulcherrima (4.3%); Taraxacum officinale (4.3%); Dasiphora fruticosa (4.1%),"Taraxacum officinale (cov=4.3%, freq=16%, IV=2.0); Symphoricarpos rotundifolius (cov=8.1%, freq=16%, IV=0.9); Agastache urticifolia (cov=3.5%, freq=12%, IV=0.8); Potentilla pulcherrima (cov=4.3%, freq=20%, IV=0.7); Solidago multiradiata (cov=0.8%, freq=4%, IV=0.6)",Other_Forb (10.9%); Other_Graminoid (6.4%); NPV (6.4%),1,Danthonia intermedia - Solidago multiradiata Grassland,687592,Association,G3,/Taxon/ELEMENT_GLOBAL.2.687592/Danthonia_intermedia_-_Solidago_multiradiata_Grassland,Solidago multiradiata,0.12,0.5,0.19,dry,NA
S12,"Upper subalpine rocky shrub-steppe, Bromopsis ciliata-dominated",dry,subalpine,161,Heterotheca villosa (7.6%); Lupinus argenteus (5.0%); Mertensia ciliata (3.4%); Vaccinium cespitosum (3.0%); Arnica mollis (2.8%),"Bromopsis ciliata (cov=2.4%, freq=12%, IV=4.2); Heterotheca villosa (cov=7.6%, freq=36%, IV=3.4); Senecio crassulus (cov=2.8%, freq=20%, IV=1.6); Sibbaldia procumbens (cov=1.8%, freq=8%, IV=0.8); Erythronium grandiflorum (cov=0.4%, freq=4%, IV=0.7)",Bare (36.2%); Other_Forb (8.0%); Other_Graminoid (7.4%),1,Geum rossii - Sibbaldia procumbens Alpine Snowbed,683954,Association,GU,/Taxon/ELEMENT_GLOBAL.2.683954/Geum_rossii_-_Sibbaldia_procumbens_Alpine_Snowbed,Sibbaldia procumbens,0.07,0.5,0.28,dry,alpine
S12,"Upper subalpine rocky shrub-steppe, Bromopsis ciliata-dominated",dry,subalpine,161,Heterotheca villosa (7.6%); Lupinus argenteus (5.0%); Mertensia ciliata (3.4%); Vaccinium cespitosum (3.0%); Arnica mollis (2.8%),"Bromopsis ciliata (cov=2.4%, freq=12%, IV=4.2); Heterotheca villosa (cov=7.6%, freq=36%, IV=3.4); Senecio crassulus (cov=2.8%, freq=20%, IV=1.6); Sibbaldia procumbens (cov=1.8%, freq=8%, IV=0.8); Erythronium grandiflorum (cov=0.4%, freq=4%, IV=0.7)",Bare (36.2%); Other_Forb (8.0%); Other_Graminoid (7.4%),2,Juncus parryi / Sibbaldia procumbens Alpine Snowbed,730760,Association,G3,/Taxon/ELEMENT_GLOBAL.2.730760/Juncus_parryi_-_Sibbaldia_procumbens_Alpine_Snowbed,Sibbaldia procumbens,0.07,0.5,0.13,mesic,alpine
S12,"Upper subalpine rocky shrub-steppe, Bromopsis ciliata-dominated",dry,subalpine,161,Heterotheca villosa (7.6%); Lupinus argenteus (5.0%); Mertensia ciliata (3.4%); Vaccinium cespitosum (3.0%); Arnica mollis (2.8%),"Bromopsis ciliata (cov=2.4%, freq=12%, IV=4.2); Heterotheca villosa (cov=7.6%, freq=36%, IV=3.4); Senecio crassulus (cov=2.8%, freq=20%, IV=1.6); Sibbaldia procumbens (cov=1.8%, freq=8%, IV=0.8); Erythronium grandiflorum (cov=0.4%, freq=4%, IV=0.7)",Bare (36.2%); Other_Forb (8.0%); Other_Graminoid (7.4%),3,Sibbaldia procumbens - Polygonum bistortoides Wet Meadow,689351,Association,G3,/Taxon/ELEMENT_GLOBAL.2.689351/Sibbaldia_procumbens_-_Polygonum_bistortoides_Wet_Meadow,Sibbaldia procumbens,0.07,0.5,0.13,wet,alpine
S13,"Upper subalpine meadow, Vaccinium cespitosum-dominated",mesic,subalpine,161,Vaccinium cespitosum (32.4%); Lupinus argenteus (7.6%); Heterotheca villosa (7.1%); Poa pratensis (2.9%); Erigeron speciosus (1.9%),"Vaccinium cespitosum (cov=32.4%, freq=81%, IV=12.5); Heterotheca villosa (cov=7.1%, freq=33%, IV=2.9); Calamagrostis canadensis (cov=1.0%, freq=5%, IV=1.3); Erigeron grandiflorus (cov=0.5%, freq=5%, IV=1.0); Lupinus argenteus (cov=7.6%, freq=14%, IV=0.7)",Bare (18.1%); NPV (11.4%); Other_Forb (6.7%),1,Salix wolfii / Calamagrostis canadensis Wet Shrubland,738631,Association,G3,/Taxon/ELEMENT_GLOBAL.2.738631/Salix_wolfii_-_Calamagrostis_canadensis_Wet_Shrubland,Calamagrostis canadensis,0.07,0.5,0.12,wet,NA
S13,"Upper subalpine meadow, Vaccinium cespitosum-dominated",mesic,subalpine,161,Vaccinium cespitosum (32.4%); Lupinus argenteus (7.6%); Heterotheca villosa (7.1%); Poa pratensis (2.9%); Erigeron speciosus (1.9%),"Vaccinium cespitosum (cov=32.4%, freq=81%, IV=12.5); Heterotheca villosa (cov=7.1%, freq=33%, IV=2.9); Calamagrostis canadensis (cov=1.0%, freq=5%, IV=1.3); Erigeron grandiflorus (cov=0.5%, freq=5%, IV=1.0); Lupinus argenteus (cov=7.6%, freq=14%, IV=0.7)",Bare (18.1%); NPV (11.4%); Other_Forb (6.7%),2,Carex utriculata - Calamagrostis canadensis Wet Meadow & Marsh Alliance,1225205,Alliance,GNR,/Taxon/ELEMENT_GLOBAL.2.1225205/Carex_utriculata_-_Calamagrostis_canadensis_Wet_Meadow_Marsh_Alliance,Calamagrostis canadensis,0.07,0.5,0.12,wet,NA
S13,"Upper subalpine meadow, Vaccinium cespitosum-dominated",mesic,subalpine,161,Vaccinium cespitosum (32.4%); Lupinus argenteus (7.6%); Heterotheca villosa (7.1%); Poa pratensis (2.9%); Erigeron speciosus (1.9%),"Vaccinium cespitosum (cov=32.4%, freq=81%, IV=12.5); Heterotheca villosa (cov=7.1%, freq=33%, IV=2.9); Calamagrostis canadensis (cov=1.0%, freq=5%, IV=1.3); Erigeron grandiflorus (cov=0.5%, freq=5%, IV=1.0); Lupinus argenteus (cov=7.6%, freq=14%, IV=0.7)",Bare (18.1%); NPV (11.4%); Other_Forb (6.7%),3,Calamagrostis canadensis - Carex scopulorum - Mertensia ciliata Wet Meadow,687485,Association,GU,/Taxon/ELEMENT_GLOBAL.2.687485/Calamagrostis_canadensis_-_Carex_scopulorum_-_Mertensia_ciliata_Wet_Meadow,Calamagrostis canadensis,0.07,0.33,0.12,wet,NA
S14,"Late-melt alpine / subalpine meadow, Bistorta bistortoides-dominated",wet,alpine,170,Calamagrostis stricta (7.1%); Deschampsia cespitosa (6.8%); Juncus arcticus (5.7%); Bistorta bistortoides (5.4%); Juncus parryi (4.3%),"Bistorta bistortoides (cov=5.4%, freq=29%, IV=13.5); Anemone multifida (cov=1.8%, freq=7%, IV=4.5); Calamagrostis stricta (cov=7.1%, freq=7%, IV=4.5); Erigeron (cov=1.4%, freq=7%, IV=4.5); Lewisia pygmaea (cov=0.7%, freq=7%, IV=4.5)",NPV (20.4%); Bare (9.3%); Other_Forb (8.9%),1,Calamagrostis stricta Wet Meadow,689176,Association,GU,/Taxon/ELEMENT_GLOBAL.2.689176/Calamagrostis_stricta_Wet_Meadow,Calamagrostis stricta,0.17,1,0.44,wet,NA
S14,"Late-melt alpine / subalpine meadow, Bistorta bistortoides-dominated",wet,alpine,170,Calamagrostis stricta (7.1%); Deschampsia cespitosa (6.8%); Juncus arcticus (5.7%); Bistorta bistortoides (5.4%); Juncus parryi (4.3%),"Bistorta bistortoides (cov=5.4%, freq=29%, IV=13.5); Anemone multifida (cov=1.8%, freq=7%, IV=4.5); Calamagrostis stricta (cov=7.1%, freq=7%, IV=4.5); Erigeron (cov=1.4%, freq=7%, IV=4.5); Lewisia pygmaea (cov=0.7%, freq=7%, IV=4.5)",NPV (20.4%); Bare (9.3%); Other_Forb (8.9%),2,Carex pellita - Calamagrostis stricta Wet Meadow,689127,Association,G4,/Taxon/ELEMENT_GLOBAL.2.689127/Carex_pellita_-_Calamagrostis_stricta_Wet_Meadow,Calamagrostis stricta,0.17,0.5,0.4,wet,NA
S15,"Subalpine meadow, Carex saxatilis-dominated",wet,subalpine,145,Carex aquatilis (14.3%); Phleum pratense (13.3%); Deschampsia cespitosa (10.7%); Carex saxatilis (10.3%); Carex spp (6.7%),"Carex saxatilis (cov=10.3%, freq=13%, IV=7.8); Carex aquatilis (cov=14.3%, freq=27%, IV=6.8); Phleum pratense (cov=13.3%, freq=13%, IV=4.8); Geum macrophyllum (cov=0.7%, freq=7%, IV=3.9); Carex sp. (cov=6.3%, freq=13%, IV=2.4)",NPV (15.3%); Other_Forb (4.3%); Other_Graminoid (2.7%),1,Carex saxatilis Fen,683375,Association,G3,/Taxon/ELEMENT_GLOBAL.2.683375/Carex_saxatilis_Fen,Carex saxatilis; Carex sp.,0.35,2,0.75,wet,NA
S15,"Subalpine meadow, Carex saxatilis-dominated",wet,subalpine,145,Carex aquatilis (14.3%); Phleum pratense (13.3%); Deschampsia cespitosa (10.7%); Carex saxatilis (10.3%); Carex spp (6.7%),"Carex saxatilis (cov=10.3%, freq=13%, IV=7.8); Carex aquatilis (cov=14.3%, freq=27%, IV=6.8); Phleum pratense (cov=13.3%, freq=13%, IV=4.8); Geum macrophyllum (cov=0.7%, freq=7%, IV=3.9); Carex sp. (cov=6.3%, freq=13%, IV=2.4)",NPV (15.3%); Other_Forb (4.3%); Other_Graminoid (2.7%),2,Salix wolfii / Carex aquatilis Wet Shrubland,689451,Association,G4,/Taxon/ELEMENT_GLOBAL.2.689451/Salix_wolfii_-_Carex_aquatilis_Wet_Shrubland,Carex aquatilis; Carex sp.,0.31,1,0.62,wet,NA
S15,"Subalpine meadow, Carex saxatilis-dominated",wet,subalpine,145,Carex aquatilis (14.3%); Phleum pratense (13.3%); Deschampsia cespitosa (10.7%); Carex saxatilis (10.3%); Carex spp (6.7%),"Carex saxatilis (cov=10.3%, freq=13%, IV=7.8); Carex aquatilis (cov=14.3%, freq=27%, IV=6.8); Phleum pratense (cov=13.3%, freq=13%, IV=4.8); Geum macrophyllum (cov=0.7%, freq=7%, IV=3.9); Carex sp. (cov=6.3%, freq=13%, IV=2.4)",NPV (15.3%); Other_Forb (4.3%); Other_Graminoid (2.7%),3,Carex aquatilis - Carex lasiocarpa - Sphagnum spp. Rocky Mountain Acidic Fen Group,856688,Group,G4,/Taxon/ELEMENT_GLOBAL.2.856688/Carex_aquatilis_-_Carex_lasiocarpa_-_Sphagnum_spp_Rocky_Mountain_Acidic_Fen_Group,Carex aquatilis; Carex sp.,0.31,0.67,0.57,wet,NA
S16,"Late-melt alpine / subalpine meadow, Carex aquatilis-dominated",wet,alpine,171,Carex aquatilis (100.0%),"Carex aquatilis (cov=100.0%, freq=100%, IV=178.2)",Bare (0.0%); NPV (0.0%); Other_Deciduous_Shrub (0.0%),1,Salix wolfii / Carex aquatilis Wet Shrubland,689451,Association,G4,/Taxon/ELEMENT_GLOBAL.2.689451/Salix_wolfii_-_Carex_aquatilis_Wet_Shrubland,Carex aquatilis,1,0.5,0.82,wet,NA
S16,"Late-melt alpine / subalpine meadow, Carex aquatilis-dominated",wet,alpine,171,Carex aquatilis (100.0%),"Carex aquatilis (cov=100.0%, freq=100%, IV=178.2)",Bare (0.0%); NPV (0.0%); Other_Deciduous_Shrub (0.0%),2,Carex aquatilis - Carex lasiocarpa - Sphagnum spp. Rocky Mountain Acidic Fen Group,856688,Group,G4,/Taxon/ELEMENT_GLOBAL.2.856688/Carex_aquatilis_-_Carex_lasiocarpa_-_Sphagnum_spp_Rocky_Mountain_Acidic_Fen_Group,Carex aquatilis,1,0.33,0.65,wet,NA
S17,"Low-elevation rocky shrub-steppe, Chrysothamnus depressus-dominated",dry,montane,102,Chrysothamnus depressus (9.3%); Balsamorhiza sagittata (7.9%); Wyethia amplexicaulis (5.6%); Phlox multiflora (4.3%); Tetradymia canescens (2.9%),"Chrysothamnus depressus (cov=9.3%, freq=71%, IV=24.4); Balsamorhiza sagittata (cov=7.9%, freq=43%, IV=12.6); Phlox multiflora (cov=4.3%, freq=43%, IV=5.2); Tetradymia canescens (cov=2.9%, freq=14%, IV=3.8); Amelanchier alnifolia (cov=1.4%, freq=14%, IV=0.5)",Bare (55.7%); NPV (6.4%); Other_Forb (5.7%),1,Artemisia tridentata ssp. vaseyana / Balsamorhiza sagittata Shrubland,686099,Association,GNR,/Taxon/ELEMENT_GLOBAL.2.686099/Artemisia_tridentata_ssp_vaseyana_-_Balsamorhiza_sagittata_Shrubland,Balsamorhiza sagittata,0.27,0.5,0.35,wet,NA
S17,"Low-elevation rocky shrub-steppe, Chrysothamnus depressus-dominated",dry,montane,102,Chrysothamnus depressus (9.3%); Balsamorhiza sagittata (7.9%); Wyethia amplexicaulis (5.6%); Phlox multiflora (4.3%); Tetradymia canescens (2.9%),"Chrysothamnus depressus (cov=9.3%, freq=71%, IV=24.4); Balsamorhiza sagittata (cov=7.9%, freq=43%, IV=12.6); Phlox multiflora (cov=4.3%, freq=43%, IV=5.2); Tetradymia canescens (cov=2.9%, freq=14%, IV=3.8); Amelanchier alnifolia (cov=1.4%, freq=14%, IV=0.5)",Bare (55.7%); NPV (6.4%); Other_Forb (5.7%),2,Artemisia tridentata ssp. wyomingensis / Balsamorhiza sagittata Shrubland,689114,Association,G5,/Taxon/ELEMENT_GLOBAL.2.689114/Artemisia_tridentata_ssp_wyomingensis_-_Balsamorhiza_sagittata_Shrubland,Balsamorhiza sagittata,0.27,0.5,0.35,wet,NA
S17,"Low-elevation rocky shrub-steppe, Chrysothamnus depressus-dominated",dry,montane,102,Chrysothamnus depressus (9.3%); Balsamorhiza sagittata (7.9%); Wyethia amplexicaulis (5.6%); Phlox multiflora (4.3%); Tetradymia canescens (2.9%),"Chrysothamnus depressus (cov=9.3%, freq=71%, IV=24.4); Balsamorhiza sagittata (cov=7.9%, freq=43%, IV=12.6); Phlox multiflora (cov=4.3%, freq=43%, IV=5.2); Tetradymia canescens (cov=2.9%, freq=14%, IV=3.8); Amelanchier alnifolia (cov=1.4%, freq=14%, IV=0.5)",Bare (55.7%); NPV (6.4%); Other_Forb (5.7%),3,Amelanchier alnifolia - Symphoricarpos spp. - Rhus glabra Central Rocky Mountain Shrubland Group,836901,Group,G4,/Taxon/ELEMENT_GLOBAL.2.836901/Amelanchier_alnifolia_-_Symphoricarpos_spp_-_Rhus_glabra_Central_Rocky_Mountain_Shrubland_Group,Amelanchier alnifolia,0.01,0.33,0.17,dry,alpine
S18,"Low-elevation sparse meadow / shrubland, Ericameria nauseosa-dominated",dry,montane,102,Artemisia tridentata (7.8%); Chrysothamnus viscidiflorus (5.2%); Purshia tridentata (4.5%); Ericameria nauseosa (4.3%); Phlox multiflora (2.7%),"Ericameria nauseosa (cov=4.3%, freq=13%, IV=2.7); Achnatherium hymenoides (cov=1.5%, freq=13%, IV=2.4); Chrysothamnus viscidiflorus (cov=5.2%, freq=30%, IV=1.9); Purshia tridentata (cov=4.5%, freq=20%, IV=1.1); Phlox multiflora (cov=2.7%, freq=13%, IV=1.0)",Bare (26.8%); NPV (23.7%); Other_Forb (4.8%),1,Chrysothamnus viscidiflorus - Ericameria nauseosa - Krascheninnikovia lanata Steppe Group,837419,Group,G4,/Taxon/ELEMENT_GLOBAL.2.837419/Chrysothamnus_viscidiflorus_-_Ericameria_nauseosa_-_Krascheninnikovia_lanata_Steppe_Group,Ericameria nauseosa; Chrysothamnus viscidiflorus,0.51,0.67,0.73,dry,NA
S18,"Low-elevation sparse meadow / shrubland, Ericameria nauseosa-dominated",dry,montane,102,Artemisia tridentata (7.8%); Chrysothamnus viscidiflorus (5.2%); Purshia tridentata (4.5%); Ericameria nauseosa (4.3%); Phlox multiflora (2.7%),"Ericameria nauseosa (cov=4.3%, freq=13%, IV=2.7); Achnatherium hymenoides (cov=1.5%, freq=13%, IV=2.4); Chrysothamnus viscidiflorus (cov=5.2%, freq=30%, IV=1.9); Purshia tridentata (cov=4.5%, freq=20%, IV=1.1); Phlox multiflora (cov=2.7%, freq=13%, IV=1.0)",Bare (26.8%); NPV (23.7%); Other_Forb (4.8%),2,Achnatherum hymenoides Shale Barren Grassland,685387,Association,G2,/Taxon/ELEMENT_GLOBAL.2.685387/Achnatherum_hymenoides_Shale_Barren_Grassland,Achnatherium hymenoides,0.26,1,0.72,dry,montane
S18,"Low-elevation sparse meadow / shrubland, Ericameria nauseosa-dominated",dry,montane,102,Artemisia tridentata (7.8%); Chrysothamnus viscidiflorus (5.2%); Purshia tridentata (4.5%); Ericameria nauseosa (4.3%); Phlox multiflora (2.7%),"Ericameria nauseosa (cov=4.3%, freq=13%, IV=2.7); Achnatherium hymenoides (cov=1.5%, freq=13%, IV=2.4); Chrysothamnus viscidiflorus (cov=5.2%, freq=30%, IV=1.9); Purshia tridentata (cov=4.5%, freq=20%, IV=1.1); Phlox multiflora (cov=2.7%, freq=13%, IV=1.0)",Bare (26.8%); NPV (23.7%); Other_Forb (4.8%),3,Chrysothamnus viscidiflorus Shrub Grassland,769588,Association,GNR,/Taxon/ELEMENT_GLOBAL.2.769588/Chrysothamnus_viscidiflorus_Shrub_Grassland,Chrysothamnus viscidiflorus,0.21,1,0.65,dry,montane
S19,"Mid-elevation montane meadow, Oxytropis deflexa-dominated",dry,montane,122,Oxytropis deflexa (5.4%); Artemisia tridentata (4.4%); Symphoricarpos rotundifolius (4.4%); Geum triflorum (4.2%); Potentilla pulcherrima (4.2%),"Oxytropis deflexa (cov=5.4%, freq=16%, IV=4.1); Geum triflorum (cov=4.2%, freq=16%, IV=1.8); Antennaria parvifolia (cov=1.8%, freq=4%, IV=1.4); Artemisia campestris (cov=0.6%, freq=4%, IV=1.4); Carex macloviana (cov=0.6%, freq=4%, IV=1.4)",NPV (24.6%); Other_Forb (12.2%); Other_Graminoid (6.0%),1,Sporobolus cryptandrus - Artemisia campestris Wet Meadow Alliance,899649,Alliance,GNR,/Taxon/ELEMENT_GLOBAL.2.899649/Sporobolus_cryptandrus_-_Artemisia_campestris_Wet_Meadow_Alliance,Artemisia campestris,0.14,0.5,0.22,wet,NA
S19,"Mid-elevation montane meadow, Oxytropis deflexa-dominated",dry,montane,122,Oxytropis deflexa (5.4%); Artemisia tridentata (4.4%); Symphoricarpos rotundifolius (4.4%); Geum triflorum (4.2%); Potentilla pulcherrima (4.2%),"Oxytropis deflexa (cov=5.4%, freq=16%, IV=4.1); Geum triflorum (cov=4.2%, freq=16%, IV=1.8); Antennaria parvifolia (cov=1.8%, freq=4%, IV=1.4); Artemisia campestris (cov=0.6%, freq=4%, IV=1.4); Carex macloviana (cov=0.6%, freq=4%, IV=1.4)",NPV (24.6%); Other_Forb (12.2%); Other_Graminoid (6.0%),2,Salix interior / Sporobolus cryptandrus - Artemisia campestris Riverscour Group,857077,Group,G3,/Taxon/ELEMENT_GLOBAL.2.857077/Salix_interior_-_Sporobolus_cryptandrus_-_Artemisia_campestris_Riverscour_Group,Artemisia campestris,0.14,0.33,0.2,mesic,NA
S20,"Subalpine rocky shrub-steppe, Achnatherum lettermanii-dominated",dry,montane,134,Eriogonum umbellatum (7.7%); Artemisia tridentata (4.6%); Heterotheca villosa (4.2%); Festuca thurberi (2.7%); Amelanchier alnifolia (2.3%),"Achnatherum lettermanii (cov=0.8%, freq=8%, IV=2.6); Eriogonum umbellatum (cov=7.7%, freq=38%, IV=2.0); Heterotheca villosa (cov=4.2%, freq=31%, IV=1.6); Amelanchier alnifolia (cov=2.3%, freq=15%, IV=0.9); Eremogone congesta (cov=0.8%, freq=8%, IV=0.5)",Bare (46.2%); NPV (14.2%); Other_Forb (7.3%),1,Poa nervosa - Achnatherum lettermanii Grassland,683772,Association,G1,/Taxon/ELEMENT_GLOBAL.2.683772/Poa_nervosa_-_Achnatherum_lettermanii_Grassland,Achnatherum lettermanii,0.34,0.5,0.41,wet,NA
S20,"Subalpine rocky shrub-steppe, Achnatherum lettermanii-dominated",dry,montane,134,Eriogonum umbellatum (7.7%); Artemisia tridentata (4.6%); Heterotheca villosa (4.2%); Festuca thurberi (2.7%); Amelanchier alnifolia (2.3%),"Achnatherum lettermanii (cov=0.8%, freq=8%, IV=2.6); Eriogonum umbellatum (cov=7.7%, freq=38%, IV=2.0); Heterotheca villosa (cov=4.2%, freq=31%, IV=1.6); Amelanchier alnifolia (cov=2.3%, freq=15%, IV=0.9); Eremogone congesta (cov=0.8%, freq=8%, IV=0.5)",Bare (46.2%); NPV (14.2%); Other_Forb (7.3%),2,Artemisia tridentata ssp. vaseyana / Achnatherum lettermanii Shrubland,785239,Association,GNR,/Taxon/ELEMENT_GLOBAL.2.785239/Artemisia_tridentata_ssp_vaseyana_-_Achnatherum_lettermanii_Shrubland,Achnatherum lettermanii,0.34,0.5,0.41,wet,NA
S20,"Subalpine rocky shrub-steppe, Achnatherum lettermanii-dominated",dry,montane,134,Eriogonum umbellatum (7.7%); Artemisia tridentata (4.6%); Heterotheca villosa (4.2%); Festuca thurberi (2.7%); Amelanchier alnifolia (2.3%),"Achnatherum lettermanii (cov=0.8%, freq=8%, IV=2.6); Eriogonum umbellatum (cov=7.7%, freq=38%, IV=2.0); Heterotheca villosa (cov=4.2%, freq=31%, IV=1.6); Amelanchier alnifolia (cov=2.3%, freq=15%, IV=0.9); Eremogone congesta (cov=0.8%, freq=8%, IV=0.5)",Bare (46.2%); NPV (14.2%); Other_Forb (7.3%),3,Amelanchier alnifolia - Symphoricarpos spp. - Rhus glabra Central Rocky Mountain Shrubland Group,836901,Group,G4,/Taxon/ELEMENT_GLOBAL.2.836901/Amelanchier_alnifolia_-_Symphoricarpos_spp_-_Rhus_glabra_Central_Rocky_Mountain_Shrubland_Group,Amelanchier alnifolia,0.12,0.33,0.32,dry,alpine
S21,"Late-melt alpine / subalpine sparse meadow / shrubland, Chamaenerion angustifolium-dominated",mesic,subalpine,166,Bromopsis inermis (5.7%); Vaccinium cespitosum (4.6%); Arnica mollis (4.3%); Chamaenerion angustifolium (3.6%); Caltha leptosepala (3.2%),"Chamaenerion angustifolium (cov=3.6%, freq=14%, IV=9.0); Erigeron elatior (cov=0.7%, freq=7%, IV=4.5); Bromopsis inermis (cov=5.7%, freq=36%, IV=3.5); Erigeron grandiflorus (cov=0.7%, freq=7%, IV=2.3); Hymenoxys hoopesii (cov=2.1%, freq=21%, IV=1.8)",Bare (21.4%); Other_Forb (14.3%); NPV (13.6%),1,Bromus inermis - (Pascopyrum smithii) Ruderal Grassland,684068,Association,GNA,/Taxon/ELEMENT_GLOBAL.2.684068/Bromus_inermis_-_(Pascopyrum_smithii)_Ruderal_Grassland,Bromopsis inermis,0.17,0.5,0.25,wet,montane
S21,"Late-melt alpine / subalpine sparse meadow / shrubland, Chamaenerion angustifolium-dominated",mesic,subalpine,166,Bromopsis inermis (5.7%); Vaccinium cespitosum (4.6%); Arnica mollis (4.3%); Chamaenerion angustifolium (3.6%); Caltha leptosepala (3.2%),"Chamaenerion angustifolium (cov=3.6%, freq=14%, IV=9.0); Erigeron elatior (cov=0.7%, freq=7%, IV=4.5); Bromopsis inermis (cov=5.7%, freq=36%, IV=3.5); Erigeron grandiflorus (cov=0.7%, freq=7%, IV=2.3); Hymenoxys hoopesii (cov=2.1%, freq=21%, IV=1.8)",Bare (21.4%); Other_Forb (14.3%); NPV (13.6%),2,Western North American Bromus inermis - Centaurea spp. Ruderal Grassland & Shrubland Macrogroup,866455,Macrogroup,GNA,/Taxon/ELEMENT_GLOBAL.2.866455/Western_North_American_Bromus_inermis_-_Centaurea_spp_Ruderal_Grassland_Shrubland_Macrogroup,Bromopsis inermis,0.17,0.5,0.25,dry,NA
S21,"Late-melt alpine / subalpine sparse meadow / shrubland, Chamaenerion angustifolium-dominated",mesic,subalpine,166,Bromopsis inermis (5.7%); Vaccinium cespitosum (4.6%); Arnica mollis (4.3%); Chamaenerion angustifolium (3.6%); Caltha leptosepala (3.2%),"Chamaenerion angustifolium (cov=3.6%, freq=14%, IV=9.0); Erigeron elatior (cov=0.7%, freq=7%, IV=4.5); Bromopsis inermis (cov=5.7%, freq=36%, IV=3.5); Erigeron grandiflorus (cov=0.7%, freq=7%, IV=2.3); Hymenoxys hoopesii (cov=2.1%, freq=21%, IV=1.8)",Bare (21.4%); Other_Forb (14.3%); NPV (13.6%),3,Agropyron cristatum - Bromus inermis - Poa pratensis Ruderal Grassland Alliance,899378,Alliance,GNA,/Taxon/ELEMENT_GLOBAL.2.899378/Agropyron_cristatum_-_Bromus_inermis_-_Poa_pratensis_Ruderal_Grassland_Alliance,Bromopsis inermis,0.17,0.33,0.22,dry,alpine
S22,"Mid-elevation montane dry meadow, Cerastium-dominated",dry,montane,126,Artemisia tridentata (16.2%); Antennaria rosea (2.6%); Potentilla hippiana (2.4%); Eriogonum umbellatum (1.8%); Lathyrus lanszwertii (1.8%),"Cerastium (cov=0.6%, freq=6%, IV=3.1); Potentilla (cov=0.6%, freq=6%, IV=3.1); Artemisia tridentata (cov=16.2%, freq=59%, IV=2.8); Carex (cov=0.6%, freq=6%, IV=1.2); Potentilla hippiana (cov=2.4%, freq=12%, IV=1.1)",NPV (41.2%); Bare (7.1%); Other_Graminoid (5.6%),1,Artemisia tridentata ssp. wyomingensis - Artemisia tridentata ssp. tridentata Desert Shrubland Group,837809,Group,G4,/Taxon/ELEMENT_GLOBAL.2.837809/Artemisia_tridentata_ssp_wyomingensis_-_Artemisia_tridentata_ssp_tridentata_Desert_Shrubland_Group,Artemisia tridentata,0.72,1,0.99,wet,montane
S22,"Mid-elevation montane dry meadow, Cerastium-dominated",dry,montane,126,Artemisia tridentata (16.2%); Antennaria rosea (2.6%); Potentilla hippiana (2.4%); Eriogonum umbellatum (1.8%); Lathyrus lanszwertii (1.8%),"Cerastium (cov=0.6%, freq=6%, IV=3.1); Potentilla (cov=0.6%, freq=6%, IV=3.1); Artemisia tridentata (cov=16.2%, freq=59%, IV=2.8); Carex (cov=0.6%, freq=6%, IV=1.2); Potentilla hippiana (cov=2.4%, freq=12%, IV=1.1)",NPV (41.2%); Bare (7.1%); Other_Graminoid (5.6%),2,Artemisia tridentata ssp. wyomingensis Dry-mesic Shrub Steppe Alliance,899307,Alliance,GNR,/Taxon/ELEMENT_GLOBAL.2.899307/Artemisia_tridentata_ssp_wyomingensis_Dry-mesic_Shrub_Steppe_Alliance,Artemisia tridentata,0.72,1,0.99,dry,NA
S22,"Mid-elevation montane dry meadow, Cerastium-dominated",dry,montane,126,Artemisia tridentata (16.2%); Antennaria rosea (2.6%); Potentilla hippiana (2.4%); Eriogonum umbellatum (1.8%); Lathyrus lanszwertii (1.8%),"Cerastium (cov=0.6%, freq=6%, IV=3.1); Potentilla (cov=0.6%, freq=6%, IV=3.1); Artemisia tridentata (cov=16.2%, freq=59%, IV=2.8); Carex (cov=0.6%, freq=6%, IV=1.2); Potentilla hippiana (cov=2.4%, freq=12%, IV=1.1)",NPV (41.2%); Bare (7.1%); Other_Graminoid (5.6%),3,Artemisia tridentata ssp. tridentata - Artemisia tridentata ssp. xericensis Shrub Steppe Alliance,899308,Alliance,GNR,/Taxon/ELEMENT_GLOBAL.2.899308/Artemisia_tridentata_ssp_tridentata_-_Artemisia_tridentata_ssp_xericensis_Shrub_Steppe_Alliance,Artemisia tridentata,0.72,1,0.99,dry,NA
S23,"Subalpine meadow, Antennaria corymbosa-dominated",mesic,subalpine,144,Vaccinium cespitosum (5.3%); Achillea millefolium (5.0%); Deschampsia cespitosa (3.9%); Antennaria corymbosa (3.3%); Carex aquatilis (3.1%),"Antennaria corymbosa (cov=3.3%, freq=11%, IV=5.4); Agoseris glauca (cov=2.5%, freq=22%, IV=4.9); Cirsium scariosum (cov=0.8%, freq=6%, IV=2.7); Achillea millefolium (cov=5.0%, freq=11%, IV=2.2); Salix wolfii (cov=1.4%, freq=6%, IV=1.7)",Other_Forb (31.4%); NPV (11.9%); Other_Graminoid (8.1%),1,Salix wolfii / Mesic Forbs Wet Shrubland,684020,Association,G3,/Taxon/ELEMENT_GLOBAL.2.684020/Salix_wolfii_-_Mesic_Forbs_Wet_Shrubland,Salix wolfii,0.1,1,0.33,mesic,alpine
S23,"Subalpine meadow, Antennaria corymbosa-dominated",mesic,subalpine,144,Vaccinium cespitosum (5.3%); Achillea millefolium (5.0%); Deschampsia cespitosa (3.9%); Antennaria corymbosa (3.3%); Carex aquatilis (3.1%),"Antennaria corymbosa (cov=3.3%, freq=11%, IV=5.4); Agoseris glauca (cov=2.5%, freq=22%, IV=4.9); Cirsium scariosum (cov=0.8%, freq=6%, IV=2.7); Achillea millefolium (cov=5.0%, freq=11%, IV=2.2); Salix wolfii (cov=1.4%, freq=6%, IV=1.7)",Other_Forb (31.4%); NPV (11.9%); Other_Graminoid (8.1%),2,Salix wolfii / Deschampsia cespitosa Wet Shrubland,687741,Association,G3,/Taxon/ELEMENT_GLOBAL.2.687741/Salix_wolfii_-_Deschampsia_cespitosa_Wet_Shrubland,Salix wolfii,0.1,0.5,0.32,mesic,montane
S23,"Subalpine meadow, Antennaria corymbosa-dominated",mesic,subalpine,144,Vaccinium cespitosum (5.3%); Achillea millefolium (5.0%); Deschampsia cespitosa (3.9%); Antennaria corymbosa (3.3%); Carex aquatilis (3.1%),"Antennaria corymbosa (cov=3.3%, freq=11%, IV=5.4); Agoseris glauca (cov=2.5%, freq=22%, IV=4.9); Cirsium scariosum (cov=0.8%, freq=6%, IV=2.7); Achillea millefolium (cov=5.0%, freq=11%, IV=2.2); Salix wolfii (cov=1.4%, freq=6%, IV=1.7)",Other_Forb (31.4%); NPV (11.9%); Other_Graminoid (8.1%),3,Deschampsia cespitosa - Achillea millefolium var. occidentalis Wet Meadow,687593,Association,G5,/Taxon/ELEMENT_GLOBAL.2.687593/Deschampsia_cespitosa_-_Achillea_millefolium_var_occidentalis_Wet_Meadow,Achillea millefolium,0.13,0.5,0.21,wet,NA
S24.a,"Low-elevation sparse meadow / shrubland, Opuntia polyacantha-dominated",dry,montane,89,Purshia tridentata (6.6%); Chrysothamnus viscidiflorus (4.7%); Chrysothamnus depressus (4.4%); Phlox multiflora (4.4%); Opuntia polyacantha (3.4%),"Opuntia polyacantha (cov=3.4%, freq=12%, IV=6.9); Poa secunda (cov=2.2%, freq=19%, IV=4.0); Chrysothamnus depressus (cov=4.4%, freq=25%, IV=4.0); Phlox multiflora (cov=4.4%, freq=31%, IV=3.9); Yucca glauca (cov=2.2%, freq=6%, IV=3.4)",Bare (31.9%); NPV (24.4%); Other_Graminoid (5.6%),1,Pseudoroegneria spicata - Poa secunda Dry Grassland Alliance,900038,Alliance,GNR,/Taxon/ELEMENT_GLOBAL.2.900038/Pseudoroegneria_spicata_-_Poa_secunda_Dry_Grassland_Alliance,Poa secunda,0.18,0.5,0.56,dry,montane
S24.a,"Low-elevation sparse meadow / shrubland, Opuntia polyacantha-dominated",dry,montane,89,Purshia tridentata (6.6%); Chrysothamnus viscidiflorus (4.7%); Chrysothamnus depressus (4.4%); Phlox multiflora (4.4%); Opuntia polyacantha (3.4%),"Opuntia polyacantha (cov=3.4%, freq=12%, IV=6.9); Poa secunda (cov=2.2%, freq=19%, IV=4.0); Chrysothamnus depressus (cov=4.4%, freq=25%, IV=4.0); Phlox multiflora (cov=4.4%, freq=31%, IV=3.9); Yucca glauca (cov=2.2%, freq=6%, IV=3.4)",Bare (31.9%); NPV (24.4%); Other_Graminoid (5.6%),2,Opuntia polyacantha / Pleuraphis jamesii Shrubland,758172,Association,GNR,/Taxon/ELEMENT_GLOBAL.2.758172/Opuntia_polyacantha_-_Pleuraphis_jamesii_Shrubland,Opuntia polyacantha,0.31,0.5,0.53,dry,NA
S24.a,"Low-elevation sparse meadow / shrubland, Opuntia polyacantha-dominated",dry,montane,89,Purshia tridentata (6.6%); Chrysothamnus viscidiflorus (4.7%); Chrysothamnus depressus (4.4%); Phlox multiflora (4.4%); Opuntia polyacantha (3.4%),"Opuntia polyacantha (cov=3.4%, freq=12%, IV=6.9); Poa secunda (cov=2.2%, freq=19%, IV=4.0); Chrysothamnus depressus (cov=4.4%, freq=25%, IV=4.0); Phlox multiflora (cov=4.4%, freq=31%, IV=3.9); Yucca glauca (cov=2.2%, freq=6%, IV=3.4)",Bare (31.9%); NPV (24.4%); Other_Graminoid (5.6%),3,Poa secunda Moist Meadow,684625,Association,G4,/Taxon/ELEMENT_GLOBAL.2.684625/Poa_secunda_Moist_Meadow,Poa secunda,0.18,1,0.46,dry,NA
S24.b,"Low-elevation sparse meadow / shrubland, Populus tremuloides-dominated",dry,montane,85,Artemisia tridentata (33.9%); Populus tremuloides (5.6%); Poa secunda (2.2%); Carex (1.7%); Chrysothamnus depressus (1.7%),"Populus tremuloides (cov=5.6%, freq=22%, IV=21.8); Artemisia tridentata (cov=33.9%, freq=100%, IV=9.9); Carex (cov=1.7%, freq=11%, IV=6.5); Poa secunda (cov=2.2%, freq=22%, IV=4.8); Chrysothamnus depressus (cov=1.7%, freq=11%, IV=0.7)",Bare (25.0%); NPV (22.2%); Other_Graminoid (3.3%),1,Artemisia tridentata ssp. wyomingensis - Artemisia tridentata ssp. tridentata Desert Shrubland Group,837809,Group,G4,/Taxon/ELEMENT_GLOBAL.2.837809/Artemisia_tridentata_ssp_wyomingensis_-_Artemisia_tridentata_ssp_tridentata_Desert_Shrubland_Group,Artemisia tridentata,0.27,1,0.57,wet,montane
S24.b,"Low-elevation sparse meadow / shrubland, Populus tremuloides-dominated",dry,montane,85,Artemisia tridentata (33.9%); Populus tremuloides (5.6%); Poa secunda (2.2%); Carex (1.7%); Chrysothamnus depressus (1.7%),"Populus tremuloides (cov=5.6%, freq=22%, IV=21.8); Artemisia tridentata (cov=33.9%, freq=100%, IV=9.9); Carex (cov=1.7%, freq=11%, IV=6.5); Poa secunda (cov=2.2%, freq=22%, IV=4.8); Chrysothamnus depressus (cov=1.7%, freq=11%, IV=0.7)",Bare (25.0%); NPV (22.2%); Other_Graminoid (3.3%),2,Artemisia tridentata ssp. wyomingensis Dry-mesic Shrub Steppe Alliance,899307,Alliance,GNR,/Taxon/ELEMENT_GLOBAL.2.899307/Artemisia_tridentata_ssp_wyomingensis_Dry-mesic_Shrub_Steppe_Alliance,Artemisia tridentata,0.27,1,0.57,dry,NA
S24.b,"Low-elevation sparse meadow / shrubland, Populus tremuloides-dominated",dry,montane,85,Artemisia tridentata (33.9%); Populus tremuloides (5.6%); Poa secunda (2.2%); Carex (1.7%); Chrysothamnus depressus (1.7%),"Populus tremuloides (cov=5.6%, freq=22%, IV=21.8); Artemisia tridentata (cov=33.9%, freq=100%, IV=9.9); Carex (cov=1.7%, freq=11%, IV=6.5); Poa secunda (cov=2.2%, freq=22%, IV=4.8); Chrysothamnus depressus (cov=1.7%, freq=11%, IV=0.7)",Bare (25.0%); NPV (22.2%); Other_Graminoid (3.3%),3,Artemisia tridentata ssp. tridentata - Artemisia tridentata ssp. xericensis Shrub Steppe Alliance,899308,Alliance,GNR,/Taxon/ELEMENT_GLOBAL.2.899308/Artemisia_tridentata_ssp_tridentata_-_Artemisia_tridentata_ssp_xericensis_Shrub_Steppe_Alliance,Artemisia tridentata,0.27,1,0.57,dry,NA
S25,"Low-elevation sparse meadow / shrubland, Tetradymia canescens-dominated",dry,montane,97,Artemisia tridentata (10.2%); Purshia tridentata (6.4%); Phlox multiflora (3.3%); Ribes cereum (3.3%); Tetradymia canescens (2.6%),"Tetradymia canescens (cov=2.6%, freq=10%, IV=2.3); Ribes cereum (cov=3.3%, freq=5%, IV=2.0); Phlox multiflora (cov=3.3%, freq=19%, IV=1.8); Purshia tridentata (cov=6.4%, freq=19%, IV=1.5); Artemisia tridentata (cov=10.2%, freq=29%, IV=0.9)",Bare (33.1%); NPV (18.1%); Other_Deciduous_Shrub (4.0%),1,Purshia tridentata - Ribes cereum Shrubland Alliance,899783,Alliance,GNR,/Taxon/ELEMENT_GLOBAL.2.899783/Purshia_tridentata_-_Ribes_cereum_Shrubland_Alliance,Ribes cereum; Purshia tridentata,0.41,1,0.73,wet,montane
S25,"Low-elevation sparse meadow / shrubland, Tetradymia canescens-dominated",dry,montane,97,Artemisia tridentata (10.2%); Purshia tridentata (6.4%); Phlox multiflora (3.3%); Ribes cereum (3.3%); Tetradymia canescens (2.6%),"Tetradymia canescens (cov=2.6%, freq=10%, IV=2.3); Ribes cereum (cov=3.3%, freq=5%, IV=2.0); Phlox multiflora (cov=3.3%, freq=19%, IV=1.8); Purshia tridentata (cov=6.4%, freq=19%, IV=1.5); Artemisia tridentata (cov=10.2%, freq=29%, IV=0.9)",Bare (33.1%); NPV (18.1%); Other_Deciduous_Shrub (4.0%),2,Artemisia tridentata - Artemisia tripartita - Purshia tridentata Steppe Group,837794,Group,G3,/Taxon/ELEMENT_GLOBAL.2.837794/Artemisia_tridentata_-_Artemisia_tripartita_-_Purshia_tridentata_Steppe_Group,Purshia tridentata; Artemisia tridentata,0.28,0.67,0.55,dry,NA
S25,"Low-elevation sparse meadow / shrubland, Tetradymia canescens-dominated",dry,montane,97,Artemisia tridentata (10.2%); Purshia tridentata (6.4%); Phlox multiflora (3.3%); Ribes cereum (3.3%); Tetradymia canescens (2.6%),"Tetradymia canescens (cov=2.6%, freq=10%, IV=2.3); Ribes cereum (cov=3.3%, freq=5%, IV=2.0); Phlox multiflora (cov=3.3%, freq=19%, IV=1.8); Purshia tridentata (cov=6.4%, freq=19%, IV=1.5); Artemisia tridentata (cov=10.2%, freq=29%, IV=0.9)",Bare (33.1%); NPV (18.1%); Other_Deciduous_Shrub (4.0%),3,Ribes cereum / Leymus ambiguus Shrubland,686509,Association,G2,/Taxon/ELEMENT_GLOBAL.2.686509/Ribes_cereum_-_Leymus_ambiguus_Shrubland,Ribes cereum,0.24,0.5,0.47,mesic,montane
S26,"Low-elevation meadow, Prunus virginiana-dominated",mesic,montane,104,Prunus virginiana (34.3%); Symphoricarpos rotundifolius (24.3%); Dasiphora fruticosa (11.4%); Amelanchier alnifolia (5.0%),"Prunus virginiana (cov=34.3%, freq=71%, IV=77.1); Symphoricarpos rotundifolius (cov=24.3%, freq=57%, IV=9.3); Amelanchier alnifolia (cov=5.0%, freq=29%, IV=3.5); Dasiphora fruticosa (cov=11.4%, freq=14%, IV=1.6)",NPV (16.4%); Other_Forb (3.6%); Other_Deciduous_Shrub (1.4%),1,Quercus gambelii - Amelanchier spp. - Prunus virginiana Southern Rocky Mountain Montane Shrubland Group,836936,Group,G4,/Taxon/ELEMENT_GLOBAL.2.836936/Quercus_gambelii_-_Amelanchier_spp_-_Prunus_virginiana_Southern_Rocky_Mountain_Montane_Shrubland_Group,Prunus virginiana,0.84,0.33,0.63,wet,montane
S26,"Low-elevation meadow, Prunus virginiana-dominated",mesic,montane,104,Prunus virginiana (34.3%); Symphoricarpos rotundifolius (24.3%); Dasiphora fruticosa (11.4%); Amelanchier alnifolia (5.0%),"Prunus virginiana (cov=34.3%, freq=71%, IV=77.1); Symphoricarpos rotundifolius (cov=24.3%, freq=57%, IV=9.3); Amelanchier alnifolia (cov=5.0%, freq=29%, IV=3.5); Dasiphora fruticosa (cov=11.4%, freq=14%, IV=1.6)",NPV (16.4%); Other_Forb (3.6%); Other_Deciduous_Shrub (1.4%),2,Amelanchier alnifolia - Symphoricarpos spp. - Rhus glabra Central Rocky Mountain Shrubland Group,836901,Group,G4,/Taxon/ELEMENT_GLOBAL.2.836901/Amelanchier_alnifolia_-_Symphoricarpos_spp_-_Rhus_glabra_Central_Rocky_Mountain_Shrubland_Group,Amelanchier alnifolia,0.04,0.33,0.07,dry,alpine
S26,"Low-elevation meadow, Prunus virginiana-dominated",mesic,montane,104,Prunus virginiana (34.3%); Symphoricarpos rotundifolius (24.3%); Dasiphora fruticosa (11.4%); Amelanchier alnifolia (5.0%),"Prunus virginiana (cov=34.3%, freq=71%, IV=77.1); Symphoricarpos rotundifolius (cov=24.3%, freq=57%, IV=9.3); Amelanchier alnifolia (cov=5.0%, freq=29%, IV=3.5); Dasiphora fruticosa (cov=11.4%, freq=14%, IV=1.6)",NPV (16.4%); Other_Forb (3.6%); Other_Deciduous_Shrub (1.4%),3,Central Rocky Mountain Amelanchier alnifolia - Menziesia ferruginea - Physocarpus malvaceus Shrubland Macrogroup,1285582,Macrogroup,GNR,/Taxon/ELEMENT_GLOBAL.2.1285582/Central_Rocky_Mountain_Amelanchier_alnifolia_-_Menziesia_ferruginea_-_Physocarpus_malvaceus_Shrubland_Macrogroup,Amelanchier alnifolia,0.04,0.33,0.07,dry,alpine
Veratrum tenuipetalum,"Subalpine meadow, Veratrum tenuipetalum-dominated",wet,subalpine,144,Veratrum tenuipetalum (85.3%); Mertensia ciliata (2.6%); Ligusticum porteri (2.4%); Festuca thurberi (1.1%); Senecio serra (0.8%),"Veratrum tenuipetalum (cov=85.3%, freq=100%, IV=26.5); Mertensia ciliata (cov=2.6%, freq=16%, IV=0.5); Chamerion danielsii (cov=0.5%, freq=5%, IV=0.2); Senecio serra (cov=0.8%, freq=5%, IV=0.2); Ligusticum porteri (cov=2.4%, freq=21%, IV=0.1)",NPV (3.4%); Other_Forb (2.9%); Bare (0.3%),1,Heracleum maximum - Veratrum viride Wet Meadow Alliance,1225209,Alliance,GNR,/Taxon/ELEMENT_GLOBAL.2.1225209/Heracleum_maximum_-_Veratrum_viride_Wet_Meadow_Alliance,Veratrum tenuipetalum,0.96,0.5,0.81,wet,NA
Veratrum tenuipetalum,"Subalpine meadow, Veratrum tenuipetalum-dominated",wet,subalpine,144,Veratrum tenuipetalum (85.3%); Mertensia ciliata (2.6%); Ligusticum porteri (2.4%); Festuca thurberi (1.1%); Senecio serra (0.8%),"Veratrum tenuipetalum (cov=85.3%, freq=100%, IV=26.5); Mertensia ciliata (cov=2.6%, freq=16%, IV=0.5); Chamerion danielsii (cov=0.5%, freq=5%, IV=0.2); Senecio serra (cov=0.8%, freq=5%, IV=0.2); Ligusticum porteri (cov=2.4%, freq=21%, IV=0.1)",NPV (3.4%); Other_Forb (2.9%); Bare (0.3%),2,Deschampsia cespitosa - Mertensia ciliata Wet Meadow,689243,Association,GU,/Taxon/ELEMENT_GLOBAL.2.689243/Deschampsia_cespitosa_-_Mertensia_ciliata_Wet_Meadow,Mertensia ciliata,0.02,0.5,0.19,wet,NA
Veratrum tenuipetalum,"Subalpine meadow, Veratrum tenuipetalum-dominated",wet,subalpine,144,Veratrum tenuipetalum (85.3%); Mertensia ciliata (2.6%); Ligusticum porteri (2.4%); Festuca thurberi (1.1%); Senecio serra (0.8%),"Veratrum tenuipetalum (cov=85.3%, freq=100%, IV=26.5); Mertensia ciliata (cov=2.6%, freq=16%, IV=0.5); Chamerion danielsii (cov=0.5%, freq=5%, IV=0.2); Senecio serra (cov=0.8%, freq=5%, IV=0.2); Ligusticum porteri (cov=2.4%, freq=21%, IV=0.1)",NPV (3.4%); Other_Forb (2.9%); Bare (0.3%),3,Calamagrostis canadensis - Carex scopulorum - Mertensia ciliata Wet Meadow,687485,Association,GU,/Taxon/ELEMENT_GLOBAL.2.687485/Calamagrostis_canadensis_-_Carex_scopulorum_-_Mertensia_ciliata_Wet_Meadow,Mertensia ciliata,0.02,0.33,0.18,wet,NA
