x_utm,y_utm,domain,nearest_class,nearest_d,second_class,second_d,margin,ood_flag,predicted_label,snow_free_doy,canopy_height_m,n_total,predicted_n_pixels,balanced_recall,augmentation_priority,leverage,novelty_rank,class_scarcity_rank,leverage_rank
353016.5,4319212.5,UPTA,S22,118.01669086109546,S24,118.09873263122348,0.08204177012802916,TRUE,S09,150.03306579589844,0,4,229,0.5,critical,59.00834543054773,36,1,33
316910.5,4312584.5,CRBU,S02,110.70764253602674,S05,111.15223658634184,0.44459405031508936,TRUE,S09,188.14370727539065,0,4,229,0.5,critical,55.35382126801337,38,1,36
323319.5,4321119.5,CRBU,S24,79.80692391354775,S22,80.18470725875272,0.3777833452049748,TRUE,S09,176.8957977294922,0,4,229,0.5,critical,39.903461956773874,43,1,40
351100.5,4322356.5,UPTA,S24,59.82458294845908,S22,60.05484736979243,0.23026442133334513,TRUE,S09,160.0366973876953,0,4,229,0.5,critical,29.91229147422954,51,1,43
322613.5,4313953.5,CRBU,S24,51.76865460827877,S22,52.09643437688561,0.3277797686068382,TRUE,S09,155.8720245361328,0,4,229,0.5,critical,25.884327304139386,58,1,47
324805.5,4314305.5,CRBU,S22,50.59943215162619,S24,50.73766077133966,0.13822861971347322,TRUE,S09,152.07821655273438,0,4,229,0.5,critical,25.299716075813095,61,1,51
324820.5,4314332.5,CRBU,S22,47.80535641052734,S24,48.02931174297952,0.2239553324521779,TRUE,S09,156.6919708251953,0,4,229,0.5,critical,23.90267820526367,62,1,52
352832.5,4321677.5,UPTA,S24,47.05712332328742,S22,47.24395006830727,0.1868267450198502,TRUE,S09,156.77374267578125,0,4,229,0.5,critical,23.52856166164371,63,1,53
347421.5,4286671.5,ALMO,S24,45.68885208677589,S22,46.14568559863184,0.45683351185595455,TRUE,S09,105.9296646118164,0,4,229,0.5,critical,22.844426043387944,65,1,54
322454.5,4303404.5,CRBU,S24,45.03654155130355,S22,45.25639855700576,0.21985700570220956,TRUE,S09,146.71783447265625,0.8140000104904175,4,229,0.5,critical,22.518270775651775,67,1,55
349274.5,4320521.5,UPTA,S18,25.30073601992299,S22,25.521360518117618,0.22062449819462415,TRUE,Lonicera involucrata,166.33993530273438,0,6,2,0,critical,10.328982227611043,231,245,196
356988.5,4319362.5,UPTA,S18,21.059246948431948,S15,22.2456236100229,1.186376661590952,TRUE,Lonicera involucrata,162.77630615234375,0,6,2,0,critical,8.597401565153667,396,245,421
335472.5,4312908.5,CRBU,S20,7.767838448541785,S14,7.8057816838643745,0.03794323532258925,TRUE,M05_Osmorhiza_occidentalis,147.4501190185547,0,5,1,0,critical,3.4738829618351867,4513,230,3172
355727.5,4305881.5,UPTA,S22,267.48282350201055,S05,267.5405504678997,0.0577269658891737,TRUE,S02,173.72291564941406,0,6,242,0.8333333333333334,high,109.19940542314302,1,245,1
351685.5,4311911.5,UPTA,M01_Veratrum_tenuipetalum,253.28606513707692,S05,253.52513739797797,0.23907226090105385,TRUE,S02,157.16360473632812,0,6,242,0.8333333333333334,high,103.40360309053031,2,245,2
319100.5,4319842.5,CRBU,S02,210.3371950943696,S05,211.88653876767455,1.5493436733050032,TRUE,S02,195.5377197265625,0,6,242,0.8333333333333334,high,85.86980031824044,3,245,3
318160.5,4320896.5,CRBU,S02,209.8924796827972,S05,211.33004016607848,1.4375604832812598,TRUE,S02,195.51263427734372,0,6,242,0.8333333333333334,high,85.68824601172307,4,245,4
318547.5,4320326.5,CRBU,S02,209.7752818387788,S05,211.3142152875719,1.538933448793074,TRUE,S02,200.4110565185547,0,6,242,0.8333333333333334,high,85.64040019225651,5,245,5
317964.5,4320920.5,CRBU,S02,207.5084562302385,S05,209.0810916828873,1.5726354526487685,TRUE,S02,194.47601318359372,0,6,242,0.8333333333333334,high,84.71497251279021,6,245,6
326151.5,4306419.5,CRBU,S05,207.441259534362,M01_Veratrum_tenuipetalum,207.50429202328095,0.06303248891899216,TRUE,S02,135.90463256835938,0,6,242,0.8333333333333334,high,84.68753957657381,7,245,7
316061.5,4308999.5,CRBU,S02,206.39640343039852,S05,207.8138847804074,1.4174813500088703,TRUE,S02,196.22650146484372,0,6,242,0.8333333333333334,high,84.26097885835,8,245,8
329151.5,4321452.5,CRBU,S02,206.25924945926212,S05,207.63953024361405,1.3802807843519247,TRUE,S02,176.41610717773438,0,6,242,0.8333333333333334,high,84.20498598410323,9,245,9
329583.5,4319662.5,CRBU,S02,205.13629912825908,S05,206.54012334586133,1.4038242176022493,TRUE,S02,187.94358825683597,0,6,242,0.8333333333333334,high,83.7465434311954,10,245,10
353187.5,4320722.5,UPTA,S24,79.40228354007323,S22,79.45938589573612,0.05710235566289157,TRUE,S18,147.15274047851562,0,8,112,0.75,high,28.07294656644138,44,2173,45
318994.5,4310845.5,CRBU,S24,40.282764571689334,S22,40.72693208198904,0.4441675102997067,TRUE,S17,157.89093017578125,0,6,20,0.6666666666666666,high,16.44536977155044,81,245,77
353178.5,4323659.5,UPTA,S24,40.12991781885109,S22,40.38728447524979,0.2573666563987018,TRUE,S17,159.60714721679688,0,6,20,0.6666666666666666,high,16.382970346001272,83,245,80
316967.5,4302560.5,CRBU,S24,37.51849337118909,S22,38.03414170619838,0.5156483350092955,TRUE,S17,154.90647888183594,0,6,20,0.6666666666666666,high,15.316860779567723,94,245,90
333142.5,4313065.5,CRBU,S22,36.04207206848,S24,36.35370449440261,0.31163242592261753,TRUE,S17,144.75758361816406,0.27399998903274536,6,20,0.6666666666666666,high,14.71411430673231,103,245,97
323658.5,4317431.5,CRBU,S22,36.275197996934814,S24,36.39489210077644,0.11969410384162416,TRUE,S18,180.7664031982422,0,8,112,0.75,high,12.825219246258635,101,2173,117
347361.5,4319656.5,UPTA,S22,37.25813416770773,S24,37.56200923117564,0.30387506346790616,TRUE,S23,164.0389404296875,0,10,67,0.3,high,11.782056533809834,95,2516,134
332601.5,4313584.5,CRBU,S18,31.010453984814266,S15,32.31259215862208,1.3021381738078155,TRUE,S18,145.1739501953125,0,8,112,0.75,high,10.96385115016778,139,2173,165
349178.5,4311572.5,UPTA,S18,30.409783653802567,S22,30.540349450860457,0.13056579705788707,TRUE,S18,173.53659057617188,0,8,112,0.75,high,10.75148211800981,146,2173,176
323442.5,4320383.5,CRBU,S24,29.1009391321078,S22,29.733983637742703,0.6330445056349028,TRUE,S18,175.10414123535156,0,8,112,0.75,high,10.288735699605194,161,2173,198
347760.5,4320047.5,UPTA,S22,31.292241211700272,S24,31.926612654430553,0.6343714427302807,TRUE,S23,167.88949584960938,0,10,67,0.3,high,9.895475532036006,135,2516,234
350082.5,4323101.5,UPTA,S22,30.708087844786583,S18,31.11179909048769,0.40371124570110695,TRUE,S23,174.52418518066406,0,10,67,0.3,high,9.710750017805676,140,2516,262
347670.5,4319716.5,UPTA,S22,30.619497028994612,S24,31.640746745222906,1.0212497162282936,TRUE,S23,162.60035705566406,0,10,67,0.3,high,9.682735142038172,144,2516,265
333244.5,4312944.5,CRBU,S18,27.114980860073604,S15,28.220144701114815,1.105163841041211,TRUE,S18,140.65701293945312,0,8,112,0.75,high,9.586593418950745,188,2173,280
326136.5,4323446.5,CRBU,M04_Corydalis_caseana,24.46345668945868,S18,24.509642182797805,0.04618549333912725,TRUE,S26,169.3600311279297,0,7,1664,1,high,9.246317515615305,253,509,334
318271.5,4304470.5,CRBU,Amelanchier alnifolia,26.08349828162121,Artemisia tridentata,26.301580363457024,0.21808208183581357,TRUE,S18,152.29159545898438,0,8,112,0.75,high,9.221909256001009,212,2173,338
324769.5,4320587.5,CRBU,S18,25.8031496197262,M04_Corydalis_caseana,26.94763829162299,1.144488671896788,TRUE,S18,179.41830444335938,0,8,112,0.75,high,9.12279103603974,218,2173,355
323169.5,4300872.5,CRBU,S11,23.432875975662267,S22,23.538926000604945,0.10605002494267524,TRUE,S26,171.94808959960938,0,7,1664,1,high,8.856794619231769,287,509,391
320208.5,4312089.5,CRBU,S21,24.29628200213825,S24,24.5380672197824,0.24178521764414995,TRUE,S18,162.2780303955078,0,8,112,0.75,high,8.59003288066631,262,2173,422
317529.5,4305812.5,CRBU,M01_Veratrum_tenuipetalum,26.83305043135282,S18,26.865127231104008,0.03207679975118793,TRUE,S23,163.44850158691406,0,10,67,0.3,high,8.48535559332385,192,2516,431
332028.5,4314512.5,CRBU,S18,23.73774498390657,S15,25.26006903512949,1.5223240512229204,TRUE,S18,153.54534912109375,0,8,112,0.75,high,8.392560224098643,279,2173,445
342517.5,4296494.5,ALMO,S07,25.135902821704462,M04_Corydalis_caseana,26.28919597422065,1.1532931525161845,TRUE,S07,165.8083953857422,0,9,231,0.7777777777777778,high,8.378634273901488,232,2285,448
355046.5,4321626.5,UPTA,S10,21.39354657533549,S18,21.71522264919707,0.3216760738615818,TRUE,S26,170.30491638183594,0,7,1664,1,high,8.086000557145036,374,509,474
334118.5,4317476.5,CRBU,S18,20.96851266586101,M04_Corydalis_caseana,21.197504550472477,0.2289918846114709,TRUE,S26,181.1490020751953,0,7,1664,1,high,7.925352839539462,403,509,485
334262.5,4315599.5,CRBU,M04_Corydalis_caseana,20.950604878386457,S07,21.05508555148692,0.10448067310046484,TRUE,S26,174.40606689453125,0,7,1664,1,high,7.918584332083882,405,509,487
329031.5,4319941.5,CRBU,M04_Corydalis_caseana,20.560145468996556,S18,20.72550433911015,0.16535887011359307,TRUE,S26,190.1949157714844,0,7,1664,1,high,7.771004547182334,448,509,496
339859.5,4282755.5,ALMO,S07,22.663959490087343,S09,23.06708933748772,0.40312984740037905,TRUE,S07,92.29708099365234,0,9,231,0.7777777777777778,high,7.554653163362448,307,2285,510
348613.5,4294383.5,ALMO,S24,31.052593511281323,S07,31.56026963822892,0.5076761269475973,TRUE,S25,152.90219116210938,0,17,403,0.7647058823529411,high,7.5313601762577935,137,2985,513
356520.5,4311164.5,UPTA,S25,31.044072715235018,S07,31.56421810221663,0.5201453869816142,TRUE,S25,145.4022674560547,0,17,403,0.7647058823529411,high,7.5292935796628955,138,2985,514
339499.5,4291008.5,ALMO,S09,22.247297444476125,S07,22.310088587565204,0.06279114308907907,TRUE,S07,100.01534271240234,0,9,231,0.7777777777777778,high,7.415765814825375,320,2285,524
339328.5,4281938.5,ALMO,S07,22.18703779020444,S25,22.49064205268539,0.30360426248094896,TRUE,S07,90.11359405517578,0,9,231,0.7777777777777778,high,7.39567926340148,325,2285,525
360889.5,4313719.5,UPTA,S07,22.17058059871487,S25,22.302806833964127,0.1322262352492558,TRUE,S07,136.84619140625,0,9,231,0.7777777777777778,high,7.390193532904957,328,2285,526
339373.5,4283974.5,ALMO,S25,22.12957728429369,S07,22.305068872981153,0.17549158868746417,TRUE,S07,88.41922760009766,0,9,231,0.7777777777777778,high,7.376525761431229,330,2285,528
326160.5,4322047.5,CRBU,S25,22.129041376891095,S15,22.18733298051168,0.05829160362058516,TRUE,S07,185.5816192626953,0,9,231,0.7777777777777778,high,7.376347125630365,331,2285,529
339877.5,4282434.5,ALMO,S07,22.123602061206395,S09,22.56562977917537,0.4420277179689762,TRUE,S07,88.63626861572266,0,9,231,0.7777777777777778,high,7.374534020402131,334,2285,530
321250.5,4317458.5,CRBU,S24,22.98282869403507,Ribes sp.,23.598561416356112,0.615732722321038,TRUE,S23,172.71353149414062,0,10,67,0.3,high,7.267808574662391,297,2516,536
320733.5,4322314.5,CRBU,S03,19.18329333037226,Sambucus racemosa,19.210979758361525,0.02768642798926635,TRUE,S26,166.0980987548828,0.0989999994635582,7,1664,1,high,7.250603354195574,700,509,537
343427.5,4296119.5,ALMO,S15,21.71913014258349,S07,21.91181031102473,0.19268016844123892,TRUE,S07,160.6642303466797,0,9,231,0.7777777777777778,high,7.23971004752783,351,2285,539
349622.5,4321170.5,UPTA,S22,22.797419792452413,S24,23.03418174997451,0.2367619575220985,TRUE,S23,169.42062377929688,0,10,67,0.3,high,7.209177131915271,301,2516,543
356055.5,4309761.5,UPTA,S15,21.51132561680548,S07,21.587807497260176,0.0764818804546934,TRUE,S07,152.56045532226562,0,9,231,0.7777777777777778,high,7.170441872268493,363,2285,547
320292.5,4323707.5,CRBU,S15,18.818533402087944,S12,18.93928760896512,0.12075420687717651,TRUE,S26,164.92837524414062,0,7,1664,1,high,7.112737060126709,785,509,553
318454.5,4312278.5,CRBU,S19,18.78360059411796,M03_Caltha_leptosepala,19.06635418180756,0.28275358768960146,TRUE,S26,169.28228759765625,1.6759999990463257,7,1664,1,high,7.099533699771602,796,509,555
333031.5,4315413.5,CRBU,M04_Corydalis_caseana,18.364920080068977,S18,18.384164264829337,0.01924418476036038,TRUE,S26,167.93023681640625,0,7,1664,1,high,6.941287339919846,920,509,565
331700.5,4314779.5,CRBU,S18,21.80051802491413,S15,22.700769537407496,0.9002515124933659,TRUE,S23,166.6975860595703,0,10,67,0.3,high,6.893929113028403,347,2516,572
343364.5,4285209.5,ALMO,S25,27.06897520206426,S07,28.126988806529923,1.058013604465664,TRUE,S25,106.15125274658205,0.48500001430511475,17,403,0.7647058823529411,high,6.565190819725653,189,2985,648
360184.5,4307443.5,UPTA,S24,15.203718069731394,S22,15.435061921254238,0.2313438515228441,TRUE,S17,139.2601318359375,0,6,20,0.6666666666666666,high,6.206891910662385,1866,245,723
354136.5,4323173.5,UPTA,Salix wolfii,19.572770408393144,Sambucus racemosa,19.63709670059277,0.06432629219962749,TRUE,S23,170.08175659179688,0,10,67,0.3,high,6.189453461006636,619,2516,732
349373.5,4320467.5,UPTA,S22,19.35628330462712,S23,19.419113592008333,0.06283028738121388,TRUE,S23,167.99649047851562,0,10,67,0.3,high,6.120994227811251,662,2516,757
328952.5,4302983.5,CRBU,S07,24.900503562574013,S25,25.26880192738877,0.36829836481475553,TRUE,S25,121.86627197265624,0,17,403,0.7647058823529411,high,6.039259195268324,238,2985,785
318997.5,4312179.5,CRBU,S25,23.812486952826653,S26,24.451235140963668,0.638748188137015,TRUE,S25,166.8805389404297,0,17,403,0.7647058823529411,high,5.775376406773336,278,2985,869
347826.5,4315905.5,UPTA,M04_Corydalis_caseana,23.555213219945013,S07,23.73821424690787,0.18300102696285592,TRUE,S25,180.19888305664065,0,17,403,0.7647058823529411,high,5.712978361163457,283,2985,899
318496.5,4298233.5,CRBU,S21,13.52924229691642,S17,13.706008509268422,0.17676621235200152,TRUE,S17,137.58859252929688,0.4300000071525574,6,20,0.6666666666666666,high,5.523290038987517,2493,245,981
318373.5,4298164.5,CRBU,M04_Corydalis_caseana,12.3412289746606,M01_Veratrum_tenuipetalum,12.524319055060984,0.183090080400385,TRUE,M04_Corydalis_caseana,142.3238067626953,0,5,7,0.2,high,5.519165382646226,2945,230,986
343700.5,4296836.5,ALMO,S25,22.12684435622978,S19,23.212829232163045,1.085984875933267,TRUE,S25,158.85548400878906,0,17,403,0.7647058823529411,high,5.366548026019846,332,2985,1082
322535.5,4298239.5,CRBU,S25,21.91284573683557,S15,23.171672659843587,1.2588269230080158,TRUE,S25,148.91586303710938,0,17,403,0.7647058823529411,high,5.31464573710816,340,2985,1115
352067.5,4322974.5,UPTA,M04_Corydalis_caseana,21.779751451366035,S19,22.11227034642952,0.3325188950634832,TRUE,S25,181.16778564453125,0,17,403,0.7647058823529411,high,5.282365631393041,348,2985,1133
358010.5,4313626.5,UPTA,S25,21.644787586080707,S26,22.673472911070544,1.0286853249898371,TRUE,S25,126.95256042480467,0,17,403,0.7647058823529411,high,5.249632085968745,354,2985,1153
319553.5,4313272.5,CRBU,S17,12.187978805595858,M03_Caltha_leptosepala,13.592839836782652,1.404861031186794,TRUE,S17,171.98794555664062,0,6,20,0.6666666666666666,high,4.975721511594305,3010,245,1342
326286.5,4306743.5,CRBU,S05,25.93703590732336,S22,26.032351740902833,0.09531583357947326,TRUE,Salix boothii,132.96304321289062,0,30,9,0.36666666666666664,high,4.735433213754159,215,4030,1583
322394.5,4312854.5,CRBU,S24,11.549215430088475,M03_Caltha_leptosepala,12.43833855628048,0.8891231261920058,TRUE,S17,149.61795043945312,0,6,20,0.6666666666666666,high,4.714947455532489,3228,245,1605
333775.5,4310599.5,CRBU,S21,9.358275567899696,S17,10.335824169677185,0.977548601777487,TRUE,M03_Caltha_leptosepala,138.22872924804688,0,5,7,0.2,high,4.185148064399834,3995,230,2280
350472.5,4315467.5,UPTA,M03_Caltha_leptosepala,9.84723874469186,S17,9.902739342097036,0.0555005974051781,TRUE,S17,157.61459350585938,0,6,20,0.6666666666666666,high,4.020118383309969,3842,245,2516
334541.5,4306329.5,CRBU,S04,13.315415386667432,M01_Veratrum_tenuipetalum,13.5504241649114,0.23500877824396935,TRUE,Symphoricarpos rotundifolius,126.9775161743164,0,11,1,0.09090909090909093,high,4.01474879684554,2562,2590,2522
353793.5,4308560.5,UPTA,S17,9.73191167117944,S20,10.158447113983549,0.4265354428041057,TRUE,S17,165.31961059570312,0,6,20,0.6666666666666666,high,3.9730363027043225,3880,245,2587
318979.5,4298809.5,CRBU,S17,8.683629823434696,M03_Caltha_leptosepala,9.02735806302687,0.34372823959217413,TRUE,M03_Caltha_leptosepala,142.09954833984375,0,5,7,0.2,high,3.8834373153288952,4210,230,2696
335370.5,4313365.5,CRBU,S05,19.517812850344185,M04_Corydalis_caseana,19.622443605265627,0.10463075492144114,TRUE,Salix boothii,151.67515563964844,0,30,9,0.36666666666666664,high,3.563448790432571,626,4030,3075
328403.5,4318689.5,CRBU,S24,19.04740515969065,S22,19.811102333960307,0.7636971742696552,TRUE,Salix boothii,153.35755920410156,0,30,9,0.36666666666666664,high,3.4775644893009536,728,4030,3168
317643.5,4308050.5,CRBU,M04_Corydalis_caseana,7.701948518684065,S13,7.774159300798513,0.07221078211444798,TRUE,M04_Corydalis_caseana,171.0392608642578,0.10700000077486038,5,7,0.2,high,3.4444160893962756,4538,230,3204
318574.5,4313056.5,CRBU,M04_Corydalis_caseana,7.511693516823272,S13,8.6039345913611,1.092241074537828,TRUE,M04_Corydalis_caseana,175.60169982910156,0,5,7,0.2,high,3.359331465952259,4585,230,3298
353046.5,4320590.5,UPTA,Lonicera involucrata,17.47292119727803,Ribes sp.,18.002180341570455,0.5292591442924248,TRUE,Salix boothii,143.96107482910156,0,30,9,0.36666666666666664,high,3.190104361753117,1162,4030,3434
321157.5,4312911.5,CRBU,S20,6.636040830616518,M03_Caltha_leptosepala,6.6737704332906285,0.03772960267411029,FALSE,M03_Caltha_leptosepala,142.17160034179688,0,5,7,0.2,high,2.96772767974454,4809,230,3608
334613.5,4309083.5,CRBU,S14,6.602265758137825,M04_Corydalis_caseana,6.6510618643857065,0.04879610624788189,FALSE,M04_Corydalis_caseana,129.72265625,0,5,7,0.2,high,2.952623008143072,4819,230,3622
326880.5,4316659.5,CRBU,M02_Ligusticum_porteri,10.071416042559338,M05_Osmorhiza_occidentalis,10.382959708198348,0.31154366563900915,TRUE,M02_Ligusticum_porteri,142.05653381347656,0,12,2,0.16666666666666666,high,2.907367381646175,3759,2591,3655
352790.5,4320014.5,UPTA,S24,15.493489025977247,S22,15.700918834475107,0.2074298084978583,TRUE,Salix boothii,152.36256408691406,0,30,9,0.36666666666666664,high,2.828711144662161,1769,4030,3709
334193.5,4310491.5,CRBU,M04_Corydalis_caseana,6.233190901115377,S14,6.727293016578475,0.4941021154630976,FALSE,M03_Caltha_leptosepala,145.725341796875,0,5,7,0.2,high,2.7875677143254305,4899,230,3737
343511.5,4295701.5,ALMO,M03_Caltha_leptosepala,5.941053596873205,M04_Corydalis_caseana,7.649011824612599,1.707958227739394,FALSE,M03_Caltha_leptosepala,159.15374755859375,0,5,7,0.2,high,2.656919940115624,4957,230,3815
326355.5,4310149.5,CRBU,S17,5.5392704378504565,M03_Caltha_leptosepala,6.2018878321159265,0.6626173942654701,FALSE,M03_Caltha_leptosepala,136.88507080078125,0,5,7,0.2,high,2.4772370489577287,5006,230,3929
330535.5,4308482.5,CRBU,M04_Corydalis_caseana,5.475963869906497,S14,5.900715280487743,0.424751410581246,FALSE,M04_Corydalis_caseana,141.10635375976562,0,5,7,0.2,high,2.4489254910887484,5013,230,3948
325793.5,4319089.5,CRBU,M04_Corydalis_caseana,5.363697343673926,S14,5.37651947563746,0.01282213196353421,FALSE,M04_Corydalis_caseana,146.2176971435547,0,5,7,0.2,high,2.39871837423799,5029,230,3985
351898.5,4312461.5,UPTA,Salix wolfii,13.043283982851174,Ribes sp.,13.126041646945987,0.08275766409481555,TRUE,Salix boothii,146.1248779296875,0,30,9,0.36666666666666664,high,2.3813669537844713,2684,4030,3997
330463.5,4308794.5,CRBU,M04_Corydalis_caseana,5.22532059867804,S14,5.773406524904489,0.5480859262264488,FALSE,M04_Corydalis_caseana,148.15390014648438,0,5,7,0.2,high,2.3368344125747993,5040,230,4026
320226.5,4300422.5,CRBU,M03_Caltha_leptosepala,5.209158588820766,S17,7.055763986274204,1.8466053974534384,FALSE,M03_Caltha_leptosepala,163.196533203125,0,5,7,0.2,high,2.3296065420360215,5041,230,4033
359013.5,4317527.5,UPTA,S18,11.203495401931276,Lonicera involucrata,11.333303798582516,0.12980839665123867,TRUE,Salix boothii,156.9465789794922,0,30,9,0.36666666666666664,high,2.045469051514389,3372,4030,4182
319109.5,4303815.5,CRBU,S17,10.323949804960886,S20,10.412941534432418,0.08899172947153211,TRUE,Salix boothii,161.98031616210938,0.9419999718666076,30,9,0.36666666666666664,high,1.8848867302427126,3681,4030,4266
352688.5,4308959.5,UPTA,Salix wolfii,7.2098072366741,S20,7.402166518390964,0.19235928171686376,TRUE,Salix boothii,163.6219940185547,0.4020000100135803,30,9,0.36666666666666664,high,1.3163246862634643,4673,4030,4659
325109.5,4316467.5,CRBU,M02_Ligusticum_porteri,4.423018591945753,S13,4.9610233198709155,0.5380047279251627,FALSE,M02_Ligusticum_porteri,148.18544006347656,0,12,2,0.16666666666666666,high,1.2768154873453,5061,2591,4689
323547.5,4315023.5,CRBU,S22,93.27903882214366,S24,93.58168814840828,0.30264932626461416,TRUE,S16,150.72494506835938,0,13,67,0.6923076923076923,medium,25.870950569171928,40,2728,48
323358.5,4315842.5,CRBU,S22,58.522910887885615,S24,58.967474539449626,0.44456365156401034,TRUE,S21,168.26148986816406,0,10,5,0.7,medium,18.506569370878548,54,2516,68
347133.5,4277836.5,ALMO,S24,59.19997636175454,Ribes sp.,59.5389026874879,0.338926325733361,TRUE,S16,140.39804077148438,0,13,67,0.6923076923076923,medium,16.419119252197085,52,2728,78
326790.5,4318290.5,CRBU,S24,58.55877949817982,S22,59.044720156330925,0.4859406581511081,TRUE,S16,147.82138061523438,0,13,67,0.6923076923076923,medium,16.241283239175136,53,2728,82
322016.5,4324782.5,CRBU,S22,50.931773745910455,S24,51.007503084500016,0.07572933858956077,TRUE,S21,177.1390380859375,0,10,5,0.7,medium,16.1060410309443,60,2516,84
323436.5,4315839.5,CRBU,S22,67.12383990950919,S24,67.6378406103989,0.5140007008897101,TRUE,S24,164.2001495361328,0,19,49,0.5789473684210527,medium,15.399264993050151,47,3574,88
347661.5,4314101.5,UPTA,S22,54.206274617366134,S24,54.67108868234954,0.4648140649834076,TRUE,S16,160.98435974121094,0,13,67,0.6923076923076923,medium,15.034115583445827,55,2728,91
319325.5,4308401.5,CRBU,S24,44.03293726680937,S22,44.56917718395069,0.536239917141323,TRUE,S16,164.68247985839844,0,13,67,0.6923076923076923,medium,12.212539471136182,69,2728,124
322226.5,4307179.5,CRBU,S24,41.309641426304815,S22,41.82442615806822,0.514784731763406,TRUE,S16,165.2478790283203,0,13,67,0.6923076923076923,medium,11.457233102582569,77,2728,142
351949.5,4316578.5,UPTA,S24,39.86574077917953,S22,40.34490849516733,0.4791677159877992,TRUE,S16,158.701171875,0,13,67,0.6923076923076923,medium,11.056767116437504,85,2728,162
318997.5,4309887.5,CRBU,S22,44.41021275758439,S24,44.66795888837818,0.25774613079379094,TRUE,S24,163.32391357421875,0,19,49,0.5789473684210527,medium,10.188401551129006,68,3574,206
352244.5,4310986.5,UPTA,S24,36.11052306677441,S22,36.61358289054338,0.5030598237689645,TRUE,S16,166.493408203125,0,13,67,0.6923076923076923,medium,10.015257115467715,102,2728,221
318019.5,4309107.5,CRBU,S24,43.61691233084983,S22,43.6185778349943,0.0016655041444693,TRUE,S24,181.2275390625,0,19,49,0.5789473684210527,medium,10.006405951549867,71,3574,224
323337.5,4315197.5,CRBU,S22,39.48131309125114,S24,40.005957446055675,0.5246443548045363,TRUE,S22,153.93614196777344,0,16,26,0.75,medium,9.870328272812785,88,2959,240
323715.5,4315209.5,CRBU,S22,39.18733573817467,S24,39.77561810042043,0.5882823622457636,TRUE,S22,154.0977325439453,0,16,26,0.75,medium,9.796833934543667,90,2959,250
323313.5,4315713.5,CRBU,S22,42.628719236692206,S24,43.05747354136035,0.42875430466814635,TRUE,S24,164.95335388183594,0,19,49,0.5789473684210527,medium,9.779698907647875,74,3574,254
323574.5,4315077.5,CRBU,S22,38.71401630746271,S24,39.15339837019191,0.4393820627292015,TRUE,S22,154.7357940673828,0,16,26,0.75,medium,9.678504076865677,91,2959,266
348964.5,4318425.5,UPTA,S24,34.8598763847873,S22,35.66660113825998,0.8067247534726789,TRUE,S16,163.96051025390625,0,13,67,0.6923076923076923,medium,9.668390135514374,109,2728,270
321256.5,4309731.5,CRBU,S22,39.33375835670941,S24,39.350182570193134,0.0164242134837238,TRUE,M01_Veratrum_tenuipetalum,151.26214599609375,0,17,50,0.4705882352941176,medium,9.539837668072602,89,2985,288
319784.5,4310830.5,CRBU,S24,33.40534355363294,S22,34.14070220304646,0.73535864941352,TRUE,S16,149.429443359375,0,13,67,0.6923076923076923,medium,9.264975312085692,116,2728,330
347403.5,4319461.5,UPTA,S22,39.79921021785909,S24,40.04785402951534,0.24864381165625815,TRUE,S24,172.68099975585938,0,19,49,0.5789473684210527,medium,9.130565019598903,86,3574,352
322274.5,4314209.5,CRBU,S22,35.57337210431173,S24,35.76281335968351,0.1894412553717828,TRUE,M01_Veratrum_tenuipetalum,138.2622833251953,0,17,50,0.4705882352941176,medium,8.627810037969297,107,2985,418
322184.5,4324605.5,CRBU,S22,26.33178236364528,S24,26.596549804917164,0.2647674412718857,TRUE,S21,168.20736694335938,0,10,5,0.7,medium,8.32684071209712,205,2516,458
329001.5,4313821.5,CRBU,S22,33.14624060424759,S24,33.55418382268814,0.4079432184405505,TRUE,M01_Veratrum_tenuipetalum,134.3339385986328,0,17,50,0.4705882352941176,medium,8.039144182555868,120,2985,477
324886.5,4318215.5,CRBU,S24,34.176542608079785,S22,34.62445478204803,0.44791217396824834,TRUE,S24,153.27169799804688,0,19,49,0.5789473684210527,medium,7.840636603591146,112,3574,491
321520.5,4316362.5,CRBU,S22,31.91802982298796,S24,32.028685690564295,0.11065586757633385,TRUE,M01_Veratrum_tenuipetalum,144.83782958984375,0,17,50,0.4705882352941176,medium,7.741259313046702,128,2985,499
326754.5,4321761.5,CRBU,S22,31.087068802109457,S24,31.60021467497162,0.5131458728621645,TRUE,M01_Veratrum_tenuipetalum,157.6440887451172,0,17,50,0.4705882352941176,medium,7.5397216624671035,136,2985,511
323574.5,4314989.5,CRBU,S22,32.57843390387449,S24,33.10479571527167,0.5263618113971802,TRUE,S24,144.818115234375,0,19,49,0.5789473684210527,medium,7.474005322410956,125,3574,521
323808.5,4319953.5,CRBU,S22,31.975575431355946,S24,32.21779364337553,0.24221821201958704,TRUE,S24,155.6970672607422,0,19,49,0.5789473684210527,medium,7.335700103518028,127,3574,533
321376.5,4316017.5,CRBU,S24,29.64341208854736,S22,29.9339253309837,0.29051324243634014,TRUE,M01_Veratrum_tenuipetalum,156.99490356445312,0,17,50,0.4705882352941176,medium,7.189583479105423,152,2985,545
321676.5,4314323.5,CRBU,S22,29.36606051540699,S24,29.44332182976595,0.07726131435896022,TRUE,M01_Veratrum_tenuipetalum,141.69964599609375,0,17,50,0.4705882352941176,medium,7.122315841959012,155,2985,551
322124.5,4312935.5,CRBU,S24,29.28652982381008,S22,29.599437519125587,0.31290769531550566,TRUE,M01_Veratrum_tenuipetalum,147.79232788085938,0,17,50,0.4705882352941176,medium,7.103026815962985,158,2985,554
326613.5,4299122.5,CRBU,S24,28.38200385013409,S22,28.414438030542435,0.03243418040834456,TRUE,S22,145.07818603515625,0,16,26,0.75,medium,7.095500962533523,167,2959,556
317805.5,4309548.5,CRBU,S22,29.18858802391251,S24,29.33613639077184,0.14754836685932915,TRUE,S24,178.6090545654297,0.3580000102519989,19,49,0.5789473684210527,medium,6.696321342151378,159,3574,616
321865.5,4318458.5,CRBU,S24,29.163173953247945,S22,29.4781360412566,0.3149620880086559,TRUE,S24,168.81060791015625,0,19,49,0.5789473684210527,medium,6.690490954479229,160,3574,618
349370.5,4320827.5,UPTA,S22,26.092794068485738,S23,26.88350268353664,0.7907086150509066,TRUE,S22,157.3172607421875,0,16,26,0.75,medium,6.523198517121434,211,2959,665
321199.5,4303794.5,CRBU,S24,26.510043563174783,S21,26.515708130261885,0.00566456708710205,TRUE,M01_Veratrum_tenuipetalum,149.12258911132812,0,17,50,0.4705882352941176,medium,6.429629985335011,199,2985,683
325991.5,4313845.5,CRBU,S18,25.566026404268673,S10,26.34788844442067,0.7818620401519958,TRUE,S10,159.9121551513672,0,18,126,0.8888888888888888,medium,6.025970212817569,226,3445,788
330982.5,4309296.5,CRBU,S24,24.337503022890676,S22,24.58064154904717,0.24313852615649267,TRUE,M01_Veratrum_tenuipetalum,129.48980712890625,0.31700000166893005,17,50,0.4705882352941176,medium,5.902711507480433,258,2985,821
349280.5,4283179.5,ALMO,S08,20.12403817883813,S02,20.52147440773134,0.3974362288932092,TRUE,S08,100.0192413330078,0,12,135,0.9166666666666666,medium,5.809309429867251,501,2591,858
351169.5,4280602.5,ALMO,S08,19.93466053478091,S25,20.105638396607088,0.1709778618261737,TRUE,S08,104.9296417236328,0,12,135,0.9166666666666666,medium,5.754640812979784,530,2591,878
339319.5,4282905.5,ALMO,S07,19.69318717403253,S08,19.937758312572555,0.24457113854002444,TRUE,S08,81.47822570800781,0,12,135,0.9166666666666666,medium,5.684933458064684,580,2591,904
351148.5,4280587.5,ALMO,S08,19.670553130870974,S09,19.833473994576035,0.16292086370505743,TRUE,S08,103.82276153564452,0,12,135,0.9166666666666666,medium,5.678399572608597,585,2591,909
326025.5,4313908.5,CRBU,S18,24.02418284163596,S15,24.893254118879874,0.8690712772439149,TRUE,S10,159.24594116210938,0,18,126,0.8888888888888888,medium,5.662554199928763,271,3445,918
340589.5,4285722.5,ALMO,S09,19.540535639625897,S15,19.69707161525617,0.15653597563027333,TRUE,S08,99.6721649169922,0,12,135,0.9166666666666666,medium,5.640866755823744,623,2591,929
349481.5,4286299.5,ALMO,S08,19.47189405216587,S15,19.649419339508277,0.1775252873424087,TRUE,S08,116.940185546875,0,12,135,0.9166666666666666,medium,5.6210516363249186,635,2591,939
354235.5,4322428.5,UPTA,S22,22.425239741268197,Salix wolfii,23.050816041711045,0.6255763004428481,TRUE,S22,161.26661682128906,0,16,26,0.75,medium,5.606309935317049,311,2959,942
343448.5,4286938.5,ALMO,S25,19.228294509590857,S08,19.243858896869614,0.01556438727876141,TRUE,S08,91.74771881103516,0,12,135,0.9166666666666666,medium,5.550730505584842,684,2591,967
347919.5,4285215.5,ALMO,S25,19.22591955283431,S15,19.643917060762966,0.4179975079286571,TRUE,S08,104.49952697753906,0,12,135,0.9166666666666666,medium,5.55004491462349,686,2591,968
340088.5,4279875.5,ALMO,S08,19.204179225073496,S25,19.252124488964085,0.04794526389058973,TRUE,S08,81.70724487304686,0,12,135,0.9166666666666666,medium,5.543769022581001,692,2591,970
339253.5,4286356.5,ALMO,S25,19.174426599063725,S08,19.426727630315405,0.2523010312516796,TRUE,S08,95.2247543334961,0.640999972820282,12,135,0.9166666666666666,medium,5.535180179263081,703,2591,976
323322.5,4317410.5,CRBU,S18,22.762251103778553,S10,22.78484254661863,0.0225914428400813,TRUE,S10,176.96554565429688,0,18,126,0.8888888888888888,medium,5.3651140368509305,304,3445,1083
362238.5,4310533.5,UPTA,Artemisia tridentata,19.69744422121297,Lonicera involucrata,19.885643791325585,0.1881995701126158,TRUE,Artemisia tridentata,123.5045166015625,0,14,9,1,medium,5.264363405062085,578,2795,1139
353622.5,4321413.5,UPTA,S22,20.89831145971676,S23,21.938627522313407,1.040316062596645,TRUE,S22,157.4712371826172,0,16,26,0.75,medium,5.22457786492919,408,2959,1174
330484.5,4317518.5,CRBU,S18,21.852316853733537,S15,22.364750586540666,0.512433732807132,TRUE,S10,163.2697296142578,0,18,126,0.8888888888888888,medium,5.150640477304022,345,3445,1217
354904.5,4319188.5,UPTA,M04_Corydalis_caseana,20.47003932216285,S13,20.572729423162244,0.1026901009993928,TRUE,S22,155.28688049316406,0,16,26,0.75,medium,5.117509830540713,461,2959,1231
322994.5,4318434.5,CRBU,S10,21.6756870409874,S18,22.385534090042505,0.7098470490551065,TRUE,S10,165.28713989257812,0,18,126,0.8888888888888888,medium,5.1090084311865205,353,3445,1238
346352.5,4314959.5,UPTA,S15,21.60916067015808,M04_Corydalis_caseana,21.64384130324951,0.03468063309142977,TRUE,S10,172.11724853515625,0,18,126,0.8888888888888888,medium,5.09332801520614,358,3445,1248
343052.5,4284431.5,ALMO,S09,18.948585767065065,S25,18.96477749454415,0.01619172747908592,TRUE,S03,102.23117065429688,0,14,155,0.7857142857142857,medium,5.064222564589898,754,2795,1264
356922.5,4308839.5,UPTA,Artemisia tridentata,18.880273682814973,S09,19.181882754654644,0.3016090718396711,TRUE,Artemisia tridentata,161.51339721679688,0,14,9,1,medium,5.045965392115592,771,2795,1276
343532.5,4287563.5,ALMO,S25,18.844295383273305,S09,19.045628282197253,0.20133289892394757,TRUE,S03,80.4530029296875,0,14,155,0.7857142857142857,medium,5.036349787098189,782,2795,1281
347868.5,4318209.5,UPTA,S15,21.206655792833892,M04_Corydalis_caseana,21.42518739697829,0.21853160414439896,TRUE,S10,167.14883422851562,0,18,126,0.8888888888888888,medium,4.998456705800609,385,3445,1322
348610.5,4313521.5,UPTA,M04_Corydalis_caseana,21.11627398265506,S19,21.18677891724745,0.07050493459239249,TRUE,S10,155.155517578125,0,18,126,0.8888888888888888,medium,4.97715350884282,390,3445,1341
332766.5,4314821.5,CRBU,S18,21.023176637121978,S10,21.904993861246112,0.8818172241241378,TRUE,S10,172.38177490234375,0,18,126,0.8888888888888888,medium,4.95521025406385,400,3445,1365
350325.5,4315821.5,UPTA,S15,21.005929578087525,S18,21.07227095930504,0.06634138121751576,TRUE,S10,176.37545776367188,0,18,126,0.8888888888888888,medium,4.9511450832642545,402,3445,1371
327208.5,4322068.5,CRBU,S18,24.749228082250443,S15,25.361864916123046,0.6126368338726031,TRUE,S15,162.06454467773438,0,25,272,0.48,medium,4.949845616450089,244,3665,1374
330835.5,4315545.5,CRBU,S18,18.268707696750617,S01,18.70767354837161,0.438965851620992,TRUE,Artemisia tridentata,144.6048583984375,0,14,9,1,medium,4.882517507168636,949,2795,1432
343019.5,4281758.5,ALMO,S25,18.16274748561713,S04,18.488637654242325,0.3258901686251967,TRUE,S03,117.20333099365234,4.918000221252441,14,155,0.7857142857142857,medium,4.8541984495477974,973,2795,1463
342811.5,4287455.5,ALMO,S25,17.9455606739618,S03,18.04540777915409,0.09984710519228555,TRUE,S03,103.93582153320312,0,14,155,0.7857142857142857,medium,4.7961528325377945,1032,2795,1522
331886.5,4314545.5,CRBU,S18,23.87649621953539,S15,24.930006009530157,1.0535097899947663,TRUE,S15,165.2013397216797,0,25,272,0.48,medium,4.775299243907078,275,3665,1539
346217.5,4285374.5,ALMO,S25,17.576579467793096,S07,18.440206600061877,0.8636271322687818,TRUE,S03,100.70946502685548,0,14,155,0.7857142857142857,medium,4.697538457134802,1133,2795,1624
343436.5,4283905.5,ALMO,S09,17.532639520091006,S25,17.741499607869336,0.20886008777833,TRUE,S03,110.30354309082033,0,14,155,0.7857142857142857,medium,4.685795012142375,1142,2795,1633
323103.5,4316452.5,CRBU,S18,23.380580304622647,S15,24.31582421535512,0.9352439107324706,TRUE,S15,176.4685821533203,0,25,272,0.48,medium,4.67611606092453,289,3665,1647
341040.5,4287050.5,ALMO,S03,17.34910114499297,S25,17.91592296697336,0.5668218219803869,TRUE,S03,106.85360717773438,0,14,155,0.7857142857142857,medium,4.636742318075085,1203,2795,1680
331529.5,4314656.5,CRBU,S18,23.174713457153302,S15,23.953625198054915,0.7789117409016129,TRUE,S15,162.38665771484375,0,25,272,0.48,medium,4.634942691430661,291,3665,1683
348319.5,4282311.5,ALMO,S25,17.336072861400467,S09,17.89934935914031,0.5632764977398423,TRUE,S03,91.5319595336914,0,14,155,0.7857142857142857,medium,4.633260362822165,1205,2795,1687
339526.5,4283686.5,ALMO,S25,17.279332737153304,S03,18.091585217969044,0.8122524808157401,TRUE,S03,100.42642211914062,0,14,155,0.7857142857142857,medium,4.618095926749604,1227,2795,1707
338973.5,4292113.5,ALMO,S25,17.255808998505653,S03,17.530159589475776,0.2743505909701227,TRUE,S03,98.5771942138672,0,14,155,0.7857142857142857,medium,4.611808943144209,1233,2795,1712
329850.5,4316248.5,CRBU,S25,22.789630373304107,S15,22.80250319815432,0.01287282485021279,TRUE,S15,149.43661499023438,0,25,272,0.48,medium,4.557926074660822,302,3665,1789
323700.5,4324035.5,CRBU,S18,22.692906460360028,S15,22.953807751282607,0.26090129092257897,TRUE,S15,182.24012756347656,0,25,272,0.48,medium,4.5385812920720054,306,3665,1811
329418.5,4308125.5,CRBU,Artemisia tridentata,16.798557128636052,Amelanchier alnifolia,17.130527196980417,0.33197006834436493,TRUE,Artemisia tridentata,121.5186767578125,0,14,9,1,medium,4.489603240536081,1363,2795,1870
324391.5,4322707.5,CRBU,S15,22.237176759737626,S18,22.48012667857017,0.2429499188325437,TRUE,S15,157.26235961914062,0,25,272,0.48,medium,4.447435351947525,321,3665,1926
320298.5,4320203.5,CRBU,M04_Corydalis_caseana,22.22943612871203,S18,22.318470898666583,0.08903476995455151,TRUE,S15,184.5037841796875,0,25,272,0.48,medium,4.445887225742406,322,3665,1929
356991.5,4319857.5,UPTA,S18,22.125019429602713,S02,22.23691209030448,0.11189266070176627,TRUE,S15,173.94479370117188,0,25,272,0.48,medium,4.4250038859205425,333,3665,1958
332436.5,4313503.5,CRBU,S18,22.055135505754443,S15,22.892080212578843,0.8369447068244007,TRUE,S15,141.13099670410156,0,25,272,0.48,medium,4.411027101150888,335,3665,1970
341319.5,4289278.5,ALMO,S25,16.140137018140127,S03,16.98555113365272,0.8454141155125932,TRUE,Artemisia tridentata,97.86742401123048,0.28700000047683716,14,9,1,medium,4.313633064104825,1555,2795,2091
321385.5,4315539.5,CRBU,S22,16.45971366334485,S24,16.70446631405311,0.2447526507082607,TRUE,S22,148.5138702392578,0,16,26,0.75,medium,4.1149284158362125,1455,2959,2394
353643.5,4321416.5,UPTA,S22,16.16978939912977,S24,16.792308544192483,0.6225191450627143,TRUE,S22,157.4712371826172,0,16,26,0.75,medium,4.042447349782442,1547,2959,2488
342076.5,4281857.5,ALMO,S25,14.30922255585206,S09,14.768987850123809,0.4597652942717474,TRUE,Artemisia tridentata,109.11955261230467,0.3880000114440918,14,9,1,medium,3.824300591078297,2200,2795,2768
347217.5,4281068.5,ALMO,Lonicera involucrata,14.169233835564151,Sambucus racemosa,14.5394061665261,0.3701723309619496,TRUE,S04,119.2509994506836,0,17,7,0.7647058823529411,medium,3.436543984594509,2257,2985,3215
340250.5,4290095.5,ALMO,S20,10.84184655240178,S05,10.960136960958364,0.11829040855658413,TRUE,S01,100.89129638671876,0,10,2,1,medium,3.4284929147633707,3514,2516,3223
358586.5,4313239.5,UPTA,S25,13.93497677247128,M04_Corydalis_caseana,14.45527252552655,0.5202957530552688,TRUE,S04,124.15039825439452,0,17,7,0.7647058823529411,medium,3.379728301378104,2343,2985,3268
341919.5,4290518.5,ALMO,S25,12.38144812675996,S05,12.88575066278443,0.5043025360244684,TRUE,Artemisia tridentata,97.03914642333984,0,14,9,1,medium,3.3090812030321275,2931,2795,3338
341658.5,4291737.5,ALMO,S04,12.28829858182498,S06,12.52150484385675,0.23320626203177144,TRUE,Artemisia tridentata,101.97604370117188,0,14,9,1,medium,3.2841859399692277,2968,2795,3364
335439.5,4305473.5,CRBU,S04,11.86312187152338,S26,12.308495585421394,0.4453737138980127,TRUE,S04,121.77654266357422,0,17,7,0.7647058823529411,medium,2.877229677992115,3120,2985,3682
323571.5,4310314.5,CRBU,S22,11.672954277805944,S24,11.930612859084912,0.2576585812789691,TRUE,S04,130.10671997070312,0,17,7,0.7647058823529411,medium,2.8311072617882016,3191,2985,3703
347760.5,4284524.5,ALMO,S04,8.8631115486643,S06,9.567153716005649,0.7040421673413491,TRUE,S01,100.03748321533205,0,10,2,1,medium,2.8027619649921482,4161,2516,3725
328760.5,4318575.5,CRBU,Ribes sp.,12.135039308565291,Lonicera involucrata,12.1646692590552,0.02962995048990713,TRUE,Sambucus racemosa,166.1787567138672,0,19,8,0.5263157894736842,medium,2.7839689485226207,3032,3574,3739
324571.5,4314626.5,CRBU,M02_Ligusticum_porteri,11.866642027619244,M04_Corydalis_caseana,11.976151293363383,0.10950926574414056,TRUE,Sambucus racemosa,164.78115844726562,0,19,8,0.5263157894736842,medium,2.72239438934552,3118,3574,3779
327070.5,4319584.5,CRBU,Sambucus racemosa,11.657294850931372,Lonicera involucrata,12.142781453699714,0.48548660276834177,TRUE,Sambucus racemosa,146.53855895996094,0,19,8,0.5263157894736842,medium,2.674366853171941,3196,3574,3808
349019.5,4318284.5,UPTA,Salix planifolia,13.843295256605126,Betula glandulosa,14.169631819225014,0.32633656261988797,TRUE,Salix planifolia,159.3384246826172,0,28,3,0.5714285714285714,medium,2.6161368981869457,2390,4027,3852
349808.5,4282575.5,ALMO,S25,10.565673199408222,S04,10.647251931774946,0.08157873236672408,TRUE,S04,113.64852905273438,0,17,7,0.7647058823529411,medium,2.562552153348105,3608,2985,3881
330871.5,4303941.5,CRBU,S04,9.41917967816424,S25,9.61514736443262,0.19596768626838035,TRUE,Artemisia tridentata,115.47332000732422,0,14,9,1,medium,2.5173816585824444,3968,2795,3897
322022.5,4324929.5,CRBU,Sambucus racemosa,10.131339473480278,Salix planifolia,10.655813433956116,0.5244739604758379,TRUE,Ribes sp.,179.60302734375,0,18,3,0.6111111111111112,medium,2.387979614733617,3736,3445,3993
320817.5,4324968.5,CRBU,M04_Corydalis_caseana,10.175435479913554,M01_Veratrum_tenuipetalum,10.432675205984742,0.2572397260711874,TRUE,Sambucus racemosa,160.98207092285156,0,19,8,0.5263157894736842,medium,2.33440499807692,3721,3574,4030
331859.5,4310251.5,CRBU,S04,9.21942075172201,S26,9.95477389567572,0.7353531439537111,TRUE,S04,122.38919830322266,0,17,7,0.7647058823529411,medium,2.2360379744918366,4033,2985,4084
329247.5,4307359.5,CRBU,M01_Veratrum_tenuipetalum,11.393290146934689,S17,11.764977492445256,0.37168734551056737,TRUE,S14,113.02117919921876,0,26,80,0.4230769230769231,medium,2.234408030124784,3307,3937,4086
318364.5,4298164.5,CRBU,M04_Corydalis_caseana,10.8613599795628,S14,11.044374686109109,0.18301470654630592,TRUE,S14,142.3238067626953,0,26,80,0.4230769230769231,medium,2.1300879415364022,3508,3937,4138
335517.5,4305446.5,CRBU,S04,8.771970462945902,S26,9.662365461378892,0.8903949984329902,TRUE,S04,120.98090362548828,0,17,7,0.7647058823529411,medium,2.1275153390308352,4181,2985,4140
319424.5,4301380.5,CRBU,Sambucus racemosa,9.165527033500446,S24,9.22792313061626,0.06239609711581551,TRUE,Sambucus racemosa,169.444091796875,0,19,8,0.5263157894736842,medium,2.1027161107009777,4050,3574,4150
334088.5,4309629.5,CRBU,M01_Veratrum_tenuipetalum,10.505005467521654,M04_Corydalis_caseana,10.555849237226669,0.05084376970501481,TRUE,S14,132.296875,0,26,80,0.4230769230769231,medium,2.060201071895839,3628,3937,4171
318520.5,4304740.5,CRBU,Sambucus racemosa,8.732867510676373,Lonicera involucrata,9.027383808422549,0.29451629774617594,TRUE,Sambucus racemosa,149.81431579589844,0,19,8,0.5263157894736842,medium,2.0034572087562057,4195,3574,4203
322946.5,4316881.5,CRBU,S13,11.42805872242432,S11,11.435403368456678,0.00734464603235807,TRUE,S11,171.5923309326172,0,35,15,0.5714285714285714,medium,1.9316944905088498,3287,4473,4238
346463.5,4317320.5,UPTA,S11,10.708634630062488,S13,10.820806389877912,0.11217175981542482,TRUE,S11,171.8149871826172,0,35,15,0.5714285714285714,medium,1.810089623986089,3564,4473,4300
318625.5,4311926.5,CRBU,Alnus incana,12.840929810438489,S17,14.629415816815955,1.7884860063774664,TRUE,Salix other,163.09226989746094,4.973999977111816,53,27,0.5849056603773585,medium,1.7638373603873634,2764,5038,4318
323325.5,4318326.5,CRBU,M04_Corydalis_caseana,10.416457995833186,S11,10.524304646584849,0.10784665075166266,TRUE,S11,181.37217712402344,0,35,15,0.5714285714285714,medium,1.7607027588758588,3657,4473,4320
334301.5,4318011.5,CRBU,S11,10.37626774289259,S13,10.79020005329208,0.4139323103994901,TRUE,S11,177.52371215820312,0,35,15,0.5714285714285714,medium,1.7539093662215868,3665,4473,4324
321922.5,4316569.5,CRBU,M04_Corydalis_caseana,7.409174045355873,S13,7.435133928653488,0.02595988329761489,TRUE,Ribes sp.,162.12074279785156,0,18,3,0.6111111111111112,medium,1.7463590701541676,4618,3445,4329
322145.5,4312401.5,CRBU,Sambucus racemosa,7.401077973058199,Ribes sp.,7.5070474908459,0.1059695177877007,TRUE,Ribes sp.,141.60623168945312,0,18,3,0.6111111111111112,medium,1.7444508076132803,4619,3445,4332
329439.5,4309080.5,CRBU,M01_Veratrum_tenuipetalum,8.756183742759301,S21,9.130771175911416,0.374587433152115,TRUE,S14,133.49334716796875,0,26,80,0.4230769230769231,medium,1.7172289141897532,4186,3937,4354
323112.5,4316932.5,CRBU,S21,5.37017552220475,M04_Corydalis_caseana,6.304430125997292,0.9342546037925414,FALSE,S21,171.3255157470703,0,10,5,0.7,medium,1.6981986085051142,5027,2516,4366
322028.5,4324995.5,CRBU,S11,10.018114685627111,Sambucus racemosa,10.126667987678683,0.10855330205157364,TRUE,S11,178.84019470214844,0,35,15,0.5714285714285714,medium,1.6933704501831977,3779,4473,4368
323019.5,4316608.5,CRBU,S13,9.829817161588762,M04_Corydalis_caseana,10.08255388128549,0.2527367196967276,TRUE,S11,170.5873260498047,0.09000000357627869,35,15,0.5714285714285714,medium,1.6615423594640264,3847,4473,4382
321961.5,4315218.5,CRBU,M03_Caltha_leptosepala,7.028981717922438,S14,7.202889638194677,0.17390792027223956,TRUE,Sambucus racemosa,153.5969696044922,0,19,8,0.5263157894736842,medium,1.6125589991799378,4719,3574,4402
329175.5,4311113.5,CRBU,S14,8.115065010157018,M04_Corydalis_caseana,8.124661264796512,0.00959625463949365,TRUE,S14,140.02931213378906,0,26,80,0.4230769230769231,medium,1.5914951861871025,4406,3937,4418
322076.5,4312746.5,CRBU,M02_Ligusticum_porteri,6.935529488196028,M05_Osmorhiza_occidentalis,7.076522078440085,0.14099259024405697,TRUE,Sambucus racemosa,140.24237060546875,0,19,8,0.5263157894736842,medium,1.5911195873154134,4751,3574,4419
324988.5,4323614.5,CRBU,S11,9.355354518432913,S13,9.515876012924352,0.16052149449144082,TRUE,S11,162.91050720214844,0,35,15,0.5714285714285714,medium,1.5813435351494456,3997,4473,4426
331700.5,4312062.5,CRBU,S17,8.035148405129654,S14,8.407247822172993,0.372099417043339,TRUE,S14,134.42001342773438,0,26,80,0.4230769230769231,medium,1.5758222504757713,4428,3937,4430
351397.5,4322296.5,UPTA,Salix planifolia,8.325440383206674,Salix boothii,8.658592139141625,0.33315175593495105,TRUE,Salix planifolia,155.78726196289062,0.6460000276565552,28,3,0.5714285714285714,medium,1.5733603435042245,4329,4027,4431
318025.5,4303509.5,CRBU,S14,7.959031286651181,M04_Corydalis_caseana,7.994674533695383,0.03564324704420141,TRUE,S14,148.89256286621094,0,26,80,0.4230769230769231,medium,1.560894455381918,4452,3937,4445
329850.5,4308125.5,CRBU,S14,7.929792595759463,M04_Corydalis_caseana,8.119877238627323,0.19008464286786,TRUE,S14,134.08990478515625,0,26,80,0.4230769230769231,medium,1.5551602763277341,4465,3937,4451
323442.5,4306824.5,CRBU,S12,10.302155240643865,S11,10.318909233670237,0.01675399302637004,TRUE,S13,149.8315887451172,0,44,136,0.5454545454545454,medium,1.5531083393276928,3688,4650,4453
333979.5,4311248.5,CRBU,M04_Corydalis_caseana,7.907873754845712,S14,7.967286806801396,0.05941305195568347,TRUE,S14,140.0157012939453,0,26,80,0.4230769230769231,medium,1.5508616379610205,4472,3937,4457
321262.5,4306755.5,CRBU,S11,9.09510962349234,S18,9.532531859670746,0.4374222361784046,TRUE,S11,182.23910522460935,0,35,15,0.5714285714285714,medium,1.5373541191033655,4072,4473,4465
322013.5,4324974.5,CRBU,S11,8.87579890972121,Sambucus racemosa,9.028103856181966,0.152304946460756,TRUE,S11,179.97702026367188,0,35,15,0.5714285714285714,medium,1.5002838425331217,4155,4473,4486
346520.5,4318017.5,UPTA,S11,8.842681573858956,S13,8.867703016384997,0.02502144252604132,TRUE,S11,172.1480712890625,0,35,15,0.5714285714285714,medium,1.4946859910712704,4168,4473,4488
329268.5,4308611.5,CRBU,S14,7.525314875383312,M04_Corydalis_caseana,7.560923074626926,0.03560819924361436,TRUE,S14,134.16221618652344,0,26,80,0.4230769230769231,medium,1.4758356690580603,4582,3937,4508
328355.5,4319512.5,CRBU,S18,10.484040204988355,S13,10.723718919833788,0.2396787148454305,TRUE,Salix other,170.4482879638672,0,53,27,0.5849056603773585,medium,1.4400936750179298,3634,5038,4539
352796.5,4319812.5,UPTA,S20,7.38973893742148,Salix planifolia,7.476215056473369,0.08647611905188857,TRUE,Salix planifolia,151.79734802246094,0,28,3,0.5714285714285714,medium,1.3965293915791381,4624,4027,4574
323889.5,4320233.5,CRBU,S21,4.3269686135841345,S14,6.49226140528343,2.165292791699295,FALSE,S21,171.8240966796875,0,10,5,0.7,medium,1.3683076182986853,5063,2516,4606
326145.5,4321452.5,CRBU,S13,8.858315408081427,S12,8.984778052494159,0.12646264441273125,TRUE,S13,162.82086181640625,0,44,136,0.5454545454545454,medium,1.335441294692276,4163,4650,4641
322700.5,4314656.5,CRBU,Salix other,9.628305018834425,Salix boothii,9.809096533793417,0.18079151495899023,TRUE,Salix other,157.90687561035156,2.0920000076293945,53,27,0.5849056603773585,medium,1.3225494072570896,3913,5038,4652
316817.5,4301539.5,CRBU,M04_Corydalis_caseana,8.74475026987114,M05_Osmorhiza_occidentalis,9.147171891093953,0.4024216212228122,TRUE,S13,164.3688201904297,0,44,136,0.5454545454545454,medium,1.3183207059328044,4191,4650,4658
348466.5,4315821.5,UPTA,Alnus incana,9.406353443656611,S19,9.789971023217428,0.38361757956081455,TRUE,Salix other,167.11587524414062,2.507999897003174,53,27,0.5849056603773585,medium,1.2920620137213652,3973,5038,4672
357046.5,4308323.5,UPTA,S20,9.362221446724922,S12,9.682439981706104,0.3202185349811817,TRUE,Salix other,150.30224609375,0,53,27,0.5849056603773585,medium,1.2860000177346465,3994,5038,4677
326094.5,4309110.5,CRBU,S20,8.506083116912725,S13,8.722047758658366,0.21596464174564112,TRUE,S13,142.81631469726562,0.1340000033378601,44,136,0.5454545454545454,medium,1.2823402788352851,4277,4650,4680
326619.5,4321623.5,CRBU,S13,8.48240179041685,S18,8.751076843235893,0.26867505281904336,TRUE,S13,165.37181091308594,0,44,136,0.5454545454545454,medium,1.278770184538707,4286,4650,4686
321445.5,4324524.5,CRBU,S22,8.353359924771432,S13,8.3690385337351465,0.01567860896371442,TRUE,S13,161.9236297607422,0,44,136,0.5454545454545454,medium,1.2593163913299203,4321,4650,4706
354997.5,4308887.5,UPTA,S20,9.141734607063896,S13,9.221408079989969,0.0796734729260713,TRUE,Salix other,157.19680786132812,0,53,27,0.5849056603773585,medium,1.2557138210955439,4059,5038,4710
358328.5,4306200.5,UPTA,S20,9.03265581779168,S12,9.368290997496556,0.33563517970487666,TRUE,Salix other,139.06991577148438,0,53,27,0.5849056603773585,medium,1.240730697086272,4092,5038,4723
324031.5,4312158.5,CRBU,S13,8.09467441917473,S20,8.372175370107058,0.2775009509323283,TRUE,S13,143.76953125,0,44,136,0.5454545454545454,medium,1.2203180840223002,4412,4650,4737
322118.5,4314023.5,CRBU,M04_Corydalis_caseana,8.079177388170976,S13,8.189158689655988,0.1099813014850124,TRUE,S13,145.63185119628906,0,44,136,0.5454545454545454,medium,1.2179818186948477,4413,4650,4739
317364.5,4298275.5,CRBU,S13,8.068906696554002,M04_Corydalis_caseana,8.113119391035713,0.04421269448171117,TRUE,S13,154.05580139160156,0,44,136,0.5454545454545454,medium,1.216433453675259,4419,4650,4741
322205.5,4312269.5,CRBU,S13,8.041255731015085,M02_Ligusticum_porteri,8.153418068445403,0.112162337430318,TRUE,S13,135.23873901367188,0,44,136,0.5454545454545454,medium,1.2122649137760029,4427,4650,4744
348538.5,4311740.5,UPTA,S13,8.719802775728976,M02_Ligusticum_porteri,8.906483601581753,0.18668082585277723,TRUE,Salix other,169.12747192382812,0,53,27,0.5849056603773585,medium,1.197757026795476,4201,5038,4755
355307.5,4307599.5,UPTA,S20,8.688921517255217,S13,8.71695499049691,0.02803347324169358,TRUE,Salix other,166.8825225830078,0.8399999737739563,53,27,0.5849056603773585,medium,1.1935151597160754,4207,5038,4760
317823.5,4308752.5,CRBU,S13,8.629439925797374,S12,8.855136999523522,0.2256970737261472,TRUE,Salix other,165.17193603515625,0,53,27,0.5849056603773585,medium,1.1853447347688606,4227,5038,4768
348088.5,4316986.5,UPTA,S21,68.27721451707173,M01_Veratrum_tenuipetalum,68.99530819475345,0.7180936776817219,TRUE,Juniperus sp.,153.9111328125,0,22,34,0.8181818181818182,ok,14.556751045805376,46,3631,101
323592.5,4317980.5,CRBU,S18,33.78289546652754,S23,34.589100082400684,0.806204615873142,TRUE,Juniperus sp.,172.35205078125,0,22,34,0.8181818181818182,ok,7.202537514030376,114,3631,544
361637.5,4310188.5,UPTA,S24,29.330504870629625,S22,29.761369931790018,0.4308650611603895,TRUE,S05,126.44123077392578,0,26,10,0.8076923076923077,ok,5.752185256879565,156,3937,879
323511.5,4317950.5,CRBU,S18,24.575242915781736,S23,24.79082192000356,0.21557900422182288,TRUE,Juniperus sp.,177.3447723388672,0,22,34,0.8181818181818182,ok,5.239459394257806,250,3631,1160
352616.5,4320152.5,UPTA,S24,24.297947070066627,S22,24.902995310249217,0.6050482401825867,TRUE,Juniperus sp.,149.58653259277344,0,22,34,0.8181818181818182,ok,5.18033972130891,261,3631,1194
333628.5,4308266.5,CRBU,M04_Corydalis_caseana,24.885495149839333,M01_Veratrum_tenuipetalum,24.887644979247145,0.00214982940780927,TRUE,S05,126.5598602294922,0,26,10,0.8076923076923077,ok,4.880447129786514,239,3937,1437
349670.5,4323323.5,UPTA,S18,21.54227873110458,S19,21.634341491937512,0.0920627608329312,TRUE,Juniperus sp.,177.31040954589844,0,22,34,0.8181818181818182,ok,4.592829257403727,361,3631,1740
345217.5,4296155.5,ALMO,M04_Corydalis_caseana,21.408416482750773,S15,21.48975688103129,0.08134039828051698,TRUE,Juniperus sp.,152.0300750732422,0,22,34,0.8181818181818182,ok,4.564289730161723,373,3631,1776
355313.5,4317725.5,UPTA,S20,24.69387698274501,S15,25.08467590224597,0.3907989195009556,TRUE,S20,145.3163299560547,0,31,66,0.8064516129032258,ok,4.435151233697943,248,4039,1941
326760.5,4322635.5,CRBU,S17,23.848455325923428,M03_Caltha_leptosepala,25.53675823825384,1.6883029123304103,TRUE,S19,183.9929962158203,0,31,352,0.6451612903225806,ok,4.283309021684526,277,4039,2139
326766.5,4322557.5,CRBU,S17,23.0961002109439,S20,23.43275658673931,0.3366563757954104,TRUE,S19,185.93463134765625,0,31,352,0.6451612903225806,ok,4.148182054027239,292,4039,2336
328958.5,4299989.5,CRBU,S18,18.9636120149066,S25,19.232284490239724,0.26867247533312266,TRUE,Juniperus sp.,155.7180938720703,0,22,34,0.8181818181818182,ok,4.043055666267948,747,3631,2487
319892.5,4322884.5,CRBU,S12,17.690836347206854,S19,17.71516776101324,0.02433141380638659,TRUE,Juniperus sp.,175.72743225097656,0,22,34,0.8181818181818182,ok,3.771698982154372,1096,3631,2848
345724.5,4314341.5,UPTA,S18,17.499342959040092,S15,18.083338161801095,0.583995202761006,TRUE,Juniperus sp.,159.33631896972656,0,22,34,0.8181818181818182,ok,3.7308724546198553,1150,3631,2899
344946.5,4295212.5,ALMO,S25,17.00181984122043,S09,17.404371551870664,0.4025517106502328,TRUE,Juniperus sp.,154.53648376464844,0,22,34,0.8181818181818182,ok,3.6248001694972265,1304,3631,3023
351934.5,4311602.5,UPTA,S17,19.823023846890933,S19,20.514137401696885,0.6911135548059519,TRUE,S19,166.073486328125,0,31,352,0.6451612903225806,ok,3.5603201851048074,560,4039,3078
355007.5,4306734.5,UPTA,S25,19.03833147544553,S19,19.52484190887192,0.486510433426389,TRUE,S19,162.44277954101562,0,31,352,0.6451612903225806,ok,3.41938527473325,731,4039,3233
326319.5,4322512.5,CRBU,S17,18.479077260839425,S18,18.550414944152227,0.07133768331280166,TRUE,S19,181.09011840820312,0,31,352,0.6451612903225806,ok,3.3189402526091736,889,4039,3332
355001.5,4308146.5,UPTA,S17,18.09309984958737,S20,18.431830051357004,0.3387302017696321,TRUE,S19,162.59007263183594,0,31,352,0.6451612903225806,ok,3.2496166630857357,990,4039,3389
356622.5,4307431.5,UPTA,S25,17.70847305309571,M04_Corydalis_caseana,18.06269306355424,0.35422001045853335,TRUE,S19,163.45701599121094,0,31,352,0.6451612903225806,ok,3.1805356511342597,1093,4039,3442
354547.5,4307479.5,UPTA,S25,17.61064099216321,S19,18.0375594147648,0.4269184226015916,TRUE,S19,168.08334350585938,0,31,352,0.6451612903225806,ok,3.1629644942825763,1118,4039,3457
321253.5,4318581.5,CRBU,S11,17.589001820853817,S18,17.743357917606556,0.1543560967527391,TRUE,S19,175.91934204101562,0,31,352,0.6451612903225806,ok,3.1590779843839436,1128,4039,3459
320859.5,4306389.5,CRBU,S02,17.421641538791842,S11,17.533563545089887,0.1119220062980446,TRUE,S19,170.25869750976562,0,31,352,0.6451612903225806,ok,3.1290191903769164,1175,4039,3486
344382.5,4283737.5,ALMO,S25,16.28797860770046,S06,16.824170009540726,0.5361914018402665,TRUE,S06,117.74581146240234,0,38,162,0.9210526315789472,ok,2.642259037088628,1514,4488,3829
344847.5,4280242.5,ALMO,S25,15.897561733458428,S06,16.53088482851968,0.6333230950612538,TRUE,S06,110.7110824584961,0,38,162,0.9210526315789472,ok,2.578925056915655,1625,4488,3869
353115.5,4309731.5,UPTA,M04_Corydalis_caseana,14.817052880379231,S19,14.863670906282124,0.04661802590289099,TRUE,Dasiphora fruticosa,159.13800048828125,0,34,16,0.8235294117647058,ok,2.5411036049667732,2000,4457,3887
326565.5,4305269.5,CRBU,S06,15.478452034483064,M04_Corydalis_caseana,15.827741883010695,0.34928984852763456,TRUE,S06,132.4993133544922,0,38,162,0.9210526315789472,ok,2.5109364859381857,1771,4488,3905
347847.5,4278845.5,ALMO,S06,15.1871523057503,S25,15.241200959909344,0.05404865415904325,TRUE,S06,112.44058227539062,0,38,162,0.9210526315789472,ok,2.463681429968151,1870,4488,3937
342625.5,4281341.5,ALMO,S04,12.453575054765707,S25,12.700864041305769,0.2472889865400596,TRUE,S05,113.5301742553711,0,26,10,0.8076923076923077,ok,2.4423470083939494,2906,3937,3955
336094.5,4308293.5,CRBU,S04,14.806686006292814,S25,15.10414039034542,0.29745438405260494,TRUE,S06,121.16771697998048,0,38,162,0.9210526315789472,ok,2.4019616461777953,2006,4488,3981
352808.5,4312590.5,UPTA,S20,13.975580802834246,M04_Corydalis_caseana,14.146474509522143,0.17089370668789883,TRUE,Dasiphora fruticosa,154.4518585205078,0,34,16,0.8235294117647058,ok,2.396792334230881,2332,4457,3987
326412.5,4307047.5,CRBU,S22,12.190147199043976,S05,12.688598311911424,0.49845111286744626,TRUE,S05,130.11216735839844,0,26,10,0.8076923076923077,ok,2.390684555442064,3008,3937,3990
334538.5,4304542.5,CRBU,S25,14.682105407086969,S06,15.021818146544277,0.3397127394573083,TRUE,S06,116.77165985107422,0,38,162,0.9210526315789472,ok,2.381752004329301,2050,4488,3996
335460.5,4309008.5,CRBU,S25,14.538290894639546,S04,14.889851218430737,0.3515603237911904,TRUE,S06,120.65966796875,0,38,162,0.9210526315789472,ok,2.3584222097408523,2109,4488,4008
350199.5,4287122.5,ALMO,S06,14.407789927622458,S04,14.533847577564368,0.1260576499419095,TRUE,S06,115.63150787353516,0,38,162,0.9210526315789472,ok,2.3372521574124017,2159,4488,4025
335715.5,4306878.5,CRBU,S25,14.373848637528742,S06,14.574635672677635,0.2007870351488954,TRUE,S06,110.41461944580078,0,38,162,0.9210526315789472,ok,2.3317461530983876,2169,4488,4032
348580.5,4320374.5,UPTA,S19,13.554026276120018,Salix planifolia,13.711767222224976,0.15774094610495837,TRUE,Dasiphora fruticosa,159.6449432373047,0,34,16,0.8235294117647058,ok,2.3244963293389707,2486,4457,4038
342304.5,4295089.5,ALMO,M04_Corydalis_caseana,13.499248163139267,Symphoricarpos rotundifolius,13.663852802783222,0.16460463964395444,TRUE,Dasiphora fruticosa,149.38485717773438,0,34,16,0.8235294117647058,ok,2.3151019604659955,2501,4457,4044
329490.5,4311032.5,CRBU,S12,14.089249334344052,S04,14.089532171073872,2.8283672981999075e-4,TRUE,S06,137.5472412109375,0,38,162,0.9210526315789472,ok,2.2855780496829423,2288,4488,4058
342424.5,4296068.5,ALMO,S19,13.322485922907688,M04_Corydalis_caseana,13.557663034975116,0.2351771120674293,TRUE,Dasiphora fruticosa,160.14315795898438,0,34,16,0.8235294117647058,ok,2.2847874863596593,2559,4457,4059
358151.5,4314275.5,UPTA,S25,11.62827213842516,M05_Osmorhiza_occidentalis,11.67862270905974,0.05035057063458126,TRUE,S05,127.70040893554688,0,26,10,0.8076923076923077,ok,2.280491790122969,3207,3937,4061
326637.5,4308575.5,CRBU,S12,12.324300699744024,S25,12.460173161863906,0.1358724621198828,TRUE,S20,134.49288940429688,0,31,66,0.8064516129032258,ok,2.213509749446319,2951,4039,4092
356262.5,4317635.5,UPTA,S20,12.251827876413437,S05,12.546125230476145,0.2942973540627083,TRUE,S20,147.918212890625,0,31,66,0.8064516129032258,ok,2.2004932461232958,2978,4039,4100
353151.5,4311662.5,UPTA,S20,12.169477549496804,S12,12.39931669480635,0.22983914530954583,TRUE,S20,141.10147094726562,0,31,66,0.8064516129032258,ok,2.1857026907854302,3018,4039,4110
317679.5,4302350.5,CRBU,M04_Corydalis_caseana,15.583180474663518,M01_Veratrum_tenuipetalum,15.733990297363874,0.15080982270035648,TRUE,S12,152.04974365234375,0,52,180,0.7307692307692307,ok,2.160998316777253,1737,4858,4122
356166.5,4321761.5,UPTA,S12,12.422791758993142,M04_Corydalis_caseana,12.56188819217017,0.13909643317702702,TRUE,Dasiphora fruticosa,168.8731231689453,0,34,16,0.8235294117647058,ok,2.1304912101873423,2914,4457,4137
320841.5,4299167.5,CRBU,S22,14.34453359995592,S24,14.386238000688662,0.04170440073274228,TRUE,Salix wolfii,144.1712646484375,0,46,72,0.6956521739130435,ok,2.1149860941071497,2186,4786,4144
351037.5,4316260.5,UPTA,S19,12.149423819736835,S25,12.303052292486456,0.153628472749622,TRUE,Dasiphora fruticosa,163.49508666992188,0,34,16,0.8235294117647058,ok,2.0836089953815624,3023,4457,4156
352571.5,4318170.5,UPTA,S26,12.034017321647998,Sambucus racemosa,12.146133772492083,0.11211645084408772,TRUE,Dasiphora fruticosa,138.74781799316406,0,34,16,0.8235294117647058,ok,2.0638169442430754,3069,4457,4169
321262.5,4323374.5,CRBU,S22,13.68953456756235,S24,13.77924254640157,0.0897079788392201,TRUE,Salix wolfii,158.5372772216797,0,46,72,0.6956521739130435,ok,2.0184117554914764,2441,4786,4194
349826.5,4321842.5,UPTA,Betula glandulosa,13.68132483907452,S19,13.737837072888428,0.05651223381390657,TRUE,Salix wolfii,168.35675048828125,0,46,72,0.6956521739130435,ok,2.0172012970637305,2445,4786,4195
317124.5,4298461.5,CRBU,S15,14.536119000167504,S12,14.545163257170106,0.00904425700260347,TRUE,S12,152.24520874023438,0,52,180,0.7307692307692307,ok,2.015797015436549,2110,4858,4196
347571.5,4282821.5,ALMO,S04,10.238245376921745,S25,10.583674850177372,0.34542947325562956,TRUE,S05,111.58625793457033,0,26,10,0.8076923076923077,ok,2.007885113918273,3705,3937,4201
352991.5,4283281.5,ALMO,S20,13.551437568686705,M05_Osmorhiza_occidentalis,13.659425599734222,0.10798803104751896,TRUE,Salix wolfii,143.06625366210938,0,46,72,0.6956521739130435,ok,1.998050463838131,2487,4786,4205
319784.5,4325464.5,CRBU,S18,13.96050182854408,S15,14.18207524755178,0.221573419007699,TRUE,S12,149.86172485351562,0,52,180,0.7307692307692307,ok,1.935973275924018,2336,4858,4236
319097.5,4307125.5,CRBU,S13,11.239489770582848,S11,11.249661192787212,0.01017142220436539,TRUE,Dasiphora fruticosa,170.3271942138672,0,34,16,0.8235294117647058,ok,1.9275565933786596,3360,4457,4240
357961.5,4312410.5,UPTA,S20,13.04201719034996,S25,13.082269149830251,0.04025195948029392,TRUE,Salix wolfii,139.36917114257812,0,46,72,0.6956521739130435,ok,1.9229405267509934,2685,4786,4241
334949.5,4312620.5,CRBU,M04_Corydalis_caseana,13.862281256982236,S12,14.25345999658956,0.39117873960732474,TRUE,S12,158.47210693359375,0,52,180,0.7307692307692307,ok,1.9223525333443405,2376,4858,4242
336586.5,4311251.5,CRBU,S12,13.816346292789737,S11,13.903228308346348,0.08688201555661301,TRUE,S12,144.6356201171875,0,52,180,0.7307692307692307,ok,1.915982499931546,2404,4858,4249
355496.5,4314026.5,UPTA,S25,12.987331921367351,M04_Corydalis_caseana,13.088152950185952,0.10082102881860068,TRUE,Salix wolfii,130.21539306640625,0,46,72,0.6956521739130435,ok,1.914877623719341,2713,4786,4250
349223.5,4315017.5,UPTA,Sambucus racemosa,11.160123315409493,S11,11.467781774027516,0.30765845861802354,TRUE,Dasiphora fruticosa,164.4767608642578,0,34,16,0.8235294117647058,ok,1.9139453586086528,3386,4457,4252
359328.5,4312074.5,UPTA,M04_Corydalis_caseana,12.951165975379189,S25,12.960668076952366,0.00950210157317954,TRUE,Salix wolfii,128.12599182128906,0,46,72,0.6956521739130435,ok,1.909545245896654,2725,4786,4258
317418.5,4298986.5,CRBU,S12,13.470683133776497,S11,13.53238134089679,0.06169820712029583,TRUE,S12,154.03726196289062,0,52,180,0.7307692307692307,ok,1.8680476443984269,2512,4858,4273
349094.5,4321728.5,UPTA,Betula glandulosa,12.663100931227827,M04_Corydalis_caseana,12.966391957883284,0.30329102665545804,TRUE,Salix wolfii,173.5099334716797,0,46,72,0.6956521739130435,ok,1.8670723722871303,2822,4786,4275
328742.5,4319035.5,CRBU,S19,12.502387279882385,S11,12.88952292519,0.387135645307616,TRUE,Salix wolfii,175.92152404785156,0,46,72,0.6956521739130435,ok,1.843376437151962,2884,4786,4282
328073.5,4319944.5,CRBU,S18,13.278892120558565,S11,13.93891061788636,0.6600184973277958,TRUE,S12,159.10427856445312,0,52,180,0.7307692307692307,ok,1.8414510162318714,2575,4858,4284
354904.5,4309023.5,UPTA,S20,10.109053688357726,S13,10.281997699263169,0.17294401090544298,TRUE,S20,153.94825744628906,0,31,66,0.8064516129032258,ok,1.8156396409023723,3744,4039,4292
330457.5,4316401.5,CRBU,S12,13.080517879382612,S13,13.376669014944808,0.2961511355621944,TRUE,S12,152.00267028808594,0,52,180,0.7307692307692307,ok,1.8139414586052882,2666,4858,4294
323337.5,4314284.5,CRBU,S12,13.078807453259168,S13,13.366989118454557,0.28818166519538835,TRUE,S12,156.4297332763672,0,52,180,0.7307692307692307,ok,1.8137042651787125,2668,4858,4295
329463.5,4316962.5,CRBU,S19,12.193019965578918,S18,12.399381020011496,0.2063610544325769,TRUE,Salix wolfii,158.98977661132812,0,46,72,0.6956521739130435,ok,1.797762715160672,3004,4786,4302
358337.5,4315248.5,UPTA,M05_Osmorhiza_occidentalis,9.979708116762318,S20,10.096161282743118,0.11645316598080058,TRUE,S20,135.10244750976562,0,31,66,0.8064516129032258,ok,1.7924084904501532,3796,4039,4304
323739.5,4313203.5,CRBU,S12,12.87205157538961,S15,13.07053198930479,0.19848041391517943,TRUE,S12,142.272705078125,0,52,180,0.7307692307692307,ok,1.7850323836724717,2755,4858,4306
342277.5,4287731.5,ALMO,S04,9.015354931569474,S05,9.097715921123752,0.08236098955427806,TRUE,S05,107.83126068115234,0,26,10,0.8076923076923077,ok,1.768056566078373,4103,3937,4317
356646.5,4311572.5,UPTA,S20,9.720566228126504,S14,9.72247592486847,0.00190969674196495,TRUE,S20,140.71286010742188,0,31,66,0.8064516129032258,ok,1.745865233273929,3881,4039,4330
324976.5,4318602.5,CRBU,M05_Osmorhiza_occidentalis,9.611389378886704,S13,9.634825881945272,0.02343650305856748,TRUE,S20,147.02145385742188,0,31,66,0.8064516129032258,ok,1.726256492291883,3916,4039,4347
329580.5,4308761.5,CRBU,S13,9.576075301680858,S12,9.602519498440596,0.02644419675973886,TRUE,S20,133.8708953857422,0,31,66,0.8064516129032258,ok,1.7199138967895302,3924,4039,4351
322979.5,4309926.5,CRBU,S20,9.401181205642605,S12,9.476205274485263,0.07502406884265866,TRUE,S20,141.1411895751953,0,31,66,0.8064516129032258,ok,1.68850198984788,3977,4039,4371
357538.5,4313572.5,UPTA,M04_Corydalis_caseana,8.562221818525972,M05_Osmorhiza_occidentalis,8.686925003925891,0.12470318539991963,TRUE,S05,132.30006408691406,0,26,10,0.8076923076923077,ok,1.6791898512451473,4252,3937,4375
324061.5,4310215.5,CRBU,S18,8.048558636346527,S11,8.143655730206289,0.09509709385976171,TRUE,S05,126.2094955444336,0,26,10,0.8076923076923077,ok,1.5784522131933338,4425,3937,4428
329037.5,4307488.5,CRBU,M05_Osmorhiza_occidentalis,7.851133315697247,S22,7.968056460911243,0.11692314521399629,TRUE,S05,123.46141815185548,0,26,10,0.8076923076923077,ok,1.5397339223291802,4485,3937,4460
