site_name,site_number
UU-1,2500
UU-2,2501
UU-3,2502
UU-4,2503
UU-5,2504
UU-6,2505
UU-7,2506
UU-8,2507
UU-9,2508
UU-10,2509
UU-11,2510
UU-12,2511
UU-13,2512
UU-14,2513
UU-15,2514
UU-16,2515
UU-17,2516
UU-18,2517
UU-19,2518
UU-20,2519
LT-1,2520
LT-2,2521
LT-3,2522
LT-4,2523
LT-5,2524
LT-6,2525
LT-7,2526
LT-8,2527
LT-9,2528
LT-10,2529
LT-11,2530
LT-12,2531
LT-13,2532
LT-14,2533
LT-15,2534
LT-16,2535
LT-17,2536
LT-18,2537
LT-19,2538
LT-20,2539
ER-1,2540
ER-2,2541
ER-3,2542
ER-4,2543
ER-5,2544
ER-6,2545
ER-7,2546
ER-8,2547
ER-9,2548
ER-10,2549
ER-11,2550
ER-12,2551
ER-13,2552
ER-14,2553
ER-15,2554
ER-16,2555
ER-17,2556
ER-18,2557
ER-19,2558
ER-20,2559
SH-1,2560
SH-2,2561
SH-3,2562
SH-4,2563
SH-5,2564
SH-6,2565
SH-7,2566
SH-8,2567
SH-9,2568
SH-10,2569
SH-11,2570
SH-12,2571
SH-13,2572
SH-14,2573
SH-15,2574
SH-16,2575
SH-17,2576
SH-18,2577
SH-19,2578
SH-20,2579
TT-1,2580
TT-2,2581
TT-3,2582
TT-4,2583
TT-5,2584
TT-6,2585
TT-7,2586
TT-8,2587
TT-9,2588
TT-10,2589
TT-11,2590
TT-12,2591
TT-13,2592
TT-14,2593
TT-15,2594
TT-16,2595
TT-17,2596
TT-18,2597
TT-19,2598
TT-20,2599
EM-1,2600
EM-2,2601
EM-3,2602
EM-4,2603
EM-5,2604
EM-6,2605
EM-7,2606
EM-8,2607
EM-9,2608
EM-10,2609
SN-1,2610
SN-2,2611
SN-3,2612
SN-4,2613
SN-5,2614
SN-6,2615
SN-7,2616
SN-8,2617
SN-9,2618
SN-10,2619
SN-11,2620
SN-12,2621
SN-13,2622
SN-14,2623
SN-15,2624
SN-16,2625
SN-17,2626
SN-18,2627
SN-19,2628
SN-20,2629
SR-1,2630
SR-2,2631
SR-3,2632
SR-4,2633
SR-5,2634
SR-6,2635
SR-7,2636
SR-8,2637
SR-9,2638
SR-10,2639
SR-11,2640
SR-12,2641
SR-13,2642
SR-14,2643
SR-15,2644
SR-16,2645
SR-17,2646
SR-18,2647
SR-19,2648
SR-20,2649
DC-1,2650
DC-2,2651
DC-3,2652
DC-4,2653
DC-5,2654
DC-6,2655
DC-7,2656
DC-8,2657
DC-9,2658
DC-10,2659
DC-11,2660
DC-12,2661
DC-13,2662
DC-14,2663
DC-15,2664
JF-1,2665
JF-2,2666
JF-3,2667
JF-4,2668
JF-5,2669
JF-6,2670
JF-7,2671
JF-8,2672
JF-9,2673
JF-10,2674
JF-11,2675
JF-12,2676
RG-1,2677
RG-2,2678
RG-3,2679
RG-4,2680
RG-5,2681
RG-6,2682
RG-7,2683
RG-8,2684
RG-9,2685
RG-10,2686
RG-11,2687
RG-12,2688
RG-13,2689
RG-14,2690
RG-15,2691
SB-1,2692
SB-2,2693
SB-3,2694
SB-4,2695
SB-5,2696
SB-6,2697
SB-7,2698
SB-8,2699
SB-9,2700
SB-10,2701
SB-11,2702
SB-12,2703
SB-13,2704
SB-14,2705
SB-15,2706
BV-1,2707
BV-2,2708
BV-3,2709
BV-4,2710
BV-5,2711
BV-6,2712
BV-7,2713
BV-8,2714
BV-9,2715
BV-10,2716
BV-11,2717
BV-12,2718
BV-13,2719
BV-14,2720
BV-15,2721
PB-1,2722
PB-2,2723
PB-3,2724
PB-4,2725
PB-5,2726
PB-6,2727
PB-7,2728
PB-8,2729
PB-9,2730
PB-10,2731
VB-1,2732
VB-2,2733
VB-3,2734
VB-4,2735
VB-5,2736
